alpha,alpha_t,ell,withhold,withhold_ci,withhold_theory,ell_star
0.2,0.05,1,0.324893,0.00306685,0.326662,9
0.2,0.05,2,0.447053,0.00421133,0.44441,9
0.2,0.05,3,0.556393,0.00491205,0.553873,9
0.2,0.05,4,0.65766,0.0038345,0.655634,9
0.2,0.05,5,0.74786,0.00371033,0.750233,9
0.2,0.05,6,0.83394,0.00439871,0.838176,9
0.2,0.05,7,0.91968,0.00353118,0.919931,9
0.2,0.05,8,0.997833,0.00518568,0.995933,9
0.2,0.05,9,1.06648,0.00424557,1.06659,9
0.2,0.05,10,1.13448,0.00516501,1.13227,9
0.2,0.1,1,0.421253,0.00463245,0.42159,6
0.2,0.1,2,0.615793,0.00391944,0.615901,6
0.2,0.1,3,0.78636,0.00434275,0.786292,6
0.2,0.1,4,0.934473,0.00408052,0.935706,6
0.2,0.1,5,1.06358,0.00564917,1.06673,6
0.2,0.1,6,1.18168,0.00454164,1.18162,6
0.2,0.1,7,1.28465,0.00559938,1.28237,6
0.2,0.1,8,1.37555,0.00432553,1.37071,6
0.2,0.1,9,1.45199,0.00394958,1.44818,6
0.2,0.1,10,1.51897,0.00427703,1.51611,6
0.2,0.15,1,0.498,0.00382536,0.497273,5
0.2,0.15,2,0.74404,0.00364648,0.74545,5
0.2,0.15,3,0.948753,0.00448726,0.952641,5
0.2,0.15,4,1.12643,0.00431792,1.12561,5
0.2,0.15,5,1.27308,0.00443042,1.27002,5
0.2,0.15,6,1.39099,0.00320408,1.39058,5
0.2,0.15,7,1.48859,0.00472462,1.49122,5
0.2,0.15,8,1.57623,0.00413018,1.57525,5
0.2,0.15,9,1.64537,0.00378886,1.6454,5
0.2,0.15,10,1.70107,0.00390959,1.70396,5
0.25,0.05,1,0.393153,0.00354482,0.391993,8
0.25,0.05,2,0.526673,0.00336695,0.522465,8
0.25,0.05,3,0.646473,0.00394181,0.64235,8
0.25,0.05,4,0.750293,0.0045533,0.752508,8
0.25,0.05,5,0.853453,0.00366106,0.853728,8
0.25,0.05,6,0.948,0.00556115,0.946736,8
0.25,0.05,7,1.03253,0.00411727,1.0322,8
0.25,0.05,8,1.11198,0.00457376,1.11072,8
0.25,0.05,9,1.18625,0.00462192,1.18288,8
0.25,0.05,10,1.25009,0.00566451,1.24918,8
0.25,0.1,1,0.489913,0.00383448,0.492782,5
0.25,0.1,2,0.704493,0.0034957,0.701883,5
0.25,0.1,3,0.885453,0.00443378,0.881974,5
0.25,0.1,4,1.03795,0.00524797,1.03708,5
0.25,0.1,5,1.16982,0.00322597,1.17067,5
0.25,0.1,6,1.28735,0.00487648,1.28573,5
0.25,0.1,7,1.38269,0.00506955,1.38482,5
0.25,0.1,8,1.47279,0.00454212,1.47016,5
0.25,0.1,9,1.54386,0.0050497,1.54367,5
0.25,0.1,10,1.60465,0.00356464,1.60698,5
0.25,0.15,1,0.572927,0.00546912,0.570775,4
0.25,0.15,2,0.834667,0.00409792,0.832752,4
0.25,0.15,3,1.04573,0.00412705,1.04671,4
0.25,0.15,4,1.22401,0.00392076,1.22145,4
0.25,0.15,5,1.36596,0.00499845,1.36416,4
0.25,0.15,6,1.48027,0.00354754,1.48071,4
0.25,0.15,7,1.57458,0.00361769,1.57589,4
0.25,0.15,8,1.65598,0.00470919,1.65363,4
0.25,0.15,9,1.71879,0.00343251,1.71712,4
0.25,0.15,10,1.76774,0.00381386,1.76897,4
0.25,0.2,1,0.634807,0.00442562,0.634203,4
0.25,0.2,2,0.934007,0.00649581,0.934056,4
0.25,0.2,3,1.16507,0.00497532,1.16808,4
0.25,0.2,4,1.35037,0.00404436,1.35072,4
0.25,0.2,5,1.49464,0.00354241,1.49327,4
0.25,0.2,6,1.60359,0.00430932,1.60452,4
0.25,0.2,7,1.69347,0.00267816,1.69134,4
0.25,0.2,8,1.75844,0.0034517,1.75911,4
0.25,0.2,9,1.81455,0.00241191,1.81199,4
0.25,0.2,10,1.85493,0.00269467,1.85327,4
0.3,0.05,1,0.463813,0.00405932,0.462257,6
0.3,0.05,2,0.607047,0.00413987,0.609027,6
0.3,0.05,3,0.745593,0.00345636,0.741788,6
0.3,0.05,4,0.865087,0.00495238,0.861879,6
0.3,0.05,5,0.970447,0.00448762,0.970507,6
0.3,0.05,6,1.06956,0.0050311,1.06877,6
0.3,0.05,7,1.16351,0.00437187,1.15765,6
0.3,0.05,8,1.23893,0.00463913,1.23805,6
0.3,0.05,9,1.30991,0.00505213,1.31077,6
0.3,0.05,10,1.38017,0.00382153,1.37655,6
0.3,0.1,1,0.5686,0.00416541,0.569131,4
0.3,0.1,2,0.797007,0.00409318,0.795655,4
0.3,0.1,3,0.9879,0.00447307,0.986318,4
0.3,0.1,4,1.14691,0.00505056,1.1468,4
0.3,0.1,5,1.28249,0.00411334,1.28187,4
0.3,0.1,6,1.39577,0.00493079,1.39556,4
0.3,0.1,7,1.48807,0.00371615,1.49125,4
0.3,0.1,8,1.5717,0.00452232,1.57179,4
0.3,0.1,9,1.64011,0.00347731,1.63958,4
0.3,0.1,10,1.69548,0.00336931,1.69664,4
0.3,0.15,1,0.64616,0.00502193,0.648938,4
0.3,0.15,2,0.925067,0.00378322,0.926254,4
0.3,0.15,3,1.1447,0.00433629,1.14665,4
0.3,0.15,4,1.32377,0.00382675,1.32181,4
0.3,0.15,5,1.46451,0.00391124,1.46101,4
0.3,0.15,6,1.57011,0.00364218,1.57164,4
0.3,0.15,7,1.66055,0.00337005,1.65957,4
0.3,0.15,8,1.72996,0.00310148,1.72944,4
0.3,0.15,9,1.78667,0.00359315,1.78498,4
0.3,0.15,10,1.82921,0.00328802,1.82911,4
0.3,0.2,1,0.712573,0.0044457,0.712489,3
0.3,0.2,2,1.02322,0.00402854,1.02489,3
0.3,0.2,3,1.26306,0.00378396,1.26149,3
0.3,0.2,4,1.43929,0.00484005,1.44068,3
0.3,0.2,5,1.5772,0.00389591,1.5764,3
0.3,0.2,6,1.67757,0.00340615,1.67918,3
0.3,0.2,7,1.75696,0.00345518,1.75702,3
0.3,0.2,8,1.81535,0.00187808,1.81598,3
0.3,0.2,9,1.85985,0.00239132,1.86063,3
0.3,0.2,10,1.89286,0.00222934,1.89445,3
0.3,0.25,1,0.762767,0.00443478,0.765151,3
0.3,0.25,2,1.10255,0.00416867,1.10303,3
0.3,0.25,3,1.35058,0.00468814,1.34846,3
0.3,0.25,4,1.52753,0.0051747,1.52673,3
0.3,0.25,5,1.65609,0.00292439,1.65623,3
0.3,0.25,6,1.75103,0.00305666,1.75029,3
0.3,0.25,7,1.81685,0.00321718,1.81861,3
0.3,0.25,8,1.86379,0.00275585,1.86824,3
0.3,0.25,9,1.90401,0.00212063,1.9043,3
0.3,0.25,10,1.92974,0.00151088,1.93048,3
0.35,0.05,1,0.53956,0.00342803,0.539864,5
0.35,0.05,2,0.711253,0.00323393,0.707881,5
0.35,0.05,3,0.85726,0.00395294,0.856564,5
0.35,0.05,4,0.989167,0.00490833,0.988139,5
0.35,0.05,5,1.10569,0.00489123,1.10457,5
0.35,0.05,6,1.21003,0.00477843,1.20761,5
0.35,0.05,7,1.29793,0.00524724,1.29879,5
0.35,0.05,8,1.37861,0.00435978,1.37948,5
0.35,0.05,9,1.44713,0.00470702,1.45088,5
0.35,0.05,10,1.51467,0.00379041,1.51407,5
0.35,0.1,1,0.65334,0.00439023,0.652306,3
0.35,0.1,2,0.896147,0.00420533,0.899225,3
0.35,0.1,3,1.1024,0.00444023,1.1009,3
0.35,0.1,4,1.26826,0.00369961,1.26563,3
0.35,0.1,5,1.40159,0.004676,1.40018,3
0.35,0.1,6,1.51225,0.00338799,1.51008,3
0.35,0.1,7,1.59973,0.00364953,1.59984,3
0.35,0.1,8,1.67757,0.00417185,1.67315,3
0.35,0.1,9,1.7323,0.00285243,1.73304,3
0.35,0.1,10,1.78436,0.00281814,1.78195,3
0.35,0.15,1,0.732873,0.00467585,0.732884,3
0.35,0.15,2,1.02848,0.00391218,1.02692,3
0.35,0.15,3,1.25441,0.00493637,1.25272,3
0.35,0.15,4,1.42845,0.00459077,1.42613,3
0.35,0.15,5,1.55969,0.00269403,1.5593,3
0.35,0.15,6,1.65982,0.0037487,1.66156,3
0.35,0.15,7,1.7375,0.00409501,1.7401,3
0.35,0.15,8,1.80108,0.00355233,1.80041,3
0.35,0.15,9,1.84775,0.00203168,1.84672,3
0.35,0.15,10,1.8814,0.00211842,1.88229,3
0.35,0.2,1,0.793293,0.00325325,0.795637,3
0.35,0.2,2,1.11835,0.00558197,1.12092,3
0.35,0.2,3,1.35682,0.00384486,1.35834,3
0.35,0.2,4,1.53321,0.00401139,1.53164,3
0.35,0.2,5,1.66113,0.00326776,1.65814,3
0.35,0.2,6,1.75014,0.00326785,1.75047,3
0.35,0.2,7,1.81838,0.0027368,1.81786,3
0.35,0.2,8,1.86835,0.00239691,1.86706,3
0.35,0.2,9,1.90278,0.00231959,1.90296,3
0.35,0.2,10,1.93017,0.00164751,1.92917,3
0.35,0.25,1,0.84862,0.00441555,0.846918,3
0.35,0.25,2,1.1885,0.00455074,1.19418,3
0.35,0.25,3,1.43846,0.00344426,1.43687,3
0.35,0.25,4,1.607,0.00397468,1.60646,3
0.35,0.25,5,1.72211,0.00302924,1.72498,3
0.35,0.25,6,1.80612,0.00263254,1.80781,3
0.35,0.25,7,1.86595,0.00294811,1.86569,3
0.35,0.25,8,1.90757,0.00206703,1.90614,3
0.35,0.25,9,1.93339,0.00134071,1.93441,3
0.35,0.25,10,1.95427,0.0016174,1.95416,3
0.35,0.3,1,0.892487,0.00404527,0.890175,3
0.35,0.3,2,1.25461,0.00567119,1.25351,3
0.35,0.3,3,1.49869,0.00435783,1.49789,3
0.35,0.3,4,1.66181,0.00334695,1.66227,3
0.35,0.3,5,1.77068,0.00265166,1.77284,3
0.35,0.3,6,1.84561,0.0029971,1.84721,3
0.35,0.3,7,1.89761,0.00221062,1.89723,3
0.35,0.3,8,1.93009,0.00201936,1.93087,3
0.35,0.3,9,1.95308,0.00132149,1.9535,3
0.35,0.3,10,1.96843,0.000825072,1.96873,3
0.4,0.05,1,0.629467,0.00325594,0.628571,4
0.4,0.05,2,0.827867,0.00404984,0.82449,4
0.4,0.05,3,0.993853,0.00484549,0.99242,4
0.4,0.05,4,1.13514,0.00421155,1.13636,4
0.4,0.05,5,1.25958,0.00507134,1.25974,4
0.4,0.05,6,1.35777,0.00286258,1.36549,4
0.4,0.05,7,1.4561,0.00473483,1.45613,4
0.4,0.05,8,1.53169,0.0036664,1.53383,4
0.4,0.05,9,1.60223,0.00303974,1.60042,4
0.4,0.05,10,1.65609,0.00322999,1.65751,4
0.4,0.1,1,0.743207,0.00425375,0.744401,3
0.4,0.1,2,1.01493,0.0051622,1.01467,3
0.4,0.1,3,1.22399,0.00499942,1.22676,3
0.4,0.1,4,1.39232,0.0042774,1.3932,3
0.4,0.1,5,1.52279,0.00420753,1.52382,3
0.4,0.1,6,1.62679,0.00346345,1.62631,3
0.4,0.1,7,1.7085,0.0038187,1.70675,3
0.4,0.1,8,1.76819,0.00282831,1.76987,3
0.4,0.1,9,1.822,0.00313465,1.81941,3
0.4,0.1,10,1.85921,0.0030832,1.85828,3
0.4,0.15,1,0.824233,0.00399949,0.823858,3
0.4,0.15,2,1.13542,0.00499756,1.13543,3
0.4,0.15,3,1.36267,0.00462903,1.36446,3
0.4,0.15,4,1.53217,0.00480593,1.53283,3
0.4,0.15,5,1.65473,0.00412837,1.65658,3
0.4,0.15,6,1.74687,0.00278365,1.74756,3
0.4,0.15,7,1.81409,0.00331451,1.81443,3
0.4,0.15,8,1.86263,0.00233237,1.86359,3
0.4,0.15,9,1.89871,0.00244188,1.89973,3
0.4,0.15,10,1.92763,0.00164862,1.92629,3
0.4,0.2,1,0.882133,0.00458687,0.884441,2
0.4,0.2,2,1.2256,0.00521136,1.22221,2
0.4,0.2,3,1.45741,0.00387297,1.4577,2
0.4,0.2,4,1.62045,0.00337864,1.6219,2
0.4,0.2,5,1.73247,0.00353712,1.73638,2
0.4,0.2,6,1.81681,0.00236779,1.8162,2
0.4,0.2,7,1.87373,0.00261624,1.87185,2
0.4,0.2,8,1.90891,0.00148536,1.91065,2
0.4,0.2,9,1.93696,0.00191675,1.9377,2
0.4,0.2,10,1.95759,0.00147627,1.95656,2
0.4,0.25,1,0.933927,0.00512708,0.933333,2
0.4,0.25,2,1.29036,0.00450552,1.28889,2
0.4,0.25,3,1.52587,0.00244445,1.52593,2
0.4,0.25,4,1.68176,0.00378896,1.68395,2
0.4,0.25,5,1.78694,0.00257725,1.7893,2
0.4,0.25,6,1.86146,0.00280002,1.85953,2
0.4,0.25,7,1.90811,0.00185716,1.90636,2
0.4,0.25,8,1.93757,0.00165883,1.93757,2
0.4,0.25,9,1.95767,0.00151557,1.95838,2
0.4,0.25,10,1.97138,0.00127672,1.97225,2
0.4,0.3,1,0.97686,0.00499787,0.974238,2
0.4,0.3,2,1.33952,0.0038889,1.34238,2
0.4,0.3,3,1.58085,0.00269102,1.5784,2
0.4,0.3,4,1.73113,0.00332456,1.72971,2
0.4,0.3,5,1.82853,0.00292879,1.82672,2
0.4,0.3,6,1.88827,0.00199435,1.88891,2
0.4,0.3,7,1.92832,0.00178884,1.92878,2
0.4,0.3,8,1.95713,0.00141004,1.95434,2
0.4,0.3,9,1.97027,0.00119529,1.97073,2
0.4,0.3,10,1.98122,0.000804536,1.98123,2
0.4,0.35,1,1.01229,0.00500503,1.00933,2
0.4,0.35,2,1.38659,0.00428498,1.38661,2
0.4,0.35,3,1.62013,0.00296325,1.62021,2
0.4,0.35,4,1.76545,0.00351596,1.76484,2
0.4,0.35,5,1.85179,0.00226578,1.8544,2
0.4,0.35,6,1.91042,0.00228877,1.90985,2
0.4,0.35,7,1.94431,0.00148226,1.94418,2
0.4,0.35,8,1.9655,0.00108471,1.96544,2
0.4,0.35,9,1.97861,0.00101727,1.9786,2
0.4,0.35,10,1.98681,0.000647399,1.98675,2
0.45,0.05,1,0.73426,0.00327637,0.73367,3
0.45,0.05,2,0.963473,0.00510952,0.965424,3
0.45,0.05,3,1.15454,0.00330926,1.15476,3
0.45,0.05,4,1.31054,0.00361387,1.30945,3
0.45,0.05,5,1.43507,0.00368258,1.43583,3
0.45,0.05,6,1.53918,0.00304591,1.53908,3
0.45,0.05,7,1.62471,0.00275958,1.62344,3
0.45,0.05,8,1.69182,0.00329016,1.69235,3
0.45,0.05,9,1.74867,0.00328532,1.74866,3
0.45,0.05,10,1.79355,0.00256891,1.79465,3
0.45,0.1,1,0.84704,0.00389597,0.847648,2
0.45,0.1,2,1.14051,0.00495794,1.14328,2
0.45,0.1,3,1.35848,0.004418,1.36307,2
0.45,0.1,4,1.52714,0.00405537,1.52647,2
0.45,0.1,5,1.64639,0.00386822,1.64795,2
0.45,0.1,6,1.74021,0.00343986,1.73827,2
0.45,0.1,7,1.80539,0.00314758,1.80542,2
0.45,0.1,8,1.85429,0.00217305,1.85534,2
0.45,0.1,9,1.89102,0.00216928,1.89245,2
0.45,0.1,10,1.92149,0.00170773,1.92004,2
0.45,0.15,1,0.923247,0.00353254,0.922996,2
0.45,0.15,2,1.25317,0.00391021,1.25165,2
0.45,0.15,3,1.4797,0.00428442,1.48002,2
0.45,0.15,4,1.63416,0.00315495,1.63869,2
0.45,0.15,5,1.7473,0.00318156,1.74895,2
0.45,0.15,6,1.82559,0.00276822,1.82556,2
0.45,0.15,7,1.87963,0.00238709,1.87879,2
0.45,0.15,8,1.91527,0.00223995,1.91578,2
0.45,0.15,9,1.94029,0.00137122,1.94148,2
0.45,0.15,10,1.95845,0.00140167,1.95934,2
0.45,0.2,1,0.979247,0.00411046,0.979543,2
0.45,0.2,2,1.32906,0.00339176,1.32817,2
0.45,0.2,3,1.56063,0.00448439,1.5577,2
0.45,0.2,4,1.70788,0.00357196,1.70881,2
0.45,0.2,5,1.81045,0.00272455,1.80829,2
0.45,0.2,6,1.87364,0.00249962,1.87379,2
0.45,0.2,7,1.91937,0.00164228,1.91691,2
0.45,0.2,8,1.94469,0.00138875,1.94529,2
0.45,0.2,9,1.96394,0.00111591,1.96398,2
0.45,0.2,10,1.97621,0.000803247,1.97629,2
0.45,0.25,1,1.02691,0.00552046,1.02478,2
0.45,0.25,2,1.38574,0.00488449,1.38642,2
0.45,0.25,3,1.61261,0.0029881,1.61395,2
0.45,0.25,4,1.75316,0.00310518,1.75711,2
0.45,0.25,5,1.84655,0.00307386,1.84718,2
0.45,0.25,6,1.90248,0.00176058,1.90385,2
0.45,0.25,7,1.93878,0.00149113,1.93951,2
0.45,0.25,8,1.96275,0.00109248,1.96194,2
0.45,0.25,9,1.97607,0.000877814,1.97605,2
0.45,0.25,10,1.98469,0.000676549,1.98493,2
0.45,0.3,1,1.06547,0.00424572,1.06243,2
0.45,0.3,2,1.43266,0.00446922,1.43288,2
0.45,0.3,3,1.65577,0.00362069,1.65696,2
0.45,0.3,4,1.79143,0.00245738,1.7925,2
0.45,0.3,5,1.87421,0.00299993,1.87449,2
0.45,0.3,6,1.92327,0.00192247,1.92408,2
0.45,0.3,7,1.95405,0.00131066,1.95408,2
0.45,0.3,8,1.97234,0.00106754,1.97222,2
0.45,0.3,9,1.98314,0.000733521,1.9832,2
0.45,0.3,10,1.98997,0.000580543,1.98984,2
0.45,0.35,1,1.09335,0.00371109,1.09461,2
0.45,0.35,2,1.4675,0.00398975,1.47115,2
0.45,0.35,3,1.68919,0.00430169,1.69109,2
0.45,0.35,4,1.82165,0.00279715,1.81956,2
0.45,0.35,5,1.89356,0.00265178,1.8946,2
0.45,0.35,6,1.93853,0.00216104,1.93843,2
0.45,0.35,7,1.96424,0.000997444,1.96404,2
0.45,0.35,8,1.97956,0.000848359,1.97899,2
0.45,0.35,9,1.98799,0.000785111,1.98773,2
0.45,0.35,10,1.99308,0.000558688,1.99283,2
0.45,0.4,1,1.12583,0.0035775,1.12267,2
0.45,0.4,2,1.50459,0.0044331,1.50342,2
0.45,0.4,3,1.7202,0.00377891,1.71892,2
0.45,0.4,4,1.84305,0.00259663,1.84091,2
0.45,0.4,5,1.91203,0.00167399,1.90995,2
0.45,0.4,6,1.94845,0.000930101,1.94903,2
0.45,0.4,7,1.97169,0.000899753,1.97115,2
0.45,0.4,8,1.98357,0.000812561,1.98367,2
0.45,0.4,9,1.99089,0.000672871,1.99076,2
0.45,0.4,10,1.99437,0.000473892,1.99477,2
0.5,0.05,1,0.85936,0.00469808,0.86038,2
0.5,0.05,2,1.13817,0.00414611,1.13418,2
0.5,0.05,3,1.34195,0.00485881,1.34219,2
0.5,0.05,4,1.5,0.00444822,1.50023,2
0.5,0.05,5,1.62168,0.0032126,1.6203,2
0.5,0.05,6,1.71017,0.00337273,1.71153,2
0.5,0.05,7,1.78199,0.00259091,1.78083,2
0.5,0.05,8,1.83497,0.00228025,1.83349,2
0.5,0.05,9,1.87403,0.00218254,1.87349,2
0.5,0.05,10,1.90571,0.00233123,1.90389,2
0.5,0.1,1,0.963467,0.0030972,0.963525,2
0.5,0.1,2,1.28169,0.00414716,1.28381,2
0.5,0.1,3,1.50665,0.00413232,1.50513,2
0.5,0.1,4,1.66067,0.00412759,1.65805,2
0.5,0.1,5,1.76255,0.00270843,1.76372,2
0.5,0.1,6,1.8348,0.00236906,1.83673,2
0.5,0.1,7,1.88749,0.00185392,1.88719,2
0.5,0.1,8,1.92237,0.00177402,1.92205,2
0.5,0.1,9,1.94557,0.00128615,1.94614,2
0.5,0.1,10,1.96266,0.00129537,1.96278,2
0.5,0.15,1,1.03179,0.00362336,1.03083,2
0.5,0.15,2,1.37327,0.003348,1.37381,2
0.5,0.15,3,1.59673,0.00364551,1.59541,2
0.5,0.15,4,1.73803,0.00314498,1.73859,2
0.5,0.15,5,1.83244,0.00230523,1.8311,2
0.5,0.15,6,1.89073,0.00268987,1.89087,2
0.5,0.15,7,1.93089,0.00169745,1.92949,2
0.5,0.15,8,1.95425,0.00140886,1.95444,2
0.5,0.15,9,1.97091,0.00111267,1.97057,2
0.5,0.15,10,1.98078,0.000979026,1.98098,2
0.5,0.2,1,1.08049,0.00451767,1.08114,2
0.5,0.2,2,1.43629,0.00468224,1.43713,2
0.5,0.2,3,1.6558,0.00386496,1.6552,2
0.5,0.2,4,1.78876,0.00350406,1.78878,2
0.5,0.2,5,1.87127,0.00259748,1.87061,2
0.5,0.2,6,1.9209,0.00181756,1.92074,2
0.5,0.2,7,1.95197,0.00141958,1.95145,2
0.5,0.2,8,1.97131,0.00128587,1.97026,2
0.5,0.2,9,1.98201,0.000868133,1.98178,2
0.5,0.2,10,1.98809,0.000640887,1.98884,2
0.5,0.25,1,1.11981,0.00460777,1.12132,2
0.5,0.25,2,1.48531,0.00327376,1.48528,2
0.5,0.25,3,1.69967,0.00319063,1.69848,2
0.5,0.25,4,1.82316,0.00226309,1.82338,2
0.5,0.25,5,1.89773,0.00162318,1.89654,2
0.5,0.25,6,1.94028,0.00134939,1.93939,2
0.5,0.25,7,1.96375,0.00105062,1.9645,2
0.5,0.25,8,1.97938,0.000930939,1.9792,2
0.5,0.25,9,1.98762,0.00092923,1.98782,2
0.5,0.25,10,1.99277,0.000515658,1.99286,2
0.5,0.3,1,1.15244,0.00408791,1.15474,2
0.5,0.3,2,1.52302,0.00369637,1.52369,2
0.5,0.3,3,1.73457,0.0026824,1.73159,2
0.5,0.3,4,1.84921,0.00273978,1.84875,2
0.5,0.3,5,1.91382,0.00231372,1.91477,2
0.5,0.3,6,1.95128,0.0011002,1.95197,2
0.5,0.3,7,1.97265,0.00120371,1.97294,2
0.5,0.3,8,1.98446,0.000690609,1.98475,2
0.5,0.3,9,1.99137,0.000682876,1.99141,2
0.5,0.3,10,1.99507,0.000481563,1.99516,2
0.5,0.35,1,1.18303,0.00397841,1.1833,2
0.5,0.35,2,1.55637,0.00394404,1.55533,2
0.5,0.35,3,1.75773,0.00271223,1.75789,2
0.5,0.35,4,1.86955,0.00224737,1.86818,2
0.5,0.35,5,1.92757,0.0013515,1.92823,2
0.5,0.35,6,1.96081,0.00169217,1.96092,2
0.5,0.35,7,1.97769,0.00101661,1.97872,2
0.5,0.35,8,1.98844,0.000533724,1.98842,2
0.5,0.35,9,1.99399,0.000590318,1.99369,2
0.5,0.35,10,1.99677,0.000257521,1.99657,2
0.5,0.4,1,1.20795,0.0045742,1.2082,2
0.5,0.4,2,1.58122,0.0035035,1.58204,2
0.5,0.4,3,1.78093,0.00283052,1.77937,2
0.5,0.4,4,1.88307,0.00233083,1.88354,2
0.5,0.4,5,1.9388,0.00165865,1.93852,2
0.5,0.4,6,1.96774,0.00101669,1.96755,2
0.5,0.4,7,1.98313,0.000638333,1.98287,2
0.5,0.4,8,1.99105,0.000633388,1.99096,2
0.5,0.4,9,1.99506,0.000449962,1.99523,2
0.5,0.4,10,1.99758,0.000282144,1.99748,2
0.5,0.45,1,1.22985,0.00442898,1.23025,2
0.5,0.45,2,1.60547,0.00244835,1.60499,2
0.5,0.45,3,1.79637,0.00251109,1.79729,2
0.5,0.45,4,1.89395,0.00240918,1.89598,2
0.5,0.45,5,1.94595,0.00129412,1.94662,2
0.5,0.45,6,1.97258,0.0012019,1.97261,2
0.5,0.45,7,1.98609,0.000716858,1.98594,2
0.5,0.45,8,1.99289,0.000530166,1.99279,2
0.5,0.45,9,1.99623,0.000417203,1.9963,2
0.5,0.45,10,1.99833,0.000271932,1.9981,2
0.55,0.05,1,1.00753,0.00440382,1.00853,2
0.55,0.05,2,1.32345,0.00487,1.32206,2
0.55,0.05,3,1.53903,0.00469794,1.53644,2
0.55,0.05,4,1.68177,0.00233172,1.68303,2
0.55,0.05,5,1.78331,0.0027682,1.78327,2
0.55,0.05,6,1.85346,0.00236728,1.8518,2
0.55,0.05,7,1.90044,0.00264144,1.89867,2
0.55,0.05,8,1.93052,0.00177884,1.93071,2
0.55,0.05,9,1.9529,0.00119489,1.95262,2
0.55,0.05,10,1.96639,0.00100029,1.9676,2
0.55,0.1,1,1.08763,0.00357984,1.09116,2
0.55,0.1,2,1.43199,0.0044555,1.43035,2
0.55,0.1,3,1.64036,0.00328231,1.64295,2
0.55,0.1,4,1.77631,0.00261106,1.7762,2
0.55,0.1,5,1.85993,0.00232659,1.85973,2
0.55,0.1,6,1.91159,0.0017739,1.91208,2
0.55,0.1,7,1.94585,0.00162451,1.94489,2
0.55,0.1,8,1.96589,0.000835622,1.96546,2
0.55,0.1,9,1.97781,0.000825371,1.97835,2
0.55,0.1,10,1.98621,0.000832615,1.98643,2
0.55,0.15,1,1.14835,0.00349211,1.14658,2
0.55,0.15,2,1.49699,0.00336674,1.49771,2
0.55,0.15,3,1.70205,0.00253291,1.70437,2
0.55,0.15,4,1.82823,0.00214486,1.826,2
0.55,0.15,5,1.89734,0.00203933,1.89759,2
0.55,0.15,6,1.93862,0.00166845,1.93973,2
0.55,0.15,7,1.96371,0.00112121,1.96453,2
0.55,0.15,8,1.97919,0.000861075,1.97912,2
0.55,0.15,9,1.98763,0.000643911,1.98771,2
0.55,0.15,10,1.99296,0.000559572,1.99277,2
0.55,0.2,1,1.1874,0.00326421,1.18857,2
0.55,0.2,2,1.54382,0.00469469,1.54592,2
0.55,0.2,3,1.74692,0.00300411,1.74589,2
0.55,0.2,4,1.85735,0.0023068,1.8578,2
0.55,0.2,5,1.91964,0.00148699,1.92042,2
0.55,0.2,6,1.95533,0.00117108,1.95547,2
0.55,0.2,7,1.97518,0.000782952,1.97508,2
0.55,0.2,8,1.98642,0.000745511,1.98605,2
0.55,0.2,9,1.99191,0.000651804,1.9922,2
0.55,0.2,10,1.99563,0.000445597,1.99563,2
0.55,0.25,1,1.22309,0.00325656,1.2224,2
0.55,0.25,2,1.58429,0.0047527,1.58299,2
0.55,0.25,3,1.77391,0.00243238,1.77637,2
0.55,0.25,4,1.87966,0.00215489,1.88007,2
0.55,0.25,5,1.93537,0.00123591,1.93568,2
0.55,0.25,6,1.96574,0.00102638,1.96551,2
0.55,0.25,7,1.98153,0.000966495,1.9815,2
0.55,0.25,8,1.99009,0.000552052,1.99008,2
0.55,0.25,9,1.99453,0.000544189,1.99468,2
0.55,0.25,10,1.99721,0.000398472,1.99715,2
0.55,0.3,1,1.25074,0.00406689,1.2507,2
0.55,0.3,2,1.6105,0.00415886,1.61279,2
0.55,0.3,3,1.79912,0.00283284,1.79991,2
0.55,0.3,4,1.89579,0.00185041,1.8966,2
0.55,0.3,5,1.94637,0.00150877,1.94657,2
0.55,0.3,6,1.97181,0.000988029,1.97239,2
0.55,0.3,7,1.98584,0.000703092,1.98573,2
0.55,0.3,8,1.99316,0.000448093,1.99263,2
0.55,0.3,9,1.99645,0.000411641,1.99619,2
0.55,0.3,10,1.99816,0.00025314,1.99803,2
0.55,0.35,1,1.27444,0.00492225,1.275,2
0.55,0.35,2,1.63884,0.00398681,1.6375,2
0.55,0.35,3,1.81751,0.00247093,1.81875,2
0.55,0.35,4,1.90807,0.00214224,1.90938,2
0.55,0.35,5,1.95501,0.00151249,1.95469,2
0.55,0.35,6,1.97809,0.000880506,1.97734,2
0.55,0.35,7,1.98889,0.000532509,1.98867,2
0.55,0.35,8,1.99412,0.000491049,1.99434,2
0.55,0.35,9,1.99723,0.000338874,1.99717,2
0.55,0.35,10,1.99861,0.000270728,1.99858,2
0.55,0.4,1,1.29917,0.0032526,1.29627,2
0.55,0.4,2,1.65939,0.00338377,1.65846,2
0.55,0.4,3,1.8349,0.00245429,1.83424,2
0.55,0.4,4,1.91939,0.0020203,1.91955,2
0.55,0.4,5,1.96141,0.00129984,1.96096,2
0.55,0.4,6,1.98055,0.000938184,1.98105,2
0.55,0.4,7,1.99075,0.00077075,1.9908,2
0.55,0.4,8,1.99568,0.000450922,1.99554,2
0.55,0.4,9,1.99773,0.000309594,1.99783,2
0.55,0.4,10,1.99881,0.000170696,1.99895,2
0.55,0.45,1,1.31495,0.00415716,1.31515,2
0.55,0.45,2,1.67883,0.00355581,1.67654,2
0.55,0.45,3,1.84543,0.00272424,1.84723,2
0.55,0.45,4,1.92747,0.00168342,1.92784,2
0.55,0.45,5,1.96483,0.000897198,1.96592,2
0.55,0.45,6,1.98349,0.000654238,1.9839,2
0.55,0.45,7,1.99191,0.000656664,1.9924,2
0.55,0.45,8,1.99659,0.000352591,1.99641,2
0.55,0.45,9,1.99831,0.000251237,1.9983,2
0.55,0.45,10,1.99918,0.000208743,1.9992,2
0.55,0.5,1,1.33075,0.00402752,1.33212,2
0.55,0.5,2,1.68956,0.00275616,1.69237,2
0.55,0.5,3,1.85933,0.00245031,1.8583,2
0.55,0.5,4,1.93526,0.00133579,1.93473,2
0.55,0.5,5,1.96993,0.000876001,1.96994,2
0.55,0.5,6,1.98587,0.00066883,1.98615,2
0.55,0.5,7,1.9936,0.000369262,1.99362,2
0.55,0.5,8,1.99722,0.000315817,1.99706,2
0.55,0.5,9,1.99849,0.00024269,1.99865,2
0.55,0.5,10,1.99954,0.000161844,1.99938,2
0.6,0.05,1,1.16941,0.00293596,1.16816,1
0.6,0.05,2,1.50441,0.0034188,1.50574,1
0.6,0.05,3,1.70688,0.00279493,1.70633,1
0.6,0.05,4,1.82391,0.0029061,1.82551,1
0.6,0.05,5,1.89896,0.00178536,1.89632,1
0.6,0.05,6,1.93813,0.00136769,1.9384,1
0.6,0.05,7,1.9636,0.00121965,1.9634,1
0.6,0.05,8,1.97921,0.000886055,1.97825,1
0.6,0.05,9,1.98752,0.00049356,1.98708,1
0.6,0.05,10,1.99237,0.000535816,1.99232,1
0.6,0.1,1,1.22587,0.00466261,1.2261,1
0.6,0.1,2,1.56894,0.0032652,1.5722,1
0.6,0.1,3,1.76401,0.00307663,1.76352,1
0.6,0.1,4,1.86826,0.00240533,1.86928,1
0.6,0.1,5,1.92861,0.00174768,1.92774,1
0.6,0.1,6,1.96089,0.00134639,1.96005,1
0.6,0.1,7,1.97713,0.000851286,1.97792,1
0.6,0.1,8,1.98712,0.000643601,1.98779,1
0.6,0.1,9,1.99303,0.000539217,1.99325,1
0.6,0.1,10,1.99616,0.000357302,1.99627,1
0.6,0.15,1,1.26397,0.00407724,1.26757,1
0.6,0.15,2,1.61562,0.00281237,1.61682,1
0.6,0.15,3,1.79972,0.00234889,1.79953,1
0.6,0.15,4,1.89599,0.0019723,1.89512,1
0.6,0.15,5,1.94479,0.00165454,1.94513,1
0.6,0.15,6,1.97151,0.000929873,1.97129,1
0.6,0.15,7,1.98481,0.00075366,1.98498,1
0.6,0.15,8,1.99184,0.000732618,1.99214,1
0.6,0.15,9,1.99623,0.000434214,1.99589,1
0.6,0.15,10,1.99804,0.000304455,1.99785,1
0.6,0.2,1,1.30171,0.00360411,1.3,1
0.6,0.2,2,1.64986,0.0029639,1.65,1
0.6,0.2,3,1.82526,0.00313927,1.825,1
0.6,0.2,4,1.91014,0.00172936,1.9125,1
0.6,0.2,5,1.95652,0.00131694,1.95625,1
0.6,0.2,6,1.97724,0.00076401,1.97812,1
0.6,0.2,7,1.98886,0.000567331,1.98906,1
0.6,0.2,8,1.99441,0.000522379,1.99453,1
0.6,0.2,9,1.99724,0.000288978,1.99727,1
0.6,0.2,10,1.99841,0.00030739,1.99863,1
0.6,0.25,1,1.32469,0.00300212,1.32665,1
0.6,0.25,2,1.67631,0.00272136,1.67614,1
0.6,0.25,3,1.84319,0.00185619,1.84424,1
0.6,0.25,4,1.92508,0.00151,1.92508,1
0.6,0.25,5,1.96303,0.00122927,1.96397,1
0.6,0.25,6,1.98225,0.000942316,1.98267,1
0.6,0.25,7,1.99167,0.000594492,1.99166,1
0.6,0.25,8,1.99619,0.000322778,1.99599,1
0.6,0.25,9,1.9981,0.000277981,1.99807,1
0.6,0.25,10,1.99917,0.000177045,1.99907,1
0.6,0.3,1,1.34975,0.00405082,1.34926,1
0.6,0.3,2,1.70037,0.00358461,1.69752,1
0.6,0.3,3,1.8587,0.0020734,1.8594,1
0.6,0.3,4,1.93357,0.00177746,1.93465,1
0.6,0.3,5,1.96925,0.00097606,1.96962,1
0.6,0.3,6,1.98583,0.00088271,1.98588,1
0.6,0.3,7,1.99319,0.000513324,1.99344,1
0.6,0.3,8,1.99647,0.000412841,1.99695,1
0.6,0.3,9,1.99849,0.000244142,1.99858,1
0.6,0.3,10,1.99945,0.00010745,1.99934,1
0.6,0.35,1,1.36777,0.00413872,1.36887,1
0.6,0.35,2,1.71583,0.00358452,1.71548,1
0.6,0.35,3,1.87248,0.00195933,1.87174,1
0.6,0.35,4,1.94144,0.00153722,1.94218,1
0.6,0.35,5,1.97409,0.00101226,1.97393,1
0.6,0.35,6,1.98806,0.000765107,1.98825,1
0.6,0.35,7,1.99441,0.000405263,1.9947,1
0.6,0.35,8,1.99751,0.000304648,1.99761,1
0.6,0.35,9,1.99882,0.000200102,1.99892,1
0.6,0.35,10,1.9994,0.000177311,1.99951,1
0.6,0.4,1,1.38823,0.00391372,1.38617,2
0.6,0.4,2,1.73311,0.00309597,1.73087,2
0.6,0.4,3,1.8813,0.00190022,1.882,2
0.6,0.4,4,1.94739,0.00158992,1.94826,2
0.6,0.4,5,1.97687,0.00085312,1.97732,2
0.6,0.4,6,1.99032,0.000425115,1.99005,2
0.6,0.4,7,1.99581,0.000435513,1.99564,2
0.6,0.4,8,1.99821,0.000337517,1.99809,2
0.6,0.4,9,1.99921,0.000221536,1.99916,2
0.6,0.4,10,1.9996,0.000107969,1.99963,2
0.6,0.45,1,1.40024,0.00455507,1.40164,2
0.6,0.45,2,1.7428,0.00247523,1.74426,2
0.6,0.45,3,1.89147,0.00189562,1.8907,2
0.6,0.45,4,1.95313,0.00127203,1.95328,2
0.6,0.45,5,1.97989,0.000838787,1.98003,2
0.6,0.45,6,1.99129,0.000609529,1.99147,2
0.6,0.45,7,1.99632,0.000320398,1.99635,2
0.6,0.45,8,1.99851,0.000197735,1.99844,2
0.6,0.45,9,1.99935,0.000201276,1.99933,2
0.6,0.45,10,1.99971,0.000105793,1.99972,2
0.6,0.5,1,1.41609,0.00407312,1.41561,2
0.6,0.5,2,1.75628,0.00338641,1.75606,2
0.6,0.5,3,1.89784,0.0021157,1.89817,2
0.6,0.5,4,1.95782,0.00149445,1.9575,2
0.6,0.5,5,1.98213,0.000706871,1.98226,2
0.6,0.5,6,1.99269,0.000400793,1.99259,2
0.6,0.5,7,1.99709,0.000368656,1.99691,2
0.6,0.5,8,1.99868,0.000265535,1.99871,2
0.6,0.5,9,1.99943,0.000152382,1.99946,2
0.6,0.5,10,1.99967,0.000147194,1.99978,2
0.6,0.55,1,1.43081,0.00346903,1.42833,2
0.6,0.55,2,1.76635,0.00319546,1.76657,2
0.6,0.55,3,1.90425,0.00158767,1.90468,2
0.6,0.55,4,1.96175,0.00107968,1.96108,2
0.6,0.55,5,1.9846,0.000745191,1.98411,2
0.6,0.55,6,1.99357,0.000619973,1.99351,2
0.6,0.55,7,1.99709,0.000272159,1.99735,2
0.6,0.55,8,1.99889,0.000251939,1.99892,2
0.6,0.55,9,1.99959,0.000118771,1.99956,2
0.6,0.55,10,1.99977,0.000113913,1.99982,2
0.65,0.05,1,1.32399,0.00297305,1.325,1
0.65,0.05,2,1.6625,0.00349585,1.6625,1
0.65,0.05,3,1.83061,0.00220374,1.83125,1
0.65,0.05,4,1.91607,0.00197028,1.91562,1
0.65,0.05,5,1.95683,0.00144441,1.95781,1
0.65,0.05,6,1.97986,0.000747593,1.97891,1
0.65,0.05,7,1.98947,0.000726063,1.98945,1
0.65,0.05,8,1.99485,0.000526824,1.99473,1
0.65,0.05,9,1.99733,0.000283382,1.99736,1
0.65,0.05,10,1.99875,0.000220737,1.99868,1
0.65,0.1,1,1.36087,0.0036893,1.36131,1
0.65,0.1,2,1.69784,0.00312236,1.69783,1
0.65,0.1,3,1.85633,0.0024178,1.85704,1
0.65,0.1,4,1.93218,0.00131891,1.93237,1
0.65,0.1,5,1.96829,0.00117625,1.968,1
0.65,0.1,6,1.98509,0.000640611,1.98486,1
0.65,0.1,7,1.99252,0.000434566,1.99284,1
0.65,0.1,8,1.99669,0.000289151,1.99661,1
0.65,0.1,9,1.99841,0.000315891,1.9984,1
0.65,0.1,10,1.99909,0.000247733,1.99924,1
0.65,0.15,1,1.39026,0.0035956,1.38943,1
0.65,0.15,2,1.72416,0.0027308,1.72385,1
0.65,0.15,3,1.87621,0.00184305,1.8751,1
0.65,0.15,4,1.94346,0.00156283,1.94351,1
0.65,0.15,5,1.97367,0.000939651,1.97445,1
0.65,0.15,6,1.98903,0.000596346,1.98845,1
0.65,0.15,7,1.99485,0.0005188,1.99477,1
0.65,0.15,8,1.99776,0.000269365,1.99764,1
0.65,0.15,9,1.99905,0.000204756,1.99893,1
0.65,0.15,10,1.99949,0.000121418,1.99952,1
0.65,0.2,1,1.41147,0.00410305,1.41241,1
0.65,0.2,2,1.74322,0.00272717,1.74425,1
0.65,0.2,3,1.88855,0.00199808,1.88869,1
0.65,0.2,4,1.95152,0.00122292,1.95155,1
0.65,0.2,5,1.97832,0.000932882,1.97891,1
0.65,0.2,6,1.99083,0.000576467,1.99082,1
0.65,0.2,7,1.99595,0.000351588,1.99601,1
0.65,0.2,8,1.99825,0.000238432,1.99826,1
0.65,0.2,9,1.99933,0.000173773,1.99924,1
0.65,0.2,10,1.99974,0.000109834,1.99967,1
0.65,0.25,1,1.43467,0.00424518,1.43186,1
0.65,0.25,2,1.76093,0.00276289,1.7609,1
0.65,0.25,3,1.90028,0.00175586,1.89938,1
0.65,0.25,4,1.95751,0.00125585,1.95765,1
0.65,0.25,5,1.98209,0.000935733,1.98218,1
0.65,0.25,6,1.99254,0.000577207,1.9925,1
0.65,0.25,7,1.99681,0.000372825,1.99684,1
0.65,0.25,8,1.99864,0.000283424,1.99867,1
0.65,0.25,9,1.99945,0.00015116,1.99944,1
0.65,0.25,10,1.99968,0.000113706,1.99976,1
0.65,0.3,1,1.4476,0.00277778,1.4487,1
0.65,0.3,2,1.77497,0.00274947,1.77487,1
0.65,0.3,3,1.90809,0.00192166,1.90806,1
0.65,0.3,4,1.96204,0.00102814,1.96246,1
0.65,0.3,5,1.98463,0.000965654,1.98467,1
0.65,0.3,6,1.99347,0.000452773,1.99374,1
0.65,0.3,7,1.99746,0.000367897,1.99744,1
0.65,0.3,8,1.9989,0.000257532,1.99896,1
0.65,0.3,9,1.99959,0.00012876,1.99957,1
0.65,0.3,10,1.99979,8.71149e-05,1.99983,1
0.65,0.35,1,1.46592,0.00321326,1.46355,1
0.65,0.35,2,1.78625,0.00275042,1.78683,1
0.65,0.35,3,1.91429,0.001707,1.91529,1
0.65,0.35,4,1.96565,0.00117449,1.96634,1
0.65,0.35,5,1.98665,0.00067634,1.98662,1
0.65,0.35,6,1.99442,0.0004685,1.99468,1
0.65,0.35,7,1.99767,0.000264691,1.99789,1
0.65,0.35,8,1.99922,0.000149594,1.99916,1
0.65,0.35,9,1.99967,0.000132011,1.99967,1
0.65,0.35,10,1.99989,7.90357e-05,1.99987,1
0.65,0.4,1,1.47549,0.002781,1.47681,1
0.65,0.4,2,1.799,0.00180049,1.79724,1
0.65,0.4,3,1.9225,0.001444,1.92142,1
0.65,0.4,4,1.97021,0.000954385,1.96955,1
0.65,0.4,5,1.98827,0.000785201,1.9882,1
0.65,0.4,6,1.9955,0.000396369,1.99543,1
0.65,0.4,7,1.99816,0.000243175,1.99823,1
0.65,0.4,8,1.99941,0.00014617,1.99931,1
0.65,0.4,9,1.9997,9.90086e-05,1.99973,1
0.65,0.4,10,1.99987,9.10796e-05,1.9999,1
0.65,0.45,1,1.49159,0.00360383,1.48878,1
0.65,0.45,2,1.80657,0.00249787,1.80641,1
0.65,0.45,3,1.92738,0.00168813,1.92669,1
0.65,0.45,4,1.97245,0.000966193,1.97224,1
0.65,0.45,5,1.9893,0.000594275,1.98949,1
0.65,0.45,6,1.99623,0.000375938,1.99602,1
0.65,0.45,7,1.99839,0.000276825,1.99849,1
0.65,0.45,8,1.99937,0.000175039,1.99943,1
0.65,0.45,9,1.99981,8.71149e-05,1.99978,1
0.65,0.45,10,1.99995,4.17457e-05,1.99992,1
0.65,0.5,1,1.50094,0.00388548,1.49969,2
0.65,0.5,2,1.81459,0.00229152,1.81458,2
0.65,0.5,3,1.9311,0.00154322,1.93128,2
0.65,0.5,4,1.97432,0.000873228,1.97453,2
0.65,0.5,5,1.99093,0.00069984,1.99056,2
0.65,0.5,6,1.99623,0.000407068,1.9965,2
0.65,0.5,7,1.99879,0.000227049,1.9987,2
0.65,0.5,8,1.99955,0.000118398,1.99952,2
0.65,0.5,9,1.99987,6.64059e-05,1.99982,2
0.65,0.5,10,1.99997,3.30029e-05,1.99993,2
0.65,0.55,1,1.50617,0.00424407,1.50969,2
0.65,0.55,2,1.82406,0.00212026,1.82192,2
0.65,0.55,3,1.93544,0.00177564,1.93532,2
0.65,0.55,4,1.97597,0.000964739,1.97651,2
0.65,0.55,5,1.99153,0.000478251,1.99147,2
0.65,0.55,6,1.99695,0.000327126,1.9969,2
0.65,0.55,7,1.99859,0.000285339,1.99887,2
0.65,0.55,8,1.99961,0.000112665,1.99959,2
0.65,0.55,9,1.99989,5.55433e-05,1.99985,2
0.65,0.55,10,1.99991,4.87704e-05,1.99995,2
0.65,0.6,1,1.51938,0.0032345,1.51893,2
0.65,0.6,2,1.82949,0.0017398,1.82857,2
0.65,0.6,3,1.93882,0.00155719,1.93891,2
0.65,0.6,4,1.97867,0.00113695,1.97823,2
0.65,0.6,5,1.99237,0.000626491,1.99224,2
0.65,0.6,6,1.99712,0.00037288,1.99724,2
0.65,0.6,7,1.99896,0.00019204,1.99901,2
0.65,0.6,8,1.99967,0.000116594,1.99965,2
0.65,0.6,9,1.99991,5.55433e-05,1.99987,2
0.65,0.6,10,1.99997,4.63567e-05,1.99996,2
0.7,0.05,1,1.4652,0.00356342,1.46904,1
0.7,0.05,2,1.78141,0.00238411,1.78314,1
0.7,0.05,3,1.91229,0.00157919,1.91143,1
0.7,0.05,4,1.96264,0.00104922,1.96382,1
0.7,0.05,5,1.98553,0.000638886,1.98522,1
0.7,0.05,6,1.99477,0.000396962,1.99397,1
0.7,0.05,7,1.99766,0.000225657,1.99754,1
0.7,0.05,8,1.9992,0.000191672,1.99899,1
0.7,0.05,9,1.99977,0.000101359,1.99959,1
0.7,0.05,10,1.99983,9.15632e-05,1.99983,1
0.7,0.1,1,1.49151,0.00345969,1.48991,1
0.7,0.1,2,1.79932,0.00268568,1.79985,1
0.7,0.1,3,1.92229,0.00163145,1.92147,1
0.7,0.1,4,1.96896,0.00100045,1.96919,1
0.7,0.1,5,1.98743,0.000700912,1.98791,1
0.7,0.1,6,1.99477,0.000451112,1.99526,1
0.7,0.1,7,1.99795,0.000302875,1.99814,1
0.7,0.1,8,1.99926,0.000127681,1.99927,1
0.7,0.1,9,1.99966,0.000124884,1.99971,1
0.7,0.1,10,1.99986,8.22481e-05,1.99989,1
0.7,0.15,1,1.50927,0.00317626,1.50729,1
0.7,0.15,2,1.81451,0.00288107,1.81326,1
0.7,0.15,3,1.9297,0.00133017,1.92923,1
0.7,0.15,4,1.97274,0.00115373,1.97318,1
0.7,0.15,5,1.98931,0.000628349,1.98983,1
0.7,0.15,6,1.99611,0.000312094,1.99615,1
0.7,0.15,7,1.99848,0.00024332,1.99854,1
0.7,0.15,8,1.99943,0.000169242,1.99945,1
0.7,0.15,9,1.99986,6.8156e-05,1.99979,1
0.7,0.15,10,1.99995,4.57816e-05,1.99992,1
0.7,0.2,1,1.52107,0.00279423,1.52219,1
0.7,0.2,2,1.82477,0.00301113,1.82438,1
0.7,0.2,3,1.93433,0.00146845,1.93545,1
0.7,0.2,4,1.97575,0.000910525,1.97628,1
0.7,0.2,5,1.9908,0.000443975,1.99128,1
0.7,0.2,6,1.99679,0.000366831,1.9968,1
0.7,0.2,7,1.99893,0.000198314,1.99882,1
0.7,0.2,8,1.99969,8.75194e-05,1.99957,1
0.7,0.2,9,1.9998,8.19253e-05,1.99984,1
0.7,0.2,10,1.99998,2.18378e-05,1.99994,1
0.7,0.25,1,1.5328,0.00309843,1.53523,1
0.7,0.25,2,1.83412,0.00234467,1.83383,1
0.7,0.25,3,1.94075,0.00136799,1.94059,1
0.7,0.25,4,1.97891,0.00092186,1.97876,1
0.7,0.25,5,1.99215,0.000483832,1.99241,1
0.7,0.25,6,1.99707,0.000341677,1.99729,1
0.7,0.25,7,1.99908,0.000172873,1.99903,1
0.7,0.25,8,1.99971,0.000102486,1.99965,1
0.7,0.25,9,1.99989,6.69358e-05,1.99988,1
0.7,0.25,10,1.99997,3.79795e-05,1.99996,1
0.7,0.3,1,1.54528,0.00319512,1.5468,1
0.7,0.3,2,1.84287,0.00195137,1.84201,1
0.7,0.3,3,1.94447,0.00177524,1.94492,1
0.7,0.3,4,1.98114,0.000971929,1.9808,1
0.7,0.3,5,1.99315,0.000515984,1.99331,1
0.7,0.3,6,1.99759,0.000219574,1.99767,1
0.7,0.3,7,1.99927,0.000187322,1.99919,1
0.7,0.3,8,1.99975,9.19482e-05,1.99972,1
0.7,0.3,9,1.99989,5.84863e-05,1.9999,1
0.7,0.3,10,1.99997,2.47447e-05,1.99997,1
0.7,0.35,1,1.55731,0.00283179,1.55722,1
0.7,0.35,2,1.84881,0.00205936,1.84919,1
0.7,0.35,3,1.949,0.00140548,1.94863,1
0.7,0.35,4,1.98339,0.000774362,1.9825,1
0.7,0.35,5,1.99386,0.000480707,1.99404,1
0.7,0.35,6,1.99797,0.000256145,1.99797,1
0.7,0.35,7,1.99931,0.000151219,1.99931,1
0.7,0.35,8,1.99977,9.89789e-05,1.99976,1
0.7,0.35,9,1.99996,3.46562e-05,1.99992,1
0.7,0.35,10,1.99999,2.61333e-05,1.99997,1
0.7,0.4,1,1.56537,0.0028505,1.56667,1
0.7,0.4,2,1.85319,0.00230151,1.85556,1
0.7,0.4,3,1.9519,0.00135229,1.95185,1
0.7,0.4,4,1.98426,0.000935821,1.98395,1
0.7,0.4,5,1.99471,0.000461045,1.99465,1
0.7,0.4,6,1.99805,0.000295794,1.99822,1
0.7,0.4,7,1.99948,0.000124104,1.99941,1
0.7,0.4,8,1.99979,8.71149e-05,1.9998,1
0.7,0.4,9,1.99995,4.17457e-05,1.99993,1
0.7,0.4,10,1.99998,2.18378e-05,1.99998,1
0.7,0.45,1,1.57639,0.00306951,1.57532,1
0.7,0.45,2,1.86317,0.00229184,1.86126,1
0.7,0.45,3,1.95472,0.00110964,1.95468,1
0.7,0.45,4,1.98475,0.000796058,1.98519,1
0.7,0.45,5,1.99514,0.000454259,1.99516,1
0.7,0.45,6,1.99827,0.000264691,1.99842,1
0.7,0.45,7,1.99951,0.000155821,1.99948,1
0.7,0.45,8,1.99981,8.91193e-05,1.99983,1
0.7,0.45,9,1.99996,4.75479e-05,1.99994,1
0.7,0.45,10,2,0,1.99998,1
0.7,0.5,1,1.58631,0.00335714,1.58328,1
0.7,0.5,2,1.8652,0.00143778,1.86642,1
0.7,0.5,3,1.95727,0.000987108,1.95718,1
0.7,0.5,4,1.98574,0.000605288,1.98627,1
0.7,0.5,5,1.99517,0.000410954,1.9956,1
0.7,0.5,6,1.99835,0.000194129,1.99859,1
0.7,0.5,7,1.99968,0.000105654,1.99955,1
0.7,0.5,8,1.99985,8.80225e-05,1.99986,1
0.7,0.5,9,1.99995,4.94894e-05,1.99995,1
0.7,0.5,10,1.99999,1.30667e-05,1.99999,1
0.7,0.55,1,1.58917,0.00290746,1.59067,1
0.7,0.55,2,1.87104,0.00200194,1.87111,1
0.7,0.55,3,1.95979,0.0013029,1.95942,1
0.7,0.55,4,1.98755,0.000837364,1.98722,1
0.7,0.55,5,1.99633,0.000333833,1.99598,1
0.7,0.55,6,1.99869,0.000232999,1.99873,1
0.7,0.55,7,1.99969,0.000104195,1.9996,1
0.7,0.55,8,1.99982,7.59977e-05,1.99987,1
0.7,0.55,9,1.99997,3.79795e-05,1.99996,1
0.7,0.55,10,1.99997,3.63153e-05,1.99999,1
0.7,0.6,1,1.59985,0.00282843,1.59754,2
0.7,0.6,2,1.87519,0.00169717,1.8754,2
0.7,0.6,3,1.96065,0.00120004,1.96143,2
0.7,0.6,4,1.98814,0.000749009,1.98806,2
0.7,0.6,5,1.99611,0.000294628,1.9963,2
0.7,0.6,6,1.99909,0.000109081,1.99886,2
0.7,0.6,7,1.99969,0.000100748,1.99965,2
0.7,0.6,8,1.99992,4.82851e-05,1.99989,2
0.7,0.6,9,1.99996,3.46562e-05,1.99997,2
0.7,0.6,10,2,0,1.99999,2
0.7,0.65,1,1.6035,0.0038235,1.60397,2
0.7,0.65,2,1.88011,0.00173879,1.87935,2
0.7,0.65,3,1.96333,0.00111184,1.96325,2
0.7,0.65,4,1.98856,0.000792381,1.9888,2
0.7,0.65,5,1.99642,0.000371337,1.99659,2
0.7,0.65,6,1.99897,0.000185807,1.99896,2
0.7,0.65,7,1.99967,9.29987e-05,1.99968,2
0.7,0.65,8,1.99991,6.42429e-05,1.9999,2
0.7,0.65,9,1.99997,3.63153e-05,1.99997,2
0.7,0.65,10,1.99999,1.30667e-05,1.99999,2
0.75,0.05,1,1.59298,0.00314227,1.59618,1
0.75,0.05,2,1.86721,0.0017461,1.86954,1
0.75,0.05,3,1.95891,0.00132617,1.95786,1
0.75,0.05,4,1.98637,0.00060575,1.98639,1
0.75,0.05,5,1.99607,0.000369971,1.9956,1
0.75,0.05,6,1.99841,0.000258342,1.99858,1
0.75,0.05,7,1.99944,0.00010191,1.99954,1
0.75,0.05,8,1.99985,6.69358e-05,1.99985,1
0.75,0.05,9,1.99996,4.36755e-05,1.99995,1
0.75,0.05,10,1.99999,2.61333e-05,1.99998,1
0.75,0.1,1,1.6059,0.00336129,1.60732,1
0.75,0.1,2,1.87705,0.00182184,1.87664,1
0.75,0.1,3,1.96118,0.00113587,1.96125,1
0.75,0.1,4,1.98795,0.000620784,1.98783,1
0.75,0.1,5,1.99633,0.000352792,1.99618,1
0.75,0.1,6,1.99886,0.000224086,1.9988,1
0.75,0.1,7,1.99957,0.000142809,1.99962,1
0.75,0.1,8,1.99989,6.42429e-05,1.99988,1
0.75,0.1,9,1.99996,3.46562e-05,1.99996,1
0.75,0.1,10,2,0,1.99999,1
0.75,0.15,1,1.61709,0.00358258,1.61714,1
0.75,0.15,2,1.88224,0.0018407,1.88274,1
0.75,0.15,3,1.965,0.000822696,1.96408,1
0.75,0.15,4,1.98919,0.00059568,1.989,1
0.75,0.15,5,1.99685,0.000334995,1.99663,1
0.75,0.15,6,1.99903,0.000160676,1.99897,1
0.75,0.15,7,1.9996,0.000111192,1.99968,1
0.75,0.15,8,1.9999,5.2323e-05,1.9999,1
0.75,0.15,9,1.99998,2.18378e-05,1.99997,1
0.75,0.15,10,1.99999,2.61333e-05,1.99999,1
0.75,0.2,1,1.6255,0.00295049,1.62593,1
0.75,0.2,2,1.88566,0.00155023,1.88806,1
0.75,0.2,3,1.96724,0.00100521,1.9665,1
0.75,0.2,4,1.98964,0.000464353,1.98998,1
0.75,0.2,5,1.99695,0.000275385,1.997,1
0.75,0.2,6,1.99913,0.000150751,1.9991,1
0.75,0.2,7,1.99963,0.000108105,1.99973,1
0.75,0.2,8,1.99989,6.1432e-05,1.99992,1
0.75,0.2,9,1.99999,1.30667e-05,1.99998,1
0.75,0.2,10,1.99997,3.79795e-05,1.99999,1
0.75,0.25,1,1.63359,0.00260122,1.63388,1
0.75,0.25,2,1.8924,0.00168212,1.89277,1
0.75,0.25,3,1.96888,0.00109101,1.96859,1
0.75,0.25,4,1.99103,0.00059753,1.9908,1
0.75,0.25,5,1.99739,0.000409598,1.99731,1
0.75,0.25,6,1.99914,0.000170351,1.99921,1
0.75,0.25,7,1.99973,8.04752e-05,1.99977,1
0.75,0.25,8,1.99992,5.51176e-05,1.99993,1
0.75,0.25,9,1.99999,1.30667e-05,1.99998,1
0.75,0.25,10,1.99999,1.30667e-05,1.99999,1
0.75,0.3,1,1.63941,0.00418254,1.64114,1
0.75,0.3,2,1.89629,0.00180027,1.89697,1
0.75,0.3,3,1.97038,0.000911575,1.97042,1
0.75,0.3,4,1.99162,0.000648453,1.99151,1
0.75,0.3,5,1.99759,0.000305921,1.99756,1
0.75,0.3,6,1.99918,0.000172617,1.9993,1
0.75,0.3,7,1.99979,0.000105459,1.9998,1
0.75,0.3,8,1.99995,4.8589e-05,1.99994,1
0.75,0.3,9,1.99997,3.10733e-05,1.99998,1
0.75,0.3,10,2,0,2,1
0.75,0.35,1,1.64918,0.00315332,1.64781,1
0.75,0.35,2,1.90069,0.00150638,1.90077,1
0.75,0.35,3,1.97241,0.00109439,1.97204,1
0.75,0.35,4,1.99215,0.000424838,1.99212,1
0.75,0.35,5,1.99795,0.000272969,1.99778,1
0.75,0.35,6,1.99937,0.000138221,1.99937,1
0.75,0.35,7,1.99986,5.9879e-05,1.99982,1
0.75,0.35,8,1.99997,3.10733e-05,1.99995,1
0.75,0.35,9,1.99998,2.18378e-05,1.99999,1
0.75,0.35,10,1.99998,2.88121e-05,2,1
0.75,0.4,1,1.65513,0.00350249,1.65397,1
0.75,0.4,2,1.90219,0.00170008,1.90421,1
0.75,0.4,3,1.97401,0.00128817,1.97348,1
0.75,0.4,4,1.99284,0.000500948,1.99266,1
0.75,0.4,5,1.99793,0.000298558,1.99797,1
0.75,0.4,6,1.99936,0.000129399,1.99944,1
0.75,0.4,7,1.99983,8.21048e-05,1.99984,1
0.75,0.4,8,1.99994,4.26526e-05,1.99996,1
0.75,0.4,9,1.99999,1.30667e-05,1.99999,1
0.75,0.4,10,2,0,2,1
0.75,0.45,1,1.65918,0.00287067,1.65971,1
0.75,0.45,2,1.90719,0.00182558,1.90736,1
0.75,0.45,3,1.97499,0.000877442,1.97478,1
0.75,0.45,4,1.99311,0.000459106,1.99313,1
0.75,0.45,5,1.99823,0.000268501,1.99813,1
0.75,0.45,6,1.99944,0.00014115,1.99949,1
0.75,0.45,7,1.99983,8.34914e-05,1.99986,1
0.75,0.45,8,1.99997,2.47447e-05,1.99996,1
0.75,0.45,9,2,0,1.99999,1
0.75,0.45,10,1.99999,1.30667e-05,2,1
0.75,0.5,1,1.66741,0.00280086,1.66506,1
0.75,0.5,2,1.91075,0.0018165,1.91025,1
0.75,0.5,3,1.97578,0.0010611,1.97595,1
0.75,0.5,4,1.9939,0.000531851,1.99356,1
0.75,0.5,5,1.99825,0.000303603,1.99827,1
0.75,0.5,6,1.99963,0.000114454,1.99954,1
0.75,0.5,7,1.99989,5.86371e-05,1.99988,1
0.75,0.5,8,2,0,1.99997,1
0.75,0.5,9,1.99998,2.18378e-05,1.99999,1
0.75,0.5,10,2,0,2,1
0.75,0.55,1,1.67397,0.00250338,1.67008,1
0.75,0.55,2,1.91363,0.00152981,1.91292,1
0.75,0.55,3,1.97735,0.000818754,1.97702,1
0.75,0.55,4,1.99416,0.000434485,1.99393,1
0.75,0.55,5,1.9985,0.000213263,1.9984,1
0.75,0.55,6,1.99969,0.000127034,1.99958,1
0.75,0.55,7,1.99985,6.21467e-05,1.99989,1
0.75,0.55,8,1.99999,1.81577e-05,1.99997,1
0.75,0.55,9,1.99999,1.30667e-05,1.99999,1
0.75,0.55,10,2,0,2,1
0.75,0.6,1,1.67434,0.00270864,1.67481,1
0.75,0.6,2,1.91495,0.00164589,1.9154,1
0.75,0.6,3,1.97895,0.000716168,1.97799,1
0.75,0.6,4,1.99421,0.000401321,1.99427,1
0.75,0.6,5,1.99841,0.000176246,1.99851,1
0.75,0.6,6,1.99954,0.000120566,1.99961,1
0.75,0.6,7,1.99992,5.51176e-05,1.9999,1
0.75,0.6,8,1.99997,3.30029e-05,1.99997,1
0.75,0.6,9,2,0,1.99999,1
0.75,0.6,10,1.99999,1.30667e-05,2,1
0.75,0.65,1,1.67962,0.00329981,1.67927,1
0.75,0.65,2,1.91931,0.00175718,1.91771,1
0.75,0.65,3,1.97879,0.000854692,1.97888,1
0.75,0.65,4,1.99447,0.000360223,1.99458,1
0.75,0.65,5,1.99853,0.000264791,1.99861,1
0.75,0.65,6,1.99964,0.000106983,1.99964,1
0.75,0.65,7,1.99994,5.02568e-05,1.99991,1
0.75,0.65,8,1.99998,2.88121e-05,1.99998,1
0.75,0.65,9,1.99999,1.81577e-05,1.99999,1
0.75,0.65,10,2,0,2,1
0.75,0.7,1,1.68324,0.00334146,1.68349,2
0.75,0.7,2,1.92007,0.00139467,1.91986,2
0.75,0.7,3,1.97879,0.000800042,1.97971,2
0.75,0.7,4,1.995,0.000390646,1.99486,2
0.75,0.7,5,1.99869,0.000203023,1.9987,2
0.75,0.7,6,1.99967,0.000106873,1.99967,2
0.75,0.7,7,1.99987,6.08543e-05,1.99992,2
0.75,0.7,8,1.99994,5.36562e-05,1.99998,2
0.75,0.7,9,2,0,1.99999,2
0.75,0.7,10,2,0,2,2
0.8,0.05,1,1.70576,0.00270252,1.70596,1
0.8,0.05,2,1.92949,0.0014306,1.92795,1
0.8,0.05,3,1.98247,0.000856457,1.98235,1
0.8,0.05,4,1.99568,0.000369071,1.99567,1
0.8,0.05,5,1.99895,0.000201495,1.99894,1
0.8,0.05,6,1.99973,8.04752e-05,1.99974,1
0.8,0.05,7,1.99996,3.94246e-05,1.99994,1
0.8,0.05,8,1.99997,3.30029e-05,1.99998,1
0.8,0.05,9,2,0,2,1
0.8,0.05,10,2,0,2,1
0.8,0.1,1,1.71327,0.00267163,1.71142,1
0.8,0.1,2,1.93115,0.00143026,1.9306,1
0.8,0.1,3,1.98326,0.000846222,1.98331,1
0.8,0.1,4,1.99593,0.000307304,1.99599,1
0.8,0.1,5,1.99914,0.000162932,1.99903,1
0.8,0.1,6,1.99971,6.15756e-05,1.99977,1
0.8,0.1,7,1.99997,2.47447e-05,1.99994,1
0.8,0.1,8,1.99999,1.81577e-05,1.99999,1
0.8,0.1,9,2,0,2,1
0.8,0.1,10,2,0,2,1
0.8,0.15,1,1.71738,0.00201697,1.71645,1
0.8,0.15,2,1.93239,0.0014556,1.933,1
0.8,0.15,3,1.98411,0.000695079,1.98417,1
0.8,0.15,4,1.99621,0.000386319,1.99626,1
0.8,0.15,5,1.99917,0.000166771,1.99912,1
0.8,0.15,6,1.99981,6.49265e-05,1.99979,1
0.8,0.15,7,1.99995,4.06742e-05,1.99995,1
0.8,0.15,8,2,0,1.99999,1
0.8,0.15,9,2,0,2,1
0.8,0.15,10,2,0,2,1
0.8,0.2,1,1.7216,0.00272838,1.72111,1
0.8,0.2,2,1.93537,0.00141713,1.93518,1
0.8,0.2,3,1.98517,0.000586898,1.98494,1
0.8,0.2,4,1.99627,0.000332163,1.9965,1
0.8,0.2,5,1.99912,0.000187573,1.99919,1
0.8,0.2,6,1.99984,7.84e-05,1.99981,1
0.8,0.2,7,1.99997,4.23756e-05,1.99996,1
0.8,0.2,8,1.99999,1.30667e-05,1.99999,1
0.8,0.2,9,1.99999,2.61333e-05,2,1
0.8,0.2,10,2,0,2,1
0.8,0.25,1,1.72479,0.0025493,1.72545,1
0.8,0.25,2,1.93582,0.00154957,1.93719,1
0.8,0.25,3,1.98529,0.000692788,1.98563,1
0.8,0.25,4,1.9968,0.000347071,1.99671,1
0.8,0.25,5,1.99921,0.000175241,1.99925,1
0.8,0.25,6,1.9998,8.40536e-05,1.99983,1
0.8,0.25,7,1.99996,2.9117e-05,1.99996,1
0.8,0.25,8,1.99999,1.30667e-05,1.99999,1
0.8,0.25,9,2,0,2,1
0.8,0.25,10,2,0,2,1
0.8,0.3,1,1.73052,0.00282541,1.72952,1
0.8,0.3,2,1.93817,0.00126315,1.93903,1
0.8,0.3,3,1.98627,0.00083131,1.98626,1
0.8,0.3,4,1.99687,0.000353866,1.9969,1
0.8,0.3,5,1.99921,0.000149101,1.9993,1
0.8,0.3,6,1.99989,6.69358e-05,1.99984,1
0.8,0.3,7,1.99997,2.71282e-05,1.99996,1
0.8,0.3,8,2,0,1.99999,1
0.8,0.3,9,2,0,2,1
0.8,0.3,10,2,0,2,1
0.8,0.35,1,1.73303,0.00256307,1.73333,1
0.8,0.35,2,1.94123,0.00109642,1.94074,1
0.8,0.35,3,1.98698,0.000745748,1.98683,1
0.8,0.35,4,1.99702,0.000259989,1.99707,1
0.8,0.35,5,1.99929,0.000167774,1.99935,1
0.8,0.35,6,1.99986,6.55133e-05,1.99986,1
0.8,0.35,7,1.99996,3.94246e-05,1.99997,1
0.8,0.35,8,1.99998,2.18378e-05,1.99999,1
0.8,0.35,9,2,0,2,1
0.8,0.35,10,2,0,2,1
0.8,0.4,1,1.73874,0.00241617,1.73693,1
0.8,0.4,2,1.94194,0.00151508,1.94233,1
0.8,0.4,3,1.98679,0.000452441,1.98736,1
0.8,0.4,4,1.99732,0.00024835,1.99723,1
0.8,0.4,5,1.99939,0.000143733,1.99939,1
0.8,0.4,6,1.99987,7.11566e-05,1.99987,1
0.8,0.4,7,1.99994,3.82882e-05,1.99997,1
0.8,0.4,8,2,0,1.99999,1
0.8,0.4,9,2,0,2,1
0.8,0.4,10,2,0,2,1
0.8,0.45,1,1.74127,0.00273875,1.74033,1
0.8,0.45,2,1.94358,0.00145213,1.94381,1
0.8,0.45,3,1.98766,0.000743328,1.98784,1
0.8,0.45,4,1.99734,0.00038708,1.99737,1
0.8,0.45,5,1.99951,0.000112273,1.99943,1
0.8,0.45,6,1.99991,4.48067e-05,1.99988,1
0.8,0.45,7,1.99995,3.60713e-05,1.99997,1
0.8,0.45,8,2,0,1.99999,1
0.8,0.45,9,2,0,2,1
0.8,0.45,10,2,0,2,1
0.8,0.5,1,1.7423,0.00249999,1.74356,1
0.8,0.5,2,1.94524,0.0013726,1.9452,1
0.8,0.5,3,1.98762,0.000742187,1.98829,1
0.8,0.5,4,1.99749,0.000233037,1.9975,1
0.8,0.5,5,1.9993,0.000167844,1.99947,1
0.8,0.5,6,1.99989,6.43802e-05,1.99989,1
0.8,0.5,7,1.99998,2.18378e-05,1.99998,1
0.8,0.5,8,1.99999,1.30667e-05,1.99999,1
0.8,0.5,9,2,0,2,1
0.8,0.5,10,2,0,2,1
0.8,0.55,1,1.74643,0.0031126,1.74663,1
0.8,0.55,2,1.94577,0.00123815,1.9465,1
0.8,0.55,3,1.98887,0.000669094,1.9887,1
0.8,0.55,4,1.99767,0.000267446,1.99761,1
0.8,0.55,5,1.99941,0.000141254,1.9995,1
0.8,0.55,6,1.99993,4.78565e-05,1.99989,1
0.8,0.55,7,1.99999,1.81577e-05,1.99998,1
0.8,0.55,8,2,0,2,1
0.8,0.55,9,2,0,2,1
0.8,0.55,10,2,0,2,1
0.8,0.6,1,1.74935,0.00225365,1.74955,1
0.8,0.6,2,1.94818,0.00140578,1.94773,1
0.8,0.6,3,1.98893,0.000689889,1.98909,1
0.8,0.6,4,1.99782,0.000248882,1.99772,1
0.8,0.6,5,1.99955,0.000144285,1.99952,1
0.8,0.6,6,1.99985,6.69358e-05,1.9999,1
0.8,0.6,7,1.99997,3.30029e-05,1.99998,1
0.8,0.6,8,2,0,2,1
0.8,0.6,9,2,0,2,1
0.8,0.6,10,2,0,2,1
0.8,0.65,1,1.75269,0.00220676,1.75233,1
0.8,0.65,2,1.94969,0.00118254,1.94888,1
0.8,0.65,3,1.98941,0.000686707,1.98945,1
0.8,0.65,4,1.99775,0.000273454,1.99782,1
0.8,0.65,5,1.99947,0.000137452,1.99955,1
0.8,0.65,6,1.9999,4.88307e-05,1.99991,1
0.8,0.65,7,1.99994,4.661e-05,1.99998,1
0.8,0.65,8,1.99999,1.30667e-05,2,1
0.8,0.65,9,2,0,2,1
0.8,0.65,10,2,0,2,1
0.8,0.7,1,1.75443,0.002622,1.755,1
0.8,0.7,2,1.94989,0.00148727,1.94998,1
0.8,0.7,3,1.98983,0.000600287,1.98979,1
0.8,0.7,4,1.99802,0.00023874,1.99791,1
0.8,0.7,5,1.99965,0.000143056,1.99957,1
0.8,0.7,6,1.99997,2.71282e-05,1.99991,1
0.8,0.7,7,2,0,1.99998,1
0.8,0.7,8,2,0,2,1
0.8,0.7,9,2,0,2,1
0.8,0.7,10,2,0,2,1
0.8,0.75,1,1.75756,0.00235451,1.75755,1
0.8,0.75,2,1.95087,0.00130694,1.95102,1
0.8,0.75,3,1.99043,0.000526169,1.9901,1
0.8,0.75,4,1.99809,0.000225291,1.998,1
0.8,0.75,5,1.99969,9.15632e-05,1.9996,1
0.8,0.75,6,1.99993,5.47425e-05,1.99992,1
0.8,0.75,7,1.99999,2.61333e-05,1.99998,1
0.8,0.75,8,2,0,2,1
0.8,0.75,9,2,0,2,1
0.8,0.75,10,2,0,2,1
