alpha,alpha_t,k,b,cartel,honest,cartel_ci,honest_ci,cartel_theory,honest_theory,b_lose
0.55,0.05,2,1,0.45092,1,0.00150513,0,0.59901,1,0
0.55,0.05,3,1,0.45004,0.850873,0.00144436,0.00158441,0.714123,0.761959,0
0.55,0.05,3,2,0.328087,1,0.00184595,0,0.521951,1,0
0.55,0.05,4,1,0.44778,0.77559,0.00177115,0.00143093,0.788375,0.605812,1
0.55,0.05,4,2,0.366337,0.887477,0.00201136,0.00101199,0.646117,0.802906,1
0.55,0.05,4,3,0.270137,1,0.00167603,0,0.472245,1,1
0.55,0.05,5,1,0.44897,0.730093,0.00156874,0.00170781,0.839368,0.496379,2
0.55,0.05,5,2,0.390123,0.820737,0.0016235,0.00154489,0.731388,0.664253,2
0.55,0.05,5,3,0.32073,0.9105,0.00138278,0.000946443,0.599412,0.832126,2
0.55,0.05,5,4,0.235047,1,0.00192269,0,0.438109,1,2
0.55,0.05,6,1,0.448747,0.70071,0.00157838,0.00170958,0.875913,0.416058,2
0.55,0.05,6,2,0.405593,0.774723,0.00160996,0.00138697,0.792499,0.562044,2
0.55,0.05,6,3,0.354377,0.8503,0.00203888,0.00161273,0.690548,0.708029,2
0.55,0.05,6,4,0.291227,0.925233,0.001846,0.000897217,0.565942,0.854015,2
0.55,0.05,6,5,0.211977,1,0.0015956,0,0.413645,1,2
0.55,0.05,8,1,0.447687,0.66322,0.00159903,0.00163415,0.923304,0.307522,4
0.55,0.05,8,2,0.4233,0.719627,0.00204923,0.00140322,0.871748,0.422935,4
0.55,0.05,8,3,0.39284,0.7758,0.0018542,0.00144764,0.808734,0.538348,4
0.55,0.05,8,4,0.35501,0.831763,0.00137529,0.00119668,0.731717,0.653761,4
0.55,0.05,8,5,0.307947,0.888093,0.00181789,0.00110203,0.637586,0.769174,4
0.55,0.05,8,6,0.253677,0.944447,0.00141889,0.000889477,0.522536,0.884587,4
0.55,0.05,8,7,0.185247,1,0.00136049,0,0.38192,1,4
0.55,0.1,2,1,0.45983,1,0.00188349,0,0.59901,1,0
0.55,0.1,3,1,0.456823,0.875953,0.0017903,0.000796002,0.714123,0.807827,0
0.55,0.1,3,2,0.33512,1,0.00245867,0,0.521951,1,0
0.55,0.1,4,1,0.457457,0.815373,0.00163917,0.00129071,0.788375,0.683869,1
0.55,0.1,4,2,0.374897,0.917753,0.0017954,0.000898565,0.646117,0.857741,1
0.55,0.1,4,3,0.273793,1,0.0016965,0,0.472245,1,1
0.55,0.1,5,1,0.45916,0.78089,0.00160806,0.00165575,0.839368,0.59874,1
0.55,0.1,5,2,0.40002,0.868027,0.00153019,0.00109322,0.731388,0.760044,1
0.55,0.1,5,3,0.327597,0.940913,0.00167769,0.00101557,0.599412,0.89202,1
0.55,0.1,5,4,0.24027,1,0.00131027,0,0.438109,1,1
0.55,0.1,6,1,0.45926,0.758787,0.00165946,0.00159172,0.875913,0.537732,2
0.55,0.1,6,2,0.415433,0.83713,0.00182067,0.00135878,0.792499,0.690029,2
0.55,0.1,6,3,0.36257,0.902933,0.00182667,0.00124896,0.690548,0.814635,2
0.55,0.1,6,4,0.296017,0.956103,0.00135507,0.00104077,0.565942,0.916586,2
0.55,0.1,6,5,0.216153,1,0.00138391,0,0.413645,1,2
0.55,0.1,8,1,0.45801,0.728963,0.00205572,0.00166922,0.923304,0.458616,3
0.55,0.1,8,2,0.432797,0.800127,0.00147335,0.00176865,0.871748,0.599232,3
0.55,0.1,8,3,0.400457,0.858,0.00115866,0.00122055,0.808734,0.714282,3
0.55,0.1,8,4,0.363277,0.905127,0.00167917,0.00107793,0.731717,0.808413,3
0.55,0.1,8,5,0.317047,0.943567,0.00216115,0.000638706,0.637586,0.88543,3
0.55,0.1,8,6,0.259703,0.973963,0.00143835,0.000559169,0.522536,0.948443,3
0.55,0.1,8,7,0.19149,1,0.00143635,0,0.38192,1,3
0.55,0.15,2,1,0.467823,1,0.00196094,0,0.59901,1,0
0.55,0.15,3,1,0.46891,0.901057,0.00215381,0.00112384,0.714123,0.849658,0
0.55,0.15,3,2,0.34234,1,0.00160035,0,0.521951,1,0
0.55,0.15,4,1,0.469797,0.856757,0.00206765,0.00119258,0.788375,0.757423,1
0.55,0.15,4,2,0.38459,0.942433,0.00181482,0.000809566,0.646117,0.902969,1
0.55,0.15,4,3,0.279563,1,0.00167754,0,0.472245,1,1
0.55,0.15,5,1,0.468503,0.830723,0.00143666,0.00116611,0.839368,0.697668,1
0.55,0.15,5,2,0.4078,0.911253,0.00147588,0.000934505,0.731388,0.840878,1
0.55,0.15,5,3,0.334077,0.964173,0.00187389,0.000639162,0.599412,0.936351,1
0.55,0.15,5,4,0.243757,1,0.00199106,0,0.438109,1,1
0.55,0.15,6,1,0.468713,0.81571,0.00177303,0.00119645,0.875913,0.657538,1
0.55,0.15,6,2,0.425257,0.892753,0.00191832,0.000944423,0.792499,0.799791,1
0.55,0.15,6,3,0.369987,0.94319,0.0017586,0.000984421,0.690548,0.894627,1
0.55,0.15,6,4,0.303927,0.977507,0.00152317,0.000466378,0.565942,0.957851,1
0.55,0.15,6,5,0.220597,1,0.00163682,0,0.413645,1,1
0.55,0.15,8,1,0.468507,0.801737,0.00203609,0.00132449,0.923304,0.61047,2
0.55,0.15,8,2,0.44169,0.87453,0.00132689,0.000850415,0.871748,0.752809,2
0.55,0.15,8,3,0.409503,0.923257,0.00153773,0.000817618,0.808734,0.847702,2
0.55,0.15,8,4,0.37187,0.955027,0.00145331,0.000772307,0.731717,0.910964,2
0.55,0.15,8,5,0.325463,0.975777,0.00175437,0.000589177,0.637586,0.953139,2
0.55,0.15,8,6,0.26609,0.990447,0.00139739,0.000320857,0.522536,0.981256,2
0.55,0.15,8,7,0.19397,1,0.00140906,0,0.38192,1,2
0.55,0.2,2,1,0.47902,1,0.00187318,0,0.59901,1,0
0.55,0.2,3,1,0.479267,0.925227,0.00167716,0.000810689,0.714123,0.886757,0
0.55,0.2,3,2,0.351293,1,0.00175763,0,0.521951,1,0
0.55,0.2,4,1,0.480827,0.893677,0.00165945,0.000971114,0.788375,0.822796,0
0.55,0.2,4,2,0.392517,0.962707,0.00144003,0.000553569,0.646117,0.937979,0
0.55,0.2,4,3,0.28717,1,0.00164365,0,0.472245,1,0
0.55,0.2,5,1,0.4808,0.877023,0.00165979,0.0012815,0.839368,0.784891,1
0.55,0.2,5,2,0.41766,0.944327,0.00201931,0.000901714,0.731388,0.902539,1
0.55,0.2,5,3,0.342787,0.9809,0.00202473,0.000559762,0.599412,0.965889,1
0.55,0.2,5,4,0.25001,1,0.00103719,0,0.438109,1,1
0.55,0.2,6,1,0.47741,0.869543,0.00144157,0.00115828,0.875913,0.761575,1
0.55,0.2,6,2,0.433777,0.93563,0.00153449,0.000920673,0.792499,0.881717,1
0.55,0.2,6,3,0.377433,0.97054,0.00174751,0.000480982,0.690548,0.946409,1
0.55,0.2,6,4,0.310027,0.989687,0.0018778,0.000308365,0.565942,0.981243,1
0.55,0.2,6,5,0.22568,1,0.00179658,0,0.413645,1,1
0.55,0.2,8,1,0.478763,0.86447,0.00204965,0.00115192,0.923304,0.736963,2
0.55,0.2,8,2,0.452687,0.92834,0.00184166,0.000939353,0.871748,0.861397,2
0.55,0.2,8,3,0.419483,0.962737,0.00168886,0.000854989,0.808734,0.928401,2
0.55,0.2,8,4,0.37886,0.981683,0.00175845,0.000405628,0.731717,0.96448,2
0.55,0.2,8,5,0.331213,0.991767,0.00183113,0.000315108,0.637586,0.983907,2
0.55,0.2,8,6,0.271533,0.996947,0.00187805,0.000205402,0.522536,0.994367,2
0.55,0.2,8,7,0.1973,1,0.00152358,0,0.38192,1,2
0.55,0.25,2,1,0.489547,1,0.00170682,0,0.59901,1,0
0.55,0.25,3,1,0.48905,0.94443,0.00177014,0.000701933,0.714123,0.918644,0
0.55,0.25,3,2,0.358093,1,0.00169777,0,0.521951,1,0
0.55,0.25,4,1,0.490027,0.923937,0.00171091,0.000859265,0.788375,0.877666,0
0.55,0.25,4,2,0.401957,0.977403,0.00189421,0.000644977,0.646117,0.9633,0
0.55,0.25,4,3,0.29361,1,0.00171857,0,0.472245,1,0
0.55,0.25,5,1,0.489797,0.9172,0.00173287,0.000985885,0.839368,0.855882,0
0.55,0.25,5,2,0.426163,0.968447,0.00198063,0.000774066,0.731388,0.945272,0
0.55,0.25,5,3,0.349707,0.99026,0.00161034,0.000379477,0.599412,0.983582,0
0.55,0.25,5,4,0.255003,1,0.00151575,0,0.438109,1,0
0.55,0.25,6,1,0.489563,0.913067,0.0018741,0.000917174,0.875913,0.843576,1
0.55,0.25,6,2,0.444237,0.964467,0.00184699,0.000582896,0.792499,0.936082,1
0.55,0.25,6,3,0.387643,0.9863,0.00174448,0.000391211,0.690548,0.975727,1
0.55,0.25,6,4,0.316967,0.995933,0.00210097,0.000254311,0.565942,0.992718,1
0.55,0.25,6,5,0.229297,1,0.00171865,0,0.413645,1,1
0.55,0.25,8,1,0.49059,0.910307,0.00190784,0.000877593,0.923304,0.831272,1
0.55,0.25,8,2,0.460637,0.96231,0.00167764,0.000799413,0.871748,0.928289,1
0.55,0.25,8,3,0.428153,0.98392,0.00160198,0.000487982,0.808734,0.969868,1
0.55,0.25,8,4,0.386807,0.993607,0.00129651,0.000297758,0.731717,0.987687,1
0.55,0.25,8,5,0.337193,0.99745,0.00184676,0.000199517,0.637586,0.995324,1
0.55,0.25,8,6,0.277013,0.999287,0.00198951,0.000102399,0.522536,0.998597,1
0.55,0.25,8,7,0.202073,1,0.00132817,0,0.38192,1,1
0.55,0.3,2,1,0.49826,1,0.00213154,0,0.59901,1,0
0.55,0.3,3,1,0.500003,0.961877,0.00213429,0.000755413,0.714123,0.945067,0
0.55,0.3,3,2,0.364723,1,0.00204236,0,0.521951,1,0
0.55,0.3,4,1,0.498103,0.950473,0.00166177,0.000936921,0.788375,0.921162,0
0.55,0.3,4,2,0.410333,0.98755,0.0019076,0.000290829,0.646117,0.980291,0
0.55,0.3,4,3,0.299657,1,0.00145851,0,0.472245,1,0
0.55,0.3,5,1,0.497747,0.945877,0.00187559,0.000828935,0.839368,0.90982,0
0.55,0.3,5,2,0.43383,0.983587,0.0018266,0.000409598,0.731388,0.972252,0
0.55,0.3,5,3,0.35555,0.99572,0.00145083,0.000178898,0.599412,0.993063,0
0.55,0.3,5,4,0.261107,1,0.00190029,0,0.438109,1,0
0.55,0.3,6,1,0.500133,0.94598,0.00199831,0.00084689,0.875913,0.903746,0
0.55,0.3,6,2,0.451073,0.981953,0.00157104,0.000449975,0.792499,0.968717,0
0.55,0.3,6,3,0.394737,0.99447,0.00176176,0.000278323,0.690548,0.990375,0
0.55,0.3,6,4,0.3213,0.99859,0.00168063,0.00014013,0.565942,0.997594,0
0.55,0.3,6,5,0.235043,1,0.00123496,0,0.413645,1,0
0.55,0.3,8,1,0.50041,0.944697,0.0022797,0.000894711,0.923304,0.897536,1
0.55,0.3,8,2,0.471743,0.981387,0.00171701,0.000497954,0.871748,0.965939,1
0.55,0.3,8,3,0.437337,0.993783,0.00165706,0.000321867,0.808734,0.98874,1
0.55,0.3,8,4,0.394373,0.998007,0.00217226,0.000154111,0.731717,0.996341,1
0.55,0.3,8,5,0.345157,0.999287,0.00167499,9.97786e-05,0.637586,0.998874,1
0.55,0.3,8,6,0.282613,0.999863,0.002041,4.74394e-05,0.522536,0.999719,1
0.55,0.3,8,7,0.206537,1,0.00140263,0,0.38192,1,1
0.55,0.35,2,1,0.510093,1,0.00141572,0,0.59901,1,0
0.55,0.35,3,1,0.510273,0.975953,0.00173866,0.000657671,0.714123,0.965994,0
0.55,0.35,3,2,0.371693,1,0.0018754,0,0.521951,1,0
0.55,0.35,4,1,0.508347,0.97036,0.00177989,0.00069029,0.788375,0.953625,0
0.55,0.35,4,2,0.416347,0.99374,0.00196472,0.000375147,0.646117,0.990725,0
0.55,0.35,4,3,0.305673,1,0.00127529,0,0.472245,1,0
0.55,0.35,5,1,0.5107,0.968177,0.001438,0.000813774,0.839368,0.948309,0
0.55,0.35,5,2,0.445013,0.992463,0.00179297,0.000354558,0.731388,0.987693,0
0.55,0.35,5,3,0.364317,0.99838,0.00180991,0.000172361,0.599412,0.997539,0
0.55,0.35,5,4,0.266487,1,0.00152878,0,0.438109,1,0
0.55,0.35,6,1,0.50961,0.96877,0.00160461,0.000751749,0.875913,0.945456,0
0.55,0.35,6,2,0.461467,0.992253,0.00202843,0.000293697,0.792499,0.986524,0
0.55,0.35,6,3,0.40239,0.99815,0.00224775,0.000159964,0.690548,0.996792,0
0.55,0.35,6,4,0.33019,0.999523,0.00178664,8.01178e-05,0.565942,0.999358,0
0.55,0.35,6,5,0.238517,1,0.00180221,0,0.413645,1,0
0.55,0.35,8,1,0.511267,0.968103,0.00158543,0.000620695,0.923304,0.942307,0
0.55,0.35,8,2,0.480193,0.99205,0.00192765,0.000208393,0.871748,0.985587,0
0.55,0.35,8,3,0.444793,0.998003,0.00164413,0.00014267,0.808734,0.996407,0
0.55,0.35,8,4,0.402813,0.999527,0.0015359,9.44123e-05,0.731717,0.999112,0
0.55,0.35,8,5,0.352153,0.999887,0.00202565,3.21901e-05,0.637586,0.999789,0
0.55,0.35,8,6,0.28806,0.999983,0.00183207,1.65014e-05,0.522536,0.999958,0
0.55,0.35,8,7,0.21037,1,0.00156482,0,0.38192,1,0
0.55,0.4,2,1,0.519957,1,0.00160407,0,0.59901,1,0
0.55,0.4,3,1,0.51822,0.986557,0.00225691,0.000345245,0.714123,0.981584,0
0.55,0.4,3,2,0.380647,1,0.00172458,0,0.521951,1,0
0.55,0.4,4,1,0.520353,0.984077,0.0020168,0.000385146,0.788375,0.97619,0
0.55,0.4,4,2,0.42348,0.99761,0.00153053,0.000182792,0.646117,0.996429,0
0.55,0.4,4,3,0.312363,1,0.00135996,0,0.472245,1,0
0.55,0.4,5,1,0.520443,0.984247,0.00169115,0.000450759,0.839368,0.974,0
0.55,0.4,5,2,0.452917,0.997333,0.00180292,0.000186614,0.731388,0.99553,0
0.55,0.4,5,3,0.37204,0.99959,0.00190689,6.46653e-05,0.599412,0.99933,0
0.55,0.4,5,4,0.270557,1,0.00192799,0,0.438109,1,0
0.55,0.4,6,1,0.519447,0.983737,0.00147997,0.000393067,0.875913,0.972748,0
0.55,0.4,6,2,0.46869,0.997137,0.0020244,0.000215627,0.792499,0.995213,0
0.55,0.4,6,3,0.408413,0.99947,0.00175279,7.46789e-05,0.690548,0.999177,0
0.55,0.4,6,4,0.33545,0.999933,0.00173639,2.17026e-05,0.565942,0.999877,0
0.55,0.4,6,5,0.245853,1,0.00145314,0,0.413645,1,0
0.55,0.4,8,1,0.52059,0.98385,0.00148353,0.000546409,0.923304,0.971247,0
0.55,0.4,8,2,0.490687,0.99719,0.0018046,0.000214574,0.871748,0.994927,0
0.55,0.4,8,3,0.454303,0.999537,0.00211666,8.21854e-05,0.808734,0.999105,0
0.55,0.4,8,4,0.412333,0.999937,0.0020614,2.57074e-05,0.731717,0.999843,0
0.55,0.4,8,5,0.359293,0.999977,0.00152688,1.53939e-05,0.637586,0.999973,0
0.55,0.4,8,6,0.293437,0.999993,0.00148351,9.07883e-06,0.522536,0.999996,0
0.55,0.4,8,7,0.213183,1,0.00190672,0,0.38192,1,0
0.55,0.45,2,1,0.530633,1,0.00175145,0,0.59901,1,0
0.55,0.45,3,1,0.530217,0.993993,0.00156267,0.0002594,0.714123,0.992152,0
0.55,0.45,3,2,0.387723,1,0.0011545,0,0.521951,1,0
0.55,0.45,4,1,0.530513,0.993423,0.00165472,0.000240635,0.788375,0.990386,0
0.55,0.45,4,2,0.433463,0.999427,0.00162352,9.39435e-05,0.646117,0.999039,0
0.55,0.45,4,3,0.316723,1,0.00153414,0,0.472245,1,0
0.55,0.45,5,1,0.530513,0.99349,0.00211472,0.000260659,0.839368,0.989651,0
0.55,0.45,5,2,0.462713,0.99927,0.00164038,0.000103862,0.731388,0.998863,0
0.55,0.45,5,3,0.378847,0.999937,0.00163332,2.89396e-05,0.599412,0.999886,0
0.55,0.45,5,4,0.27708,1,0.00196442,0,0.438109,1,0
0.55,0.45,6,1,0.529417,0.993373,0.00183905,0.000245944,0.875913,0.989188,0
0.55,0.45,6,2,0.479143,0.99924,0.00165885,0.000116468,0.792499,0.9988,0
0.55,0.45,6,3,0.41677,0.999913,0.00200953,3.48257e-05,0.690548,0.999868,0
0.55,0.45,6,4,0.342893,0.999997,0.00136228,6.53333e-06,0.565942,0.999987,0
0.55,0.45,6,5,0.249773,1,0.00178069,0,0.413645,1,0
0.55,0.45,8,1,0.530753,0.993367,0.00164694,0.000276601,0.923304,0.988601,0
0.55,0.45,8,2,0.499443,0.999257,0.00192973,8.89953e-05,0.871748,0.998733,0
0.55,0.45,8,3,0.463813,0.999937,0.00193208,2.57074e-05,0.808734,0.999859,0
0.55,0.45,8,4,0.42006,0.999997,0.00172892,6.53333e-06,0.731717,0.999984,0
0.55,0.45,8,5,0.36426,0.999997,0.00142457,6.53333e-06,0.637586,0.999998,0
0.55,0.45,8,6,0.299163,1,0.00187694,0,0.522536,1,0
0.55,0.45,8,7,0.21946,1,0.00130532,0,0.38192,1,0
0.55,0.5,2,1,0.540293,1,0.00162964,0,0.59901,1,0
0.55,0.5,3,1,0.53807,0.998517,0.00192247,0.000119272,0.714123,0.998126,0
0.55,0.5,3,2,0.39452,1,0.00191253,0,0.521951,1,0
0.55,0.5,4,1,0.541013,0.998577,0.00154169,0.00015202,0.788375,0.997822,0
0.55,0.5,4,2,0.443973,0.999927,0.00176775,3.37961e-05,0.646117,0.999891,0
0.55,0.5,4,3,0.324303,1,0.00203011,0,0.472245,1,0
0.55,0.5,5,1,0.54086,0.9985,0.00152811,0.000159481,0.839368,0.997675,0
0.55,0.5,5,2,0.471057,0.99994,0.00177218,2.41426e-05,0.731388,0.999878,0
0.55,0.5,5,3,0.385483,1,0.00152703,0,0.599412,0.999994,0
0.55,0.5,5,4,0.28189,1,0.0014887,0,0.438109,1,0
0.55,0.5,6,1,0.540373,0.99855,0.00167931,0.000133481,0.875913,0.997574,0
0.55,0.5,6,2,0.487927,0.99992,0.0018039,3.44004e-05,0.792499,0.999872,0
0.55,0.5,6,3,0.425633,0.999993,0.00186498,9.07883e-06,0.690548,0.999993,0
0.55,0.5,6,4,0.35022,1,0.00166448,0,0.565942,1,0
0.55,0.5,6,5,0.25493,1,0.00161446,0,0.413645,1,0
0.55,0.5,8,1,0.53956,0.998567,0.00224619,0.000123724,0.923304,0.997442,0
0.55,0.5,8,2,0.510643,0.99993,0.00155782,3.13797e-05,0.871748,0.999865,0
0.55,0.5,8,3,0.47363,0.999993,0.00143484,9.07883e-06,0.808734,0.999993,0
0.55,0.5,8,4,0.42733,1,0.00214915,0,0.731717,1,0
0.55,0.5,8,5,0.37316,1,0.00165901,0,0.637586,1,0
0.55,0.5,8,6,0.306613,1,0.0021842,0,0.522536,1,0
0.55,0.5,8,7,0.222783,1,0.00141681,0,0.38192,1,0
0.6,0.05,2,1,0.514187,1,0.00169363,0,0.692308,1,0
0.6,0.05,3,1,0.512997,0.79438,0.00180846,0.00134707,0.810427,0.674214,1
0.6,0.05,3,2,0.406063,1,0.00179116,0,0.63981,1,1
0.6,0.05,4,1,0.51035,0.692673,0.00173736,0.00164539,0.879699,0.473051,2
0.6,0.05,4,2,0.449037,0.832667,0.00197113,0.00143724,0.771429,0.710178,2
0.6,0.05,4,3,0.352867,1,0.00179675,0,0.609023,1,2
0.6,0.05,5,1,0.512283,0.63404,0.00196819,0.00155217,0.922292,0.34137,3
0.6,0.05,5,2,0.472787,0.732657,0.00167996,0.00167778,0.852356,0.518609,3
0.6,0.05,5,3,0.415883,0.8535,0.00165729,0.00112051,0.74745,0.735235,3
0.6,0.05,5,4,0.32642,1,0.00165821,0,0.590092,1,3
0.6,0.05,6,1,0.511337,0.59469,0.0017952,0.00154137,0.949247,0.251637,3
0.6,0.05,6,2,0.487827,0.669947,0.00182369,0.00203287,0.903569,0.386676,3
0.6,0.05,6,3,0.450513,0.757197,0.00160157,0.00157316,0.835052,0.551723,3
0.6,0.05,6,4,0.39478,0.86721,0.0019083,0.00112935,0.732276,0.753448,3
0.6,0.05,6,5,0.31283,1,0.00151949,0,0.578113,1,3
0.6,0.05,8,1,0.512153,0.551437,0.00154049,0.00171128,0.977941,0.143409,5
0.6,0.05,8,2,0.502687,0.59473,0.00192978,0.00205736,0.958087,0.224983,5
0.6,0.05,8,3,0.484377,0.64596,0.00190713,0.00184317,0.928307,0.324685,5
0.6,0.05,8,4,0.463687,0.71082,0.00176582,0.00162849,0.883636,0.446543,5
0.6,0.05,8,5,0.42709,0.78806,0.00175014,0.00158811,0.816631,0.59548,5
0.6,0.05,8,6,0.374383,0.88393,0.00145637,0.00124644,0.716122,0.777514,5
0.6,0.05,8,7,0.296687,1,0.0013532,0,0.56536,1,5
0.6,0.1,2,1,0.519393,1,0.00184887,0,0.692308,1,0
0.6,0.1,3,1,0.521183,0.827557,0.00176703,0.00142494,0.810427,0.729858,1
0.6,0.1,3,2,0.410163,1,0.00155441,0,0.63981,1,1
0.6,0.1,4,1,0.520443,0.739273,0.00160897,0.00201803,0.879699,0.56015,1
0.6,0.1,4,2,0.455693,0.86922,0.00183665,0.00138932,0.771429,0.780075,1
0.6,0.1,4,3,0.358443,1,0.00165486,0,0.609023,1,1
0.6,0.1,5,1,0.51998,0.688233,0.00201432,0.0015391,0.922292,0.446625,2
0.6,0.1,5,2,0.4837,0.791393,0.00193472,0.00129084,0.852356,0.631083,2
0.6,0.1,5,3,0.42265,0.895697,0.00207905,0.00104221,0.74745,0.815542,2
0.6,0.1,5,4,0.332437,1,0.00158618,0,0.590092,1,2
0.6,0.1,6,1,0.519813,0.653727,0.00228716,0.0017528,0.949247,0.367169,3
0.6,0.1,6,2,0.494997,0.74032,0.00193244,0.00168376,0.903569,0.525377,3
0.6,0.1,6,3,0.45691,0.828003,0.00194054,0.00112936,0.835052,0.683584,3
0.6,0.1,6,4,0.400743,0.91347,0.00161362,0.000752101,0.732276,0.841792,3
0.6,0.1,6,5,0.316297,1,0.00179126,0,0.578113,1,3
0.6,0.1,8,1,0.519863,0.609817,0.00179827,0.00199948,0.977941,0.266545,5
0.6,0.1,8,2,0.508347,0.673807,0.00155078,0.00164496,0.958087,0.388787,5
0.6,0.1,8,3,0.49094,0.73979,0.00195607,0.00134982,0.928307,0.51103,5
0.6,0.1,8,4,0.468533,0.805777,0.00186493,0.00131046,0.883636,0.633272,5
0.6,0.1,8,5,0.43403,0.869287,0.00150624,0.00126593,0.816631,0.755515,5
0.6,0.1,8,6,0.380643,0.93486,0.00173015,0.000833552,0.716122,0.877757,5
0.6,0.1,8,7,0.29984,1,0.00169784,0,0.56536,1,5
0.6,0.15,2,1,0.52592,1,0.00156463,0,0.692308,1,0
0.6,0.15,3,1,0.529053,0.857767,0.00162285,0.00136956,0.810427,0.781912,1
0.6,0.15,3,2,0.417227,1,0.00197439,0,0.63981,1,1
0.6,0.15,4,1,0.528173,0.787143,0.00183934,0.0016597,0.879699,0.647249,1
0.6,0.15,4,2,0.463723,0.905283,0.0017925,0.0010282,0.771429,0.841262,1
0.6,0.15,4,3,0.365277,1,0.00187096,0,0.609023,1,1
0.6,0.15,5,1,0.528353,0.74638,0.00164216,0.0013454,0.922292,0.559099,2
0.6,0.15,5,2,0.48803,0.849767,0.00149021,0.00128513,0.852356,0.736338,2
0.6,0.15,5,3,0.428147,0.932063,0.00186565,0.000769302,0.74745,0.881352,2
0.6,0.15,5,4,0.33833,1,0.00196567,0,0.590092,1,2
0.6,0.15,6,1,0.528857,0.721207,0.00175231,0.00163378,0.949247,0.49903,3
0.6,0.15,6,2,0.50259,0.81297,0.00231698,0.00110396,0.903569,0.664077,3
0.6,0.15,6,3,0.466677,0.888527,0.00198295,0.000953089,0.835052,0.799116,3
0.6,0.15,6,4,0.406233,0.949133,0.00179937,0.00088358,0.732276,0.909602,3
0.6,0.15,6,5,0.32285,1,0.00146208,0,0.578113,1,3
0.6,0.15,8,1,0.527497,0.69,0.00175807,0.00090064,0.977941,0.42658,4
0.6,0.15,8,2,0.51775,0.771383,0.00217593,0.00150812,0.958087,0.575517,4
0.6,0.15,8,3,0.502303,0.835903,0.00143936,0.00136307,0.928307,0.697374,4
0.6,0.15,8,4,0.476623,0.88999,0.0016399,0.00112853,0.883636,0.797076,4
0.6,0.15,8,5,0.439683,0.93504,0.00161934,0.000922706,0.816631,0.87865,4
0.6,0.15,8,6,0.38893,0.970703,0.00139134,0.000555842,0.716122,0.945393,4
0.6,0.15,8,7,0.304487,1,0.00137061,0,0.56536,1,4
0.6,0.2,2,1,0.537063,1,0.00181992,0,0.692308,1,0
0.6,0.2,3,1,0.537247,0.887343,0.00168062,0.00119128,0.810427,0.829384,0
0.6,0.2,3,2,0.42229,1,0.00162186,0,0.63981,1,0
0.6,0.2,4,1,0.53582,0.835507,0.00159246,0.000969168,0.879699,0.729323,1
0.6,0.2,4,2,0.47065,0.93388,0.00182022,0.000874743,0.771429,0.891729,1
0.6,0.2,4,3,0.371033,1,0.00184239,0,0.609023,1,1
0.6,0.2,5,1,0.53724,0.807217,0.00165589,0.00136001,0.922292,0.6678,2
0.6,0.2,5,2,0.495633,0.898187,0.0019861,0.000827124,0.852356,0.825158,2
0.6,0.2,5,3,0.433733,0.95909,0.00198207,0.00088398,0.74745,0.930063,2
0.6,0.2,5,4,0.342133,1,0.001541,0,0.590092,1,2
0.6,0.2,6,1,0.53594,0.79059,0.00235436,0.00175651,0.949247,0.628866,2
0.6,0.2,6,2,0.510857,0.87759,0.00183626,0.00121738,0.903569,0.783029,2
0.6,0.2,6,3,0.470187,0.93501,0.00156892,0.000613026,0.835052,0.885805,2
0.6,0.2,6,4,0.41344,0.97446,0.001934,0.000537187,0.732276,0.954322,2
0.6,0.2,6,5,0.32589,1,0.00186225,0,0.578113,1,2
0.6,0.2,8,1,0.534933,0.77423,0.00155395,0.00167921,0.977941,0.587419,3
0.6,0.2,8,2,0.5259,0.856623,0.00170452,0.00122484,0.958087,0.738182,3
0.6,0.2,8,3,0.508957,0.91201,0.00147183,0.00104942,0.928307,0.83869,3
0.6,0.2,8,4,0.484483,0.94872,0.00156547,0.000770674,0.883636,0.905696,3
0.6,0.2,8,5,0.44698,0.972967,0.00162213,0.000679441,0.816631,0.950366,3
0.6,0.2,8,6,0.39316,0.98942,0.0019148,0.000310743,0.716122,0.980146,3
0.6,0.2,8,7,0.309877,1,0.00228054,0,0.56536,1,3
0.6,0.25,2,1,0.545083,1,0.00151696,0,0.692308,1,0
0.6,0.25,3,1,0.54269,0.913917,0.00161515,0.000851138,0.810427,0.871486,0
0.6,0.25,3,2,0.42937,1,0.00198385,0,0.63981,1,0
0.6,0.25,4,1,0.545137,0.878923,0.00170474,0.00114548,0.879699,0.802269,1
0.6,0.25,4,2,0.478387,0.957153,0.00195706,0.000735453,0.771429,0.930794,1
0.6,0.25,4,3,0.376957,1,0.00159961,0,0.609023,1,1
0.6,0.25,5,1,0.542883,0.860437,0.00178052,0.00113886,0.922292,0.763639,1
0.6,0.25,5,2,0.50259,0.935997,0.00185879,0.000821432,0.852356,0.892911,1
0.6,0.25,5,3,0.440347,0.978093,0.00192464,0.000577692,0.74745,0.962519,1
0.6,0.25,5,4,0.348757,1,0.00165667,0,0.590092,1,1
0.6,0.25,6,1,0.54424,0.852073,0.00207096,0.00101953,0.949247,0.741614,2
0.6,0.25,6,2,0.51882,0.926527,0.00185382,0.000908301,0.903569,0.871814,2
0.6,0.25,6,3,0.478257,0.966253,0.00156509,0.00063304,0.835052,0.941922,2
0.6,0.25,6,4,0.417453,0.988163,0.00178863,0.000486902,0.732276,0.979673,2
0.6,0.25,6,5,0.332673,1,0.00134295,0,0.578113,1,2
0.6,0.25,8,1,0.54431,0.845423,0.00138553,0.00136411,0.977941,0.721397,3
0.6,0.25,8,2,0.531863,0.918107,0.00210391,0.0010373,0.958087,0.853196,3
0.6,0.25,8,3,0.5176,0.957587,0.00199745,0.000610311,0.928307,0.924164,3
0.6,0.25,8,4,0.4927,0.97912,0.00197928,0.000549202,0.883636,0.962378,3
0.6,0.25,8,5,0.455267,0.99081,0.00186152,0.000335603,0.816631,0.982954,3
0.6,0.25,8,6,0.3988,0.996783,0.00149689,0.000231163,0.716122,0.994034,3
0.6,0.25,8,7,0.31218,1,0.00166241,0,0.56536,1,3
0.6,0.3,2,1,0.553857,1,0.00183291,0,0.692308,1,0
0.6,0.3,3,1,0.551543,0.936477,0.00197838,0.00102509,0.810427,0.907673,0
0.6,0.3,3,2,0.436117,1,0.00181145,0,0.63981,1,0
0.6,0.3,4,1,0.553283,0.91355,0.00238766,0.00105464,0.879699,0.863495,1
0.6,0.3,4,2,0.48463,0.974673,0.00166927,0.000571158,0.771429,0.959048,1
0.6,0.3,4,3,0.381577,1,0.00139551,0,0.609023,1,1
0.6,0.3,5,1,0.551687,0.904923,0.001501,0.000962987,0.922292,0.841645,1
0.6,0.3,5,2,0.509337,0.963933,0.00174273,0.000605779,0.852356,0.939865,1
0.6,0.3,5,3,0.447737,0.98908,0.00171422,0.000318462,0.74745,0.98196,1
0.6,0.3,5,4,0.352507,1,0.00169936,0,0.590092,1,1
0.6,0.3,6,1,0.551883,0.900797,0.00198647,0.00093118,0.949247,0.83048,1
0.6,0.3,6,2,0.526267,0.96023,0.00203273,0.0006704,0.903569,0.930731,1
0.6,0.3,6,3,0.48572,0.98426,0.00133379,0.000375264,0.835052,0.973695,1
0.6,0.3,6,4,0.425793,0.995273,0.00154245,0.000268599,0.732276,0.992109,1
0.6,0.3,6,5,0.3363,1,0.00186918,0,0.578113,1,1
0.6,0.3,8,1,0.55325,0.898533,0.00189777,0.00100269,0.977941,0.821288,2
0.6,0.3,8,2,0.540877,0.95702,0.00155986,0.000784135,0.958087,0.924046,2
0.6,0.3,8,3,0.521853,0.98171,0.00147219,0.000483432,0.928307,0.968085,2
0.6,0.3,8,4,0.49782,0.992773,0.00164352,0.000282383,0.883636,0.986959,2
0.6,0.3,8,5,0.46231,0.9972,0.00176311,0.000123605,0.816631,0.995048,2
0.6,0.3,8,6,0.404143,0.999123,0.00217284,9.28799e-05,0.716122,0.998514,2
0.6,0.3,8,7,0.32031,1,0.00110465,0,0.56536,1,2
0.6,0.35,2,1,0.56026,1,0.00209984,0,0.692308,1,0
0.6,0.35,3,1,0.56047,0.956757,0.00166876,0.000738745,0.810427,0.937659,0
0.6,0.35,3,2,0.442,1,0.00161481,0,0.63981,1,0
0.6,0.35,4,1,0.56065,0.943567,0.00175237,0.000687516,0.879699,0.91203,0
0.6,0.35,4,2,0.489157,0.98559,0.00208708,0.000472624,0.771429,0.978008,0
0.6,0.35,4,3,0.387507,1,0.0015018,0,0.609023,1,0
0.6,0.35,5,1,0.561783,0.939377,0.00212647,0.000810403,0.922292,0.900911,1
0.6,0.35,5,2,0.517277,0.981533,0.00181412,0.000555115,0.852356,0.969511,1
0.6,0.35,5,3,0.454193,0.995537,0.00183732,0.000173659,0.74745,0.992378,1
0.6,0.35,5,4,0.358103,1,0.00144081,0,0.590092,1,1
0.6,0.35,6,1,0.560073,0.93844,0.00184676,0.000982142,0.949247,0.895687,1
0.6,0.35,6,2,0.534247,0.979847,0.0018591,0.000532244,0.903569,0.966098,1
0.6,0.35,6,3,0.491417,0.993553,0.00211514,0.000313337,0.835052,0.989569,1
0.6,0.35,6,4,0.432183,0.998443,0.00181569,0.000129427,0.732276,0.997392,1
0.6,0.35,6,5,0.342417,1,0.00198058,0,0.578113,1,1
0.6,0.35,8,1,0.55859,0.938323,0.00206495,0.000791214,0.977941,0.891472,1
0.6,0.35,8,2,0.54828,0.97955,0.00213392,0.000525818,0.958087,0.963924,1
0.6,0.35,8,3,0.53132,0.993427,0.00192958,0.000301443,0.928307,0.988074,1
0.6,0.35,8,4,0.505113,0.997787,0.00188012,0.000165389,0.883636,0.996124,1
0.6,0.35,8,5,0.468793,0.999347,0.00216411,9.09826e-05,0.816631,0.998807,1
0.6,0.35,8,6,0.411137,0.999873,0.00148963,4.87704e-05,0.716122,0.999702,1
0.6,0.35,8,7,0.324903,1,0.00160203,0,0.56536,1,1
0.6,0.4,2,1,0.567623,1,0.00187403,0,0.692308,1,0
0.6,0.4,3,1,0.566803,0.97261,0.00165448,0.000698224,0.810427,0.961408,0
0.6,0.4,3,2,0.447843,1,0.00149985,0,0.63981,1,0
0.6,0.4,4,1,0.568213,0.966603,0.00176909,0.000487989,0.879699,0.948253,0
0.6,0.4,4,2,0.498827,0.993167,0.00178554,0.000246911,0.771429,0.989651,0
0.6,0.4,4,3,0.395247,1,0.00208651,0,0.609023,1,0
0.6,0.4,5,1,0.568053,0.96511,0.00153728,0.000726733,0.922292,0.943202,0
0.6,0.4,5,2,0.524243,0.99168,0.00170661,0.000303555,0.852356,0.986477,0
0.6,0.4,5,3,0.461117,0.998323,0.00200191,0.000154326,0.74745,0.997295,0
0.6,0.4,5,4,0.364057,1,0.00150091,0,0.590092,1,0
0.6,0.4,6,1,0.56723,0.964473,0.00176513,0.000622503,0.949247,0.940889,1
0.6,0.4,6,2,0.541113,0.9913,0.00187693,0.000344645,0.903569,0.985396,1
0.6,0.4,6,3,0.49991,0.998057,0.00154206,0.000159393,0.835052,0.996523,1
0.6,0.4,6,4,0.436927,0.999557,0.00142126,5.91992e-05,0.732276,0.999305,1
0.6,0.4,6,5,0.34683,1,0.00171555,0,0.578113,1,1
0.6,0.4,8,1,0.568687,0.96466,0.00190028,0.000723826,0.977941,0.938893,1
0.6,0.4,8,2,0.557273,0.991317,0.00215659,0.000340402,0.958087,0.984734,1
0.6,0.4,8,3,0.5393,0.997893,0.00182229,0.000188169,0.928307,0.996195,1
0.6,0.4,8,4,0.512717,0.999493,0.00204876,8.18894e-05,0.883636,0.99906,1
0.6,0.4,8,5,0.474213,0.999873,0.00205045,4.19567e-05,0.816631,0.999776,1
0.6,0.4,8,6,0.4168,0.999983,0.00181077,1.65014e-05,0.716122,0.999955,1
0.6,0.4,8,7,0.327807,1,0.00180358,0,0.56536,1,1
0.6,0.45,2,1,0.574877,1,0.00159859,0,0.692308,1,0
0.6,0.45,3,1,0.576147,0.984917,0.00151141,0.000493353,0.810427,0.979101,0
0.6,0.45,3,2,0.45404,1,0.00183486,0,0.63981,1,0
0.6,0.45,4,1,0.575667,0.98296,0.00157736,0.000383528,0.879699,0.973432,0
0.6,0.45,4,2,0.50407,0.997423,0.00129655,0.000179214,0.771429,0.996015,0
0.6,0.45,4,3,0.398893,1,0.0016673,0,0.609023,1,0
0.6,0.45,5,1,0.576283,0.981913,0.00175781,0.000468531,0.922292,0.971431,0
0.6,0.45,5,2,0.53081,0.99691,0.00191056,0.000174133,0.852356,0.995088,0
0.6,0.45,5,3,0.467813,0.999557,0.00190872,6.21111e-05,0.74745,0.999263,0
0.6,0.45,5,4,0.368053,1,0.00153164,0,0.590092,1,0
0.6,0.45,6,1,0.575113,0.981497,0.00189246,0.000524703,0.949247,0.970466,0
0.6,0.45,6,2,0.548853,0.99679,0.00180326,0.000190134,0.903569,0.994812,0
0.6,0.45,6,3,0.505433,0.999457,0.00186059,7.61621e-05,0.835052,0.999108,0
0.6,0.45,6,4,0.444973,0.99994,0.00166924,2.9117e-05,0.732276,0.999866,0
0.6,0.45,6,5,0.349967,1,0.00150064,0,0.578113,1,0
0.6,0.45,8,1,0.575737,0.982093,0.00169471,0.000462575,0.977941,0.969546,1
0.6,0.45,8,2,0.563563,0.996917,0.00195505,0.000208887,0.958087,0.994627,1
0.6,0.45,8,3,0.5459,0.999387,0.00175758,0.000110289,0.928307,0.999052,1
0.6,0.45,8,4,0.519573,0.999907,0.00162593,3.86708e-05,0.883636,0.999834,1
0.6,0.45,8,5,0.48085,0.999977,0.00137141,1.80357e-05,0.816631,0.999971,1
0.6,0.45,8,6,0.422023,1,0.00186124,0,0.716122,0.999996,1
0.6,0.45,8,7,0.33314,1,0.00180323,0,0.56536,1,1
0.6,0.5,2,1,0.58546,1,0.00179141,0,0.692308,1,0
0.6,0.5,3,1,0.584633,0.99332,0.00180892,0.000259989,0.810427,0.991094,0
0.6,0.5,3,2,0.460663,1,0.00167247,0,0.63981,1,0
0.6,0.5,4,1,0.58454,0.99304,0.00203697,0.000244443,0.879699,0.989272,0
0.6,0.5,4,2,0.512087,0.9993,0.00142661,8.91523e-05,0.771429,0.998927,0
0.6,0.5,4,3,0.40475,1,0.00181074,0,0.609023,1,0
0.6,0.5,5,1,0.58389,0.9927,0.00201618,0.000325674,0.922292,0.988629,0
0.6,0.5,5,2,0.53968,0.999223,0.00173788,7.49936e-05,0.852356,0.99875,0
0.6,0.5,5,3,0.474337,0.999933,0.00151892,3.43147e-05,0.74745,0.999875,0
0.6,0.5,5,4,0.372913,1,0.00186468,0,0.590092,1,0
0.6,0.5,6,1,0.585103,0.99252,0.00164503,0.000332437,0.949247,0.988283,0
0.6,0.5,6,2,0.554837,0.999273,0.00180053,0.000111958,0.903569,0.9987,0
0.6,0.5,6,3,0.514143,0.9999,0.00180722,3.87468e-05,0.835052,0.999857,0
0.6,0.5,6,4,0.451283,0.999993,0.00152654,9.07883e-06,0.732276,0.999986,0
0.6,0.5,6,5,0.35551,1,0.00145377,0,0.578113,1,0
0.6,0.5,8,1,0.583,0.99288,0.00184418,0.000302972,0.977941,0.987927,0
0.6,0.5,8,2,0.570973,0.99924,0.00143446,9.56514e-05,0.958087,0.998659,0
0.6,0.5,8,3,0.557237,0.99993,0.00104951,2.84264e-05,0.928307,0.999851,0
0.6,0.5,8,4,0.52665,0.999997,0.00179752,6.53333e-06,0.883636,0.999983,0
0.6,0.5,8,5,0.488587,1,0.00195024,0,0.816631,0.999998,0
0.6,0.5,8,6,0.427343,1,0.0017265,0,0.716122,1,0
0.6,0.5,8,7,0.337977,1,0.00137267,0,0.56536,1,0
0.6,0.55,2,1,0.592113,1,0.00198246,0,0.692308,1,0
0.6,0.55,3,1,0.59135,0.99848,0.0017151,0.000141087,0.810427,0.997873,0
0.6,0.55,3,2,0.46723,1,0.0014973,0,0.63981,1,0
0.6,0.55,4,1,0.593297,0.998407,0.00153249,0.000133541,0.879699,0.99757,0
0.6,0.55,4,2,0.51986,0.999923,0.00195999,3.60101e-05,0.771429,0.999878,0
0.6,0.55,4,3,0.409307,1,0.00208132,0,0.609023,1,0
0.6,0.55,5,1,0.591343,0.998237,0.00167132,0.000155125,0.922292,0.997446,0
0.6,0.55,5,2,0.548213,0.99992,0.00142333,3.0306e-05,0.852356,0.999866,0
0.6,0.55,5,3,0.4803,0.999993,0.00135685,9.07883e-06,0.74745,0.999993,0
0.6,0.55,5,4,0.379607,1,0.00184925,0,0.590092,1,0
0.6,0.55,6,1,0.592587,0.998247,0.00166642,0.000175492,0.949247,0.997371,0
0.6,0.55,6,2,0.563913,0.999917,0.00184384,3.26667e-05,0.903569,0.999862,0
0.6,0.55,6,3,0.52097,0.999997,0.00218901,6.53333e-06,0.835052,0.999993,0
0.6,0.55,6,4,0.455093,1,0.00205029,0,0.732276,1,0
0.6,0.55,6,5,0.361483,1,0.00136111,0,0.578113,1,0
0.6,0.55,8,1,0.59341,0.99835,0.00185231,0.000116525,0.977941,0.997291,0
0.6,0.55,8,2,0.580103,0.999913,0.00176744,3.48257e-05,0.958087,0.999857,0
0.6,0.55,8,3,0.562633,0.999997,0.00171288,6.53333e-06,0.928307,0.999992,0
0.6,0.55,8,4,0.535917,0.999997,0.00140821,6.53333e-06,0.883636,1,0
0.6,0.55,8,5,0.49513,1,0.00194337,0,0.816631,1,0
0.6,0.55,8,6,0.433707,1,0.00208717,0,0.716122,1,0
0.6,0.55,8,7,0.343993,1,0.0018059,0,0.56536,1,0
0.65,0.05,2,1,0.57522,1,0.00150017,0,0.775229,1,0
0.65,0.05,3,1,0.575767,0.725957,0.00176015,0.00210106,0.883888,0.581316,1
0.65,0.05,3,2,0.485423,1,0.0013243,0,0.743725,1,1
0.65,0.05,4,1,0.575623,0.599923,0.0017206,0.00181905,0.938817,0.35005,2
0.65,0.05,4,2,0.531777,0.760613,0.00170511,0.00148693,0.864961,0.61003,2
0.65,0.05,4,3,0.447,1,0.00167584,0,0.727799,1,2
0.65,0.05,5,1,0.57722,0.53353,0.0016476,0.00167832,0.967431,0.215968,3
0.65,0.05,5,2,0.551437,0.631583,0.00155875,0.00180969,0.928115,0.381028,3
0.65,0.05,5,3,0.509967,0.778153,0.00158571,0.00159975,0.855101,0.628617,3
0.65,0.05,5,4,0.428777,1,0.001734,0,0.719502,1,3
0.65,0.05,6,1,0.576317,0.492947,0.00186644,0.00127912,0.98257,0.135634,4
0.65,0.05,6,2,0.564957,0.554483,0.00170407,0.0016381,0.961529,0.242018,4
0.65,0.05,6,3,0.540723,0.64921,0.00166146,0.00177494,0.922453,0.401593,4
0.65,0.05,6,4,0.497807,0.789597,0.00192093,0.00153278,0.849884,0.640956,4
0.65,0.05,6,5,0.421017,1,0.00143705,0,0.715113,1,4
0.65,0.05,8,1,0.577593,0.454187,0.00220541,0.00195914,0.994972,0.0555265,6
0.65,0.05,8,2,0.57167,0.478483,0.00169108,0.00178443,0.988902,0.100975,6
0.65,0.05,8,3,0.566583,0.52134,0.00163757,0.00207843,0.977629,0.169147,6
0.65,0.05,8,4,0.55583,0.578,0.00159614,0.00156287,0.956694,0.271406,6
0.65,0.05,8,5,0.531787,0.665517,0.00165459,0.0016771,0.917815,0.424794,6
0.65,0.05,8,6,0.49065,0.799767,0.00171485,0.00118484,0.845611,0.654877,6
0.65,0.05,8,7,0.41105,1,0.00183912,0,0.711517,1,6
0.65,0.1,2,1,0.58159,1,0.00175452,0,0.775229,1,0
0.65,0.1,3,1,0.583427,0.764863,0.00173856,0.00111721,0.883888,0.644683,1
0.65,0.1,3,2,0.489603,1,0.00181029,0,0.743725,1,1
0.65,0.1,4,1,0.583043,0.650553,0.00151109,0.00186463,0.938817,0.437639,2
0.65,0.1,4,2,0.537283,0.80738,0.00168435,0.00152026,0.864961,0.690702,2
0.65,0.1,4,3,0.45297,1,0.00166107,0,0.727799,1,2
0.65,0.1,5,1,0.58465,0.583653,0.00183765,0.00145815,0.967431,0.309135,3
0.65,0.1,5,2,0.558857,0.696357,0.0019377,0.00148848,0.928115,0.495049,3
0.65,0.1,5,3,0.51475,0.833073,0.00222118,0.00141406,0.855101,0.722277,3
0.65,0.1,5,4,0.43366,1,0.00159988,0,0.719502,1,3
0.65,0.1,6,1,0.582463,0.53942,0.00173748,0.00174453,0.98257,0.225366,4
0.65,0.1,6,2,0.571173,0.622873,0.00182988,0.00154816,0.961529,0.365145,4
0.65,0.1,6,3,0.5475,0.723783,0.00142743,0.00183869,0.922453,0.535987,4
0.65,0.1,6,4,0.503403,0.847767,0.00168423,0.00128891,0.849884,0.744793,4
0.65,0.1,6,5,0.424587,1,0.00143341,0,0.715113,1,4
0.65,0.1,8,1,0.584207,0.490007,0.00177251,0.00131571,0.994972,0.128492,6
0.65,0.1,8,2,0.579407,0.537083,0.00169847,0.0019762,0.988902,0.211486,6
0.65,0.1,8,3,0.573793,0.598663,0.00170073,0.00137863,0.977629,0.312924,6
0.65,0.1,8,4,0.55955,0.669227,0.00163669,0.00126793,0.956694,0.436904,6
0.65,0.1,8,5,0.535713,0.75928,0.00167702,0.00156372,0.917815,0.588435,6
0.65,0.1,8,6,0.495137,0.86668,0.00218775,0.00152906,0.845611,0.773639,6
0.65,0.1,8,7,0.416433,1,0.00163682,0,0.711517,1,6
0.65,0.15,2,1,0.58872,1,0.00208652,0,0.775229,1,0
0.65,0.15,3,1,0.588967,0.803503,0.00160448,0.00148874,0.883888,0.705371,1
0.65,0.15,3,2,0.495597,1,0.00128576,0,0.743725,1,1
0.65,0.15,4,1,0.58867,0.70736,0.0019403,0.00172496,0.938817,0.530591,2
0.65,0.15,4,2,0.54334,0.852957,0.00205034,0.00140967,0.864961,0.765296,2
0.65,0.15,4,3,0.456277,1,0.00148604,0,0.727799,1,2
0.65,0.15,5,1,0.587967,0.64682,0.00170303,0.00156293,0.967431,0.419541,3
0.65,0.15,5,2,0.56546,0.763383,0.0019102,0.00176668,0.928115,0.613028,3
0.65,0.15,5,3,0.521557,0.882123,0.00155211,0.00113712,0.855101,0.806514,3
0.65,0.15,5,4,0.437343,1,0.00195141,0,0.719502,1,3
0.65,0.15,6,1,0.589717,0.607437,0.00181778,0.00169023,0.98257,0.344953,4
0.65,0.15,6,2,0.57702,0.70629,0.0017072,0.00168431,0.961529,0.508715,4
0.65,0.15,6,3,0.552837,0.803783,0.00156166,0.00142201,0.922453,0.672477,4
0.65,0.15,6,4,0.508083,0.902637,0.00146423,0.00113606,0.849884,0.836238,4
0.65,0.15,6,5,0.42801,1,0.00219079,0,0.715113,1,4
0.65,0.15,8,1,0.586907,0.55664,0.00185875,0.00131755,0.994972,0.253771,5
0.65,0.15,8,2,0.585893,0.63183,0.00200369,0.00167215,0.988902,0.378143,5
0.65,0.15,8,3,0.579513,0.706467,0.00188111,0.00151627,0.977629,0.502514,5
0.65,0.15,8,4,0.56789,0.778693,0.00190719,0.00136254,0.956694,0.626886,5
0.65,0.15,8,5,0.54284,0.85273,0.00198869,0.00112079,0.917815,0.751257,5
0.65,0.15,8,6,0.49984,0.927483,0.00173293,0.000866358,0.845611,0.875629,5
0.65,0.15,8,7,0.42147,1,0.00178849,0,0.711517,1,5
0.65,0.2,2,1,0.59256,1,0.00198822,0,0.775229,1,0
0.65,0.2,3,1,0.596233,0.838517,0.00135148,0.00114422,0.883888,0.762143,1
0.65,0.2,3,2,0.501183,1,0.00149497,0,0.743725,1,1
0.65,0.2,4,1,0.596137,0.76248,0.00211005,0.00101307,0.938817,0.623544,2
0.65,0.2,4,2,0.548353,0.892907,0.00159419,0.00104286,0.864961,0.830595,2
0.65,0.2,4,3,0.460777,1,0.00164664,0,0.727799,1,2
0.65,0.2,5,1,0.595733,0.714303,0.00146213,0.00168929,0.967431,0.53752,2
0.65,0.2,5,2,0.5692,0.830127,0.00167207,0.00144201,0.928115,0.723434,2
0.65,0.2,5,3,0.526737,0.923337,0.00176093,0.000837404,0.855101,0.875545,2
0.65,0.2,5,4,0.44235,1,0.00145092,0,0.719502,1,2
0.65,0.2,6,1,0.595877,0.68617,0.00133655,0.00171648,0.98257,0.481444,3
0.65,0.2,6,2,0.582607,0.789213,0.00154536,0.00151138,0.961529,0.652285,3
0.65,0.2,6,3,0.558927,0.87452,0.00164507,0.0014374,0.922453,0.792064,3
0.65,0.2,6,4,0.512793,0.94355,0.00182025,0.000854331,0.849884,0.906429,3
0.65,0.2,6,5,0.431937,1,0.00174215,0,0.715113,1,3
0.65,0.2,8,1,0.59498,0.652,0.00167392,0.00155936,0.994972,0.416594,5
0.65,0.2,8,2,0.589853,0.74164,0.00157331,0.00176839,0.988902,0.568124,5
0.65,0.2,8,3,0.584763,0.816967,0.00163088,0.00167756,0.977629,0.692104,5
0.65,0.2,8,4,0.570817,0.875783,0.0016535,0.00086936,0.956694,0.793542,5
0.65,0.2,8,5,0.548337,0.92654,0.00194275,0.00087541,0.917815,0.876537,5
0.65,0.2,8,6,0.504807,0.966793,0.00152291,0.000455553,0.845611,0.944442,5
0.65,0.2,8,7,0.423687,1,0.00155578,0,0.711517,1,5
0.65,0.25,2,1,0.60177,1,0.00216642,0,0.775229,1,0
0.65,0.25,3,1,0.600687,0.874407,0.00174459,0.00128082,0.883888,0.813918,1
0.65,0.25,3,2,0.50706,1,0.00179918,0,0.743725,1,1
0.65,0.25,4,1,0.60154,0.815557,0.00172291,0.00121978,0.938817,0.711133,1
0.65,0.25,4,2,0.553603,0.92559,0.00212382,0.00073513,0.864961,0.884453,1
0.65,0.25,4,3,0.466383,1,0.00167019,0,0.727799,1,1
0.65,0.25,5,1,0.600547,0.783773,0.00140418,0.00150928,0.967431,0.651541,2
0.65,0.25,5,2,0.577647,0.886043,0.00185796,0.000948246,0.928115,0.816601,2
0.65,0.25,5,3,0.53015,0.9547,0.00158427,0.000647404,0.855101,0.92664,2
0.65,0.25,5,4,0.446643,1,0.00189856,0,0.719502,1,2
0.65,0.25,6,1,0.601533,0.764083,0.00179002,0.00157051,0.98257,0.615837,3
0.65,0.25,6,2,0.587833,0.862883,0.00160714,0.00145178,0.961529,0.775413,3
0.65,0.25,6,3,0.563167,0.92746,0.00157228,0.000859117,0.922453,0.881796,3
0.65,0.25,6,4,0.519163,0.970643,0.00157035,0.000864654,0.849884,0.952718,3
0.65,0.25,6,5,0.436357,1,0.00169581,0,0.715113,1,3
0.65,0.25,8,1,0.600713,0.747053,0.00172619,0.00172893,0.994972,0.580234,4
0.65,0.25,8,2,0.597267,0.838043,0.00181282,0.00131862,0.988902,0.733622,4
0.65,0.25,8,3,0.58904,0.900463,0.00159266,0.00109977,0.977629,0.835881,4
0.65,0.25,8,4,0.577397,0.942623,0.00147194,0.000782968,0.956694,0.904053,4
0.65,0.25,8,5,0.55319,0.968863,0.00167395,0.000545579,0.917815,0.949502,4
0.65,0.25,8,6,0.511617,0.987757,0.00178099,0.00038549,0.845611,0.979801,4
0.65,0.25,8,7,0.43003,1,0.00161399,0,0.711517,1,4
0.65,0.3,2,1,0.60565,1,0.00173522,0,0.775229,1,0
0.65,0.3,3,1,0.606833,0.904637,0.00157394,0.00116292,0.883888,0.859836,1
0.65,0.3,3,2,0.510557,1,0.00177577,0,0.743725,1,1
0.65,0.3,4,1,0.608283,0.86383,0.00180669,0.00121965,0.938817,0.788981,1
0.65,0.3,4,2,0.55981,0.952313,0.00176508,0.000613198,0.864961,0.926144,1
0.65,0.3,4,3,0.47227,1,0.00131266,0,0.727799,1,1
0.65,0.3,5,1,0.606167,0.843147,0.00191804,0.00105418,0.967431,0.752071,2
0.65,0.3,5,2,0.581553,0.92915,0.00211587,0.000661822,0.928115,0.88767,2
0.65,0.3,5,3,0.536153,0.975563,0.00129193,0.000589311,0.855101,0.960684,2
0.65,0.3,5,4,0.45292,1,0.00140791,0,0.719502,1,2
0.65,0.3,6,1,0.60687,0.834383,0.00180314,0.00137081,0.98257,0.732543,2
0.65,0.3,6,2,0.593857,0.91715,0.00206079,0.00118832,0.961529,0.867314,2
0.65,0.3,6,3,0.570873,0.962743,0.00226873,0.000733587,0.922453,0.939884,2
0.65,0.3,6,4,0.52631,0.986813,0.00186564,0.000325095,0.849884,0.978959,2
0.65,0.3,6,5,0.441787,1,0.00201149,0,0.715113,1,2
0.65,0.3,8,1,0.606647,0.82716,0.0015875,0.0014181,0.994972,0.716545,3
0.65,0.3,8,2,0.60299,0.908987,0.00179677,0.00103499,0.988902,0.850639,3
0.65,0.3,8,3,0.596723,0.952243,0.00203441,0.000904294,0.977629,0.922843,3
0.65,0.3,8,4,0.582803,0.976447,0.00191898,0.000644789,0.956694,0.961722,3
0.65,0.3,8,5,0.558363,0.989407,0.00160984,0.000289487,0.917815,0.982657,3
0.65,0.3,8,6,0.515497,0.99628,0.00173524,0.000234448,0.845611,0.99393,3
0.65,0.3,8,7,0.435197,1,0.00155677,0,0.711517,1,3
0.65,0.35,2,1,0.61341,1,0.00177218,0,0.775229,1,0
0.65,0.35,3,1,0.61518,0.929813,0.00162077,0.000895414,0.883888,0.899304,0
0.65,0.35,3,2,0.51498,1,0.00181861,0,0.743725,1,0
0.65,0.35,4,1,0.61367,0.904203,0.00171866,0.00110733,0.938817,0.854321,1
0.65,0.35,4,2,0.565383,0.971513,0.00155542,0.000569516,0.864961,0.956296,1
0.65,0.35,4,3,0.475837,1,0.00170718,0,0.727799,1,1
0.65,0.35,5,1,0.613173,0.895113,0.00159278,0.00105431,0.967431,0.833894,1
0.65,0.35,5,2,0.58846,0.959433,0.00193838,0.000651099,0.928115,0.936922,1
0.65,0.35,5,3,0.54149,0.988023,0.00186557,0.000464076,0.855101,0.981077,1
0.65,0.35,5,4,0.456023,1,0.00185423,0,0.719502,1,1
0.65,0.35,6,1,0.614513,0.889597,0.0018652,0.00106944,0.98257,0.824529,2
0.65,0.35,6,2,0.599767,0.954543,0.00173869,0.000654235,0.961529,0.928299,2
0.65,0.35,6,3,0.57536,0.98309,0.001666,0.000462519,0.922453,0.972772,2
0.65,0.35,6,4,0.530293,0.994977,0.00257345,0.000225869,0.849884,0.991832,2
0.65,0.35,6,5,0.446827,1,0.00167655,0,0.715113,1,2
0.65,0.35,8,1,0.614187,0.887373,0.00178101,0.00129852,0.994972,0.818176,3
0.65,0.35,8,2,0.608693,0.952333,0.00149408,0.000907348,0.988902,0.922723,3
0.65,0.35,8,3,0.601987,0.979857,0.00168665,0.000442748,0.977629,0.967529,3
0.65,0.35,8,4,0.588323,0.991867,0.00182465,0.000266188,0.956694,0.986732,3
0.65,0.35,8,5,0.565727,0.9969,0.00168807,0.000172515,0.917815,0.994961,3
0.65,0.35,8,6,0.521587,0.999023,0.00145372,0.000123491,0.845611,0.998488,3
0.65,0.35,8,7,0.439757,1,0.00178477,0,0.711517,1,3
0.65,0.4,2,1,0.62019,1,0.00157602,0,0.775229,1,0
0.65,0.4,3,1,0.61881,0.9518,0.00170577,0.000727197,0.883888,0.932009,0
0.65,0.4,3,2,0.52075,1,0.00152111,0,0.743725,1,0
0.65,0.4,4,1,0.620067,0.938373,0.00179153,0.000783884,0.938817,0.906118,1
0.65,0.4,4,2,0.570667,0.9841,0.00179667,0.000462581,0.864961,0.97653,1
0.65,0.4,4,3,0.480323,1,0.0011229,0,0.727799,1,1
0.65,0.4,5,1,0.6193,0.93327,0.00173927,0.0010204,0.967431,0.896061,1
0.65,0.4,5,2,0.594737,0.97966,0.00150792,0.000456586,0.928115,0.968019,1
0.65,0.4,5,3,0.547277,0.994713,0.0017735,0.000238617,0.855101,0.992005,1
0.65,0.4,5,4,0.460463,1,0.00199356,0,0.719502,1,1
0.65,0.4,6,1,0.619517,0.93146,0.00167027,0.000849139,0.98257,0.892025,1
0.65,0.4,6,2,0.604587,0.9778,0.00196422,0.000484859,0.961529,0.964908,1
0.65,0.4,6,3,0.580633,0.992997,0.00181725,0.000271957,0.922453,0.989203,1
0.65,0.4,6,4,0.535567,0.998277,0.00163114,0.000142422,0.849884,0.997301,1
0.65,0.4,6,5,0.45146,1,0.00186292,0,0.715113,1,1
0.65,0.4,8,1,0.618373,0.931587,0.00182879,0.000835411,0.994972,0.889582,2
0.65,0.4,8,2,0.614217,0.977223,0.0016107,0.000490264,0.988902,0.963295,2
0.65,0.4,8,3,0.607863,0.992367,0.001581,0.000335996,0.977629,0.987866,2
0.65,0.4,8,4,0.59584,0.997443,0.0018733,0.000162683,0.956694,0.996057,2
0.65,0.4,8,5,0.570943,0.99922,0.00165576,0.000111351,0.917815,0.998787,2
0.65,0.4,8,6,0.525843,0.999837,0.00212087,4.55398e-05,0.845611,0.999697,2
0.65,0.4,8,7,0.442743,1,0.0017142,0,0.711517,1,2
0.65,0.45,2,1,0.62565,1,0.00215616,0,0.775229,1,0
0.65,0.45,3,1,0.625353,0.970347,0.00182657,0.000577906,0.883888,0.95791,0
0.65,0.45,3,2,0.527107,1,0.00237945,0,0.743725,1,0
0.65,0.45,4,1,0.626003,0.963023,0.0015032,0.000587676,0.938817,0.944775,0
0.65,0.45,4,2,0.576453,0.99261,0.00189223,0.000289398,0.864961,0.988955,0
0.65,0.45,4,3,0.484587,1,0.00124809,0,0.727799,1,0
0.65,0.45,5,1,0.62472,0.96117,0.0018381,0.000768594,0.967431,0.940422,1
0.65,0.45,5,2,0.5995,0.990537,0.00175946,0.000382592,0.928115,0.985815,1
0.65,0.45,5,3,0.55252,0.998123,0.00184261,0.000153177,0.855101,0.997163,1
0.65,0.45,5,4,0.466757,1,0.00169329,0,0.719502,1,1
0.65,0.45,6,1,0.626493,0.961347,0.00175177,0.000756058,0.98257,0.938814,1
0.65,0.45,6,2,0.611503,0.99005,0.0014091,0.000318788,0.961529,0.984884,1
0.65,0.45,6,3,0.585603,0.997533,0.00202001,0.000177394,0.922453,0.996401,1
0.65,0.45,6,4,0.540057,0.999513,0.00187598,8.33855e-05,0.849884,0.99928,1
0.65,0.45,6,5,0.455913,1,0.00128215,0,0.715113,1,1
0.65,0.45,8,1,0.625773,0.960973,0.00156094,0.000733421,0.994972,0.937829,2
0.65,0.45,8,2,0.621753,0.990437,0.00158195,0.000358028,0.988902,0.984469,2
0.65,0.45,8,3,0.61445,0.99759,0.00218284,0.000174386,0.977629,0.996129,2
0.65,0.45,8,4,0.60138,0.999433,0.00176659,8.26409e-05,0.956694,0.999044,2
0.65,0.45,8,5,0.578747,0.99986,0.00140497,3.94246e-05,0.917815,0.999772,2
0.65,0.45,8,6,0.530847,0.99996,0.00140635,2.59071e-05,0.845611,0.999954,2
0.65,0.45,8,7,0.446667,1,0.00160145,0,0.711517,1,2
0.65,0.5,2,1,0.63196,1,0.00214774,0,0.775229,1,0
0.65,0.5,3,1,0.630947,0.983903,0.0015943,0.00041652,0.883888,0.977206,0
0.65,0.5,3,2,0.530357,1,0.00171832,0,0.743725,1,0
0.65,0.5,4,1,0.6311,0.981027,0.00135301,0.000507371,0.938817,0.971646,0
0.65,0.5,4,2,0.582947,0.997343,0.00221985,0.000217706,0.864961,0.995747,0
0.65,0.5,4,3,0.4892,1,0.00216899,0,0.727799,1,0
0.65,0.5,5,1,0.62998,0.980163,0.00179412,0.000530395,0.967431,0.970033,0
0.65,0.5,5,2,0.6072,0.99676,0.00176852,0.000197928,0.928115,0.994848,0
0.65,0.5,5,3,0.55754,0.999433,0.0015913,7.59589e-05,0.855101,0.999227,0
0.65,0.5,5,4,0.469293,1,0.00159422,0,0.719502,1,0
0.65,0.5,6,1,0.631537,0.980303,0.0014819,0.000528977,0.98257,0.96943,1
0.65,0.5,6,2,0.617907,0.996473,0.00190861,0.00017804,0.961529,0.99463,1
0.65,0.5,6,3,0.592587,0.999423,0.00225365,8.44118e-05,0.922453,0.999077,1
0.65,0.5,6,4,0.54692,0.999917,0.00176799,2.83227e-05,0.849884,0.999862,1
0.65,0.5,6,5,0.460353,1,0.00152346,0,0.715113,1,1
0.65,0.5,8,1,0.632467,0.98037,0.00148864,0.000482774,0.994972,0.969016,1
0.65,0.5,8,2,0.627757,0.996423,0.00172943,0.000202795,0.988902,0.994533,1
0.65,0.5,8,3,0.621523,0.999363,0.0023485,0.000102292,0.977629,0.999036,1
0.65,0.5,8,4,0.606717,0.999907,0.00162796,3.63153e-05,0.956694,0.999831,1
0.65,0.5,8,5,0.582053,0.999977,0.00164178,1.80357e-05,0.917815,0.999971,1
0.65,0.5,8,6,0.53783,0.999993,0.00178844,9.07883e-06,0.845611,0.999996,1
0.65,0.5,8,7,0.453307,1,0.00164595,0,0.711517,1,1
0.65,0.55,2,1,0.638107,1,0.00147391,0,0.775229,1,0
0.65,0.55,3,1,0.63923,0.992723,0.00169723,0.000237681,0.883888,0.990287,0
0.65,0.55,3,2,0.53677,1,0.00180916,0,0.743725,1,0
0.65,0.55,4,1,0.63733,0.99232,0.00170372,0.000357154,0.938817,0.988551,0
0.65,0.55,4,2,0.587297,0.999273,0.00145359,8.02554e-05,0.864961,0.998855,0
0.65,0.55,4,3,0.49486,1,0.00182907,0,0.727799,1,0
0.65,0.55,5,1,0.638653,0.991957,0.00141938,0.000367306,0.967431,0.988073,0
0.65,0.55,5,2,0.612713,0.999147,0.00154781,8.95148e-05,0.928115,0.998689,0
0.65,0.55,5,3,0.564033,0.99989,0.00156978,4.73152e-05,0.855101,0.999869,0
0.65,0.55,5,4,0.47329,1,0.00201274,0,0.719502,1,0
0.65,0.55,6,1,0.638177,0.991973,0.00179188,0.000292371,0.98257,0.987871,0
0.65,0.55,6,2,0.623737,0.999043,0.00177056,0.000135429,0.961529,0.998654,0
0.65,0.55,6,3,0.60003,0.99988,0.00149975,4.4477e-05,0.922453,0.999852,0
0.65,0.55,6,4,0.552127,0.99999,0.00165929,1.09189e-05,0.849884,0.999985,0
0.65,0.55,6,5,0.464427,1,0.00168157,0,0.715113,1,0
0.65,0.55,8,1,0.637137,0.992177,0.00168158,0.000327389,0.994972,0.987716,1
0.65,0.55,8,2,0.63199,0.999173,0.00169239,0.000115835,0.988902,0.998635,1
0.65,0.55,8,3,0.62697,0.999897,0.00130236,3.3203e-05,0.977629,0.999848,1
0.65,0.55,8,4,0.611847,0.999987,0.00161321,1.23724e-05,0.956694,0.999983,1
0.65,0.55,8,5,0.58827,1,0.00204138,0,0.917815,0.999998,1
0.65,0.55,8,6,0.541133,1,0.00187183,0,0.845611,1,1
0.65,0.55,8,7,0.455883,1,0.00165916,0,0.711517,1,1
0.65,0.6,2,1,0.644007,1,0.00185516,0,0.775229,1,0
0.65,0.6,3,1,0.64469,0.998363,0.00159623,0.000147538,0.883888,0.99768,0
0.65,0.6,3,2,0.54139,1,0.0017208,0,0.743725,1,0
0.65,0.6,4,1,0.643757,0.998163,0.00210951,0.000180638,0.938817,0.997407,0
0.65,0.6,4,2,0.59279,0.999917,0.00163717,3.12858e-05,0.864961,0.99987,0
0.65,0.6,4,3,0.49921,1,0.00201528,0,0.727799,1,0
0.65,0.6,5,1,0.643967,0.998193,0.00129216,0.000194174,0.967431,0.997321,0
0.65,0.6,5,2,0.617273,0.999903,0.00134068,4.04019e-05,0.928115,0.999859,0
0.65,0.6,5,3,0.568007,1,0.00143289,0,0.855101,0.999993,0
0.65,0.6,5,4,0.47831,1,0.00182154,0,0.719502,1,0
0.65,0.6,6,1,0.644247,0.998143,0.00156079,0.000160772,0.98257,0.997278,0
0.65,0.6,6,2,0.63003,0.999903,0.00161032,3.3203e-05,0.961529,0.999857,0
0.65,0.6,6,3,0.602407,0.999997,0.00178428,6.53333e-06,0.922453,0.999992,0
0.65,0.6,6,4,0.556673,1,0.00115087,0,0.849884,1,0
0.65,0.6,6,5,0.469863,1,0.00193781,0,0.715113,1,0
0.65,0.6,8,1,0.642467,0.998237,0.001928,0.000172894,0.994972,0.997244,0
0.65,0.6,8,2,0.641043,0.999907,0.00128535,2.64691e-05,0.988902,0.999855,0
0.65,0.6,8,3,0.633243,0.999987,0.00137344,1.23724e-05,0.977629,0.999992,0
0.65,0.6,8,4,0.61971,1,0.00120827,0,0.956694,1,0
0.65,0.6,8,5,0.595293,1,0.00133636,0,0.917815,1,0
0.65,0.6,8,6,0.547233,1,0.00177715,0,0.845611,1,0
0.65,0.6,8,7,0.45959,1,0.00166874,0,0.711517,1,0
0.7,0.05,2,1,0.641307,1,0.001983,0,0.844828,1,0
0.7,0.05,3,1,0.643423,0.64895,0.00203022,0.00213872,0.934798,0.488735,1
0.7,0.05,3,2,0.568,1,0.00150122,0,0.828302,1,1
0.7,0.05,4,1,0.640773,0.503627,0.00157584,0.00230039,0.972289,0.246253,2
0.7,0.05,4,2,0.613113,0.677027,0.00194609,0.0017148,0.927027,0.510065,2
0.7,0.05,4,3,0.541187,1,0.00166481,0,0.821416,1,2
0.7,0.05,5,1,0.642677,0.43251,0.00119816,0.00202176,0.988166,0.126572,3
0.7,0.05,5,2,0.628507,0.52315,0.00162606,0.00226075,0.968837,0.265077,3
0.7,0.05,5,3,0.59885,0.690273,0.00187994,0.00162514,0.923736,0.5223,3
0.7,0.05,5,4,0.529843,1,0.00182755,0,0.8185,1,3
0.7,0.05,6,1,0.64143,0.398933,0.00155681,0.00123033,0.994936,0.0659371,4
0.7,0.05,6,2,0.636017,0.443817,0.00146486,0.00139159,0.986665,0.13942,4
0.7,0.05,6,3,0.623853,0.533137,0.00169002,0.00185282,0.967365,0.275887,4
0.7,0.05,6,4,0.595183,0.69731,0.00157416,0.00185043,0.922333,0.529327,4
0.7,0.05,6,5,0.528033,1,0.0016075,0,0.817257,1,4
0.7,0.05,8,1,0.640963,0.369467,0.00159902,0.00184285,0.999071,0.0183433,6
0.7,0.05,8,2,0.64122,0.383597,0.00174465,0.00183483,0.997553,0.0393645,6
0.7,0.05,8,3,0.639117,0.407693,0.00179871,0.00190713,0.994011,0.0784039,6
0.7,0.05,8,4,0.634023,0.45445,0.00153969,0.00131332,0.985748,0.150906,6
0.7,0.05,8,5,0.620463,0.541367,0.00150804,0.00176891,0.966466,0.285552,6
0.7,0.05,8,6,0.591507,0.7022,0.00144149,0.00146559,0.921475,0.535609,6
0.7,0.05,8,7,0.524203,1,0.0016914,0,0.816497,1,6
0.7,0.1,2,1,0.645343,1,0.00218618,0,0.844828,1,0
0.7,0.1,3,1,0.647077,0.692697,0.00140967,0.00165541,0.934798,0.557201,1
0.7,0.1,3,2,0.573913,1,0.00175561,0,0.828302,1,1
0.7,0.1,4,1,0.64699,0.551743,0.00180134,0.00183214,0.972289,0.326877,2
0.7,0.1,4,2,0.616053,0.731133,0.00145572,0.0013882,0.927027,0.596126,2
0.7,0.1,4,3,0.54673,1,0.00127464,0,0.821416,1,2
0.7,0.1,5,1,0.6457,0.475613,0.00202489,0.0022989,0.988166,0.199164,3
0.7,0.1,5,2,0.633223,0.58667,0.00170426,0.00180701,0.968837,0.367761,3
0.7,0.1,5,3,0.60485,0.751657,0.0014603,0.00174507,0.923736,0.620657,3
0.7,0.1,5,4,0.534187,1,0.00191411,0,0.8185,1,3
0.7,0.1,6,1,0.645833,0.4327,0.00148591,0.00193565,0.994936,0.124756,4
0.7,0.1,6,2,0.640573,0.501133,0.00178992,0.00130254,0.986665,0.232478,4
0.7,0.1,6,3,0.62738,0.607003,0.00121287,0.0021871,0.967365,0.394062,4
0.7,0.1,6,4,0.59914,0.764093,0.00157946,0.00152282,0.922333,0.636437,4
0.7,0.1,6,5,0.530213,1,0.00123052,0,0.817257,1,4
0.7,0.1,8,1,0.64511,0.385937,0.00138969,0.00188575,0.999071,0.0516355,6
0.7,0.1,8,2,0.645347,0.416803,0.00182756,0.00167688,0.997553,0.0972711,6
0.7,0.1,8,3,0.642883,0.460387,0.00169655,0.00231055,0.994011,0.165724,6
0.7,0.1,8,4,0.636303,0.527583,0.00202392,0.00177533,0.985748,0.268405,6
0.7,0.1,8,5,0.626137,0.625657,0.0019334,0.00164383,0.966466,0.422425,6
0.7,0.1,8,6,0.594397,0.77687,0.00144887,0.0013446,0.921475,0.653455,6
0.7,0.1,8,7,0.52916,1,0.00193947,0,0.816497,1,6
0.7,0.15,2,1,0.65112,1,0.00172611,0,0.844828,1,0
0.7,0.15,3,1,0.650633,0.738517,0.00169809,0.00177279,0.934798,0.624217,1
0.7,0.15,3,2,0.57635,1,0.00202458,0,0.828302,1,1
0.7,0.15,4,1,0.651023,0.609587,0.00140229,0.00177022,0.972289,0.417589,2
0.7,0.15,4,2,0.6219,0.786327,0.00163589,0.00156216,0.927027,0.679674,2
0.7,0.15,4,3,0.55022,1,0.00157921,0,0.821416,1,2
0.7,0.15,5,1,0.649053,0.535623,0.00183363,0.00159778,0.988166,0.294328,3
0.7,0.15,5,2,0.63801,0.66013,0.00164535,0.00179942,0.968837,0.484226,3
0.7,0.15,5,3,0.60817,0.81345,0.00152074,0.0017924,0.923736,0.716324,3
0.7,0.15,5,4,0.538833,1,0.00173572,0,0.8185,1,3
0.7,0.15,6,1,0.650523,0.48626,0.00130806,0.00196633,0.994936,0.215617,4
0.7,0.15,6,2,0.64572,0.57846,0.00155062,0.00177986,0.986665,0.357155,4
0.7,0.15,6,3,0.634467,0.693497,0.00154354,0.00155063,0.967365,0.530147,4
0.7,0.15,6,4,0.60319,0.831507,0.00170883,0.00118602,0.922333,0.741581,4
0.7,0.15,6,5,0.53315,1,0.00170581,0,0.817257,1,4
0.7,0.15,8,1,0.649087,0.429433,0.00149381,0.00192562,0.999071,0.124901,6
0.7,0.15,8,2,0.65018,0.485543,0.00171213,0.00177649,0.997553,0.208238,6
0.7,0.15,8,3,0.64565,0.551113,0.00172979,0.00127746,0.994011,0.310094,6
0.7,0.15,8,4,0.642103,0.630847,0.00192544,0.00187794,0.985748,0.434584,6
0.7,0.15,8,5,0.62992,0.731627,0.00205385,0.00167246,0.966466,0.586739,6
0.7,0.15,8,6,0.600233,0.852363,0.0014804,0.0012604,0.921475,0.772707,6
0.7,0.15,8,7,0.53212,1,0.0015579,0,0.816497,1,6
0.7,0.2,2,1,0.655363,1,0.00154449,0,0.844828,1,0
0.7,0.2,3,1,0.655187,0.782347,0.00150047,0.00121587,0.934798,0.688401,1
0.7,0.2,3,2,0.579723,1,0.00157485,0,0.828302,1,1
0.7,0.2,4,1,0.65497,0.67285,0.00137361,0.00159693,0.972289,0.513856,2
0.7,0.2,4,2,0.625157,0.83698,0.00154935,0.00156793,0.927027,0.756928,2
0.7,0.2,4,3,0.553013,1,0.0017246,0,0.821416,1,2
0.7,0.2,5,1,0.655743,0.60715,0.00167696,0.00157176,0.988166,0.4071,3
0.7,0.2,5,2,0.642037,0.737943,0.00144951,0.00185782,0.968837,0.604734,3
0.7,0.2,5,3,0.614367,0.86858,0.00170896,0.00116587,0.923736,0.802367,3
0.7,0.2,5,4,0.54262,1,0.00161722,0,0.8185,1,3
0.7,0.2,6,1,0.655073,0.564077,0.00117682,0.00175292,0.994936,0.336709,4
0.7,0.2,6,2,0.648963,0.672303,0.00181672,0.00132895,0.986665,0.502532,4
0.7,0.2,6,3,0.63749,0.781657,0.00168216,0.00152421,0.967365,0.668355,4
0.7,0.2,6,4,0.606823,0.89056,0.00218304,0.00117715,0.922333,0.834177,4
0.7,0.2,6,5,0.53953,1,0.00165102,0,0.817257,1,4
0.7,0.2,8,1,0.65608,0.50608,0.00205707,0.0018259,0.999071,0.250697,6
0.7,0.2,8,2,0.652597,0.588997,0.00173695,0.00181992,0.997553,0.375581,6
0.7,0.2,8,3,0.651707,0.671367,0.00128002,0.0016726,0.994011,0.500465,6
0.7,0.2,8,4,0.647013,0.75488,0.00138337,0.00158418,0.985748,0.625348,6
0.7,0.2,8,5,0.634127,0.835593,0.00165,0.00116407,0.966466,0.750232,6
0.7,0.2,8,6,0.60493,0.91813,0.00161673,0.000840597,0.921475,0.875116,6
0.7,0.2,8,7,0.53572,1,0.00148867,0,0.816497,1,6
0.7,0.25,2,1,0.65863,1,0.00196655,0,0.844828,1,0
0.7,0.25,3,1,0.659927,0.822617,0.00154276,0.00145376,0.934798,0.748443,1
0.7,0.25,3,2,0.584443,1,0.00153492,0,0.828302,1,1
0.7,0.25,4,1,0.659167,0.736333,0.00161266,0.00188907,0.972289,0.610122,2
0.7,0.25,4,2,0.62897,0.881693,0.00194124,0.00128773,0.927027,0.824555,2
0.7,0.25,4,3,0.55673,1,0.00186902,0,0.821416,1,2
0.7,0.25,5,1,0.6602,0.683567,0.00154964,0.00154991,0.988166,0.527608,3
0.7,0.25,5,2,0.647567,0.81203,0.00154145,0.00129406,0.968837,0.717506,3
0.7,0.25,5,3,0.615737,0.916257,0.00183368,0.00109499,0.923736,0.872878,3
0.7,0.25,5,4,0.54665,1,0.00183072,0,0.8185,1,3
0.7,0.25,6,1,0.659417,0.65129,0.0017699,0.00178234,0.994936,0.474917,4
0.7,0.25,6,2,0.6536,0.76624,0.00179352,0.00169054,0.986665,0.647909,4
0.7,0.25,6,3,0.64183,0.860073,0.00195305,0.00113184,0.967365,0.789447,4
0.7,0.25,6,4,0.6117,0.93719,0.001355,0.000838187,0.922333,0.905251,4
0.7,0.25,6,5,0.542587,1,0.00211453,0,0.817257,1,4
0.7,0.25,8,1,0.661603,0.614587,0.0015957,0.0018605,0.999071,0.41419,5
0.7,0.25,8,2,0.658047,0.71166,0.0016096,0.00167793,0.997553,0.566345,5
0.7,0.25,8,3,0.655717,0.79457,0.00178762,0.00125234,0.994011,0.690836,5
0.7,0.25,8,4,0.650597,0.863323,0.001909,0.00133526,0.985748,0.792692,5
0.7,0.25,8,5,0.639157,0.91875,0.001815,0.000707671,0.966466,0.876028,5
0.7,0.25,8,6,0.609337,0.963607,0.00157736,0.000668671,0.921475,0.944213,5
0.7,0.25,8,7,0.540417,1,0.00181916,0,0.816497,1,5
0.7,0.3,2,1,0.66414,1,0.00178521,0,0.844828,1,0
0.7,0.3,3,1,0.66597,0.86091,0.00129914,0.00141866,0.934798,0.8032,1
0.7,0.3,3,2,0.588067,1,0.00229008,0,0.828302,1,1
0.7,0.3,4,1,0.665763,0.795787,0.00172178,0.00134156,0.972289,0.700834,2
0.7,0.3,4,2,0.63316,0.9183,0.00151607,0.000772882,0.927027,0.880334,2
0.7,0.3,4,3,0.560613,1,0.00178653,0,0.821416,1,2
0.7,0.3,5,1,0.663297,0.761493,0.00185022,0.00187933,0.988166,0.644073,2
0.7,0.3,5,2,0.649317,0.873877,0.00170452,0.00116334,0.968837,0.81267,2
0.7,0.3,5,3,0.620377,0.950643,0.00161135,0.000814588,0.923736,0.925068,2
0.7,0.3,5,4,0.54944,1,0.00205596,0,0.8185,1,2
0.7,0.3,6,1,0.664247,0.740093,0.00166165,0.00186662,0.994936,0.611002,3
0.7,0.3,6,2,0.658397,0.84848,0.00175178,0.00134102,0.986665,0.772586,3
0.7,0.3,6,3,0.64697,0.92041,0.00189932,0.000989209,0.967365,0.880308,3
0.7,0.3,6,4,0.616357,0.968413,0.00155464,0.000564376,0.922333,0.952123,3
0.7,0.3,6,5,0.545873,1,0.00215561,0,0.817257,1,3
0.7,0.3,8,1,0.662007,0.720747,0.00170094,0.00169305,0.999071,0.578505,5
0.7,0.3,8,2,0.66205,0.822957,0.00135824,0.00122682,0.997553,0.732525,5
0.7,0.3,8,3,0.659107,0.890887,0.00184987,0.00119506,0.994011,0.835205,5
0.7,0.3,8,4,0.65467,0.93605,0.00141672,0.00077098,0.985748,0.903658,5
0.7,0.3,8,5,0.6417,0.965457,0.00162043,0.000564919,0.966466,0.949294,5
0.7,0.3,8,6,0.61251,0.986227,0.0017831,0.000431664,0.921475,0.979718,5
0.7,0.3,8,7,0.54246,1,0.00180775,0,0.816497,1,5
0.7,0.35,2,1,0.66858,1,0.00165525,0,0.844828,1,0
0.7,0.35,3,1,0.667053,0.894093,0.00190351,0.00112507,0.934798,0.851763,1
0.7,0.35,3,2,0.59168,1,0.0014186,0,0.828302,1,1
0.7,0.35,4,1,0.668603,0.84917,0.00205724,0.00126396,0.972289,0.781458,2
0.7,0.35,4,2,0.638027,0.947123,0.00167847,0.000808221,0.927027,0.92351,2
0.7,0.35,4,3,0.5634,1,0.00151835,0,0.821416,1,2
0.7,0.35,5,1,0.6689,0.828187,0.00150562,0.00100407,0.988166,0.746758,2
0.7,0.35,5,2,0.65552,0.92201,0.00151557,0.000937695,0.968837,0.885262,2
0.7,0.35,5,3,0.624557,0.972703,0.00190895,0.00067893,0.923736,0.959842,2
0.7,0.35,5,4,0.552723,1,0.00196422,0,0.8185,1,2
0.7,0.35,6,1,0.668567,0.81873,0.00167416,0.00115019,0.994936,0.729177,3
0.7,0.35,6,2,0.66288,0.90948,0.00183949,0.00110213,0.986665,0.865644,3
0.7,0.35,6,3,0.650557,0.959003,0.0014712,0.000599489,0.967365,0.939127,3
0.7,0.35,6,4,0.61937,0.985667,0.00167257,0.000615971,0.922333,0.978694,3
0.7,0.35,6,5,0.54976,1,0.00158814,0,0.817257,1,3
0.7,0.35,8,1,0.669693,0.80921,0.00139795,0.00148309,0.999071,0.715378,4
0.7,0.35,8,2,0.666697,0.898807,0.00153097,0.00103909,0.997553,0.850024,4
0.7,0.35,8,3,0.665513,0.948273,0.00158939,0.000513857,0.994011,0.922525,4
0.7,0.35,8,4,0.66017,0.974263,0.00190623,0.000575206,0.985748,0.961565,4
0.7,0.35,8,5,0.64684,0.98866,0.00159673,0.000397103,0.966466,0.982586,4
0.7,0.35,8,6,0.615653,0.995807,0.0019011,0.000218364,0.921475,0.993905,4
0.7,0.35,8,7,0.546697,1,0.00183834,0,0.816497,1,4
0.7,0.4,2,1,0.673407,1,0.00172197,0,0.844828,1,0
0.7,0.4,3,1,0.674537,0.923367,0.00167334,0.000987019,0.934798,0.893504,1
0.7,0.4,3,2,0.59766,1,0.00170876,0,0.828302,1,1
0.7,0.4,4,1,0.67329,0.895363,0.0014365,0.00103835,0.972289,0.849128,1
0.7,0.4,4,2,0.64079,0.968493,0.00187155,0.000638333,0.927027,0.954738,1
0.7,0.4,4,3,0.568207,1,0.00186532,0,0.821416,1,1
0.7,0.4,5,1,0.67268,0.88424,0.00132632,0.00130556,0.988166,0.830334,2
0.7,0.4,5,2,0.659717,0.956213,0.001706,0.000755533,0.968837,0.93557,2
0.7,0.4,5,3,0.62912,0.986843,0.00178716,0.000415267,0.923736,0.980671,2
0.7,0.4,5,4,0.557887,1,0.00142631,0,0.8185,1,2
0.7,0.4,6,1,0.672407,0.879537,0.0015582,0.00121542,0.994936,0.822321,2
0.7,0.4,6,2,0.668327,0.951417,0.0015647,0.000593909,0.986665,0.927397,2
0.7,0.4,6,3,0.65362,0.981167,0.00189091,0.000487795,0.967365,0.972429,2
0.7,0.4,6,4,0.622103,0.994523,0.00168921,0.000183836,0.922333,0.991729,2
0.7,0.4,6,5,0.55012,1,0.00193448,0,0.817257,1,2
0.7,0.4,8,1,0.672307,0.877153,0.00156043,0.00136292,0.999071,0.817426,3
0.7,0.4,8,2,0.673347,0.947683,0.00163375,0.00060838,0.997553,0.922405,3
0.7,0.4,8,3,0.67006,0.97782,0.00137012,0.00061303,0.994011,0.967395,3
0.7,0.4,8,4,0.664103,0.99127,0.00207204,0.00035576,0.985748,0.986677,3
0.7,0.4,8,5,0.65174,0.996567,0.00165784,0.000214364,0.966466,0.994941,3
0.7,0.4,8,6,0.621593,0.999017,0.00223273,9.72461e-05,0.921475,0.998482,3
0.7,0.4,8,7,0.549597,1,0.00170301,0,0.816497,1,3
0.7,0.45,2,1,0.676367,1,0.00185505,0,0.844828,1,0
0.7,0.45,3,1,0.676927,0.947787,0.0016719,0.00104235,0.934798,0.928092,1
0.7,0.45,3,2,0.599023,1,0.00171986,0,0.828302,1,1
0.7,0.45,4,1,0.679383,0.93321,0.00183509,0.000890103,0.972289,0.902771,1
0.7,0.45,4,2,0.648113,0.9832,0.00146621,0.000459709,0.927027,0.975693,1
0.7,0.45,4,3,0.572623,1,0.00199605,0,0.821416,1,1
0.7,0.45,5,1,0.677223,0.927637,0.00162592,0.000769876,0.988166,0.893833,2
0.7,0.45,5,2,0.66475,0.977647,0.00165856,0.00042265,0.968837,0.967333,2
0.7,0.45,5,3,0.63318,0.99444,0.00158982,0.000267391,0.923736,0.991833,2
0.7,0.45,5,4,0.563037,1,0.00180154,0,0.8185,1,2
0.7,0.45,6,1,0.676203,0.925853,0.00213142,0.000872435,0.994936,0.890666,2
0.7,0.45,6,2,0.670327,0.976247,0.00161078,0.000499371,0.986665,0.964467,2
0.7,0.45,6,3,0.658897,0.992673,0.00135459,0.000241962,0.967365,0.989067,2
0.7,0.45,6,4,0.62861,0.99813,0.0020374,0.000162266,0.922333,0.997267,2
0.7,0.45,6,5,0.555803,1,0.00190997,0,0.817257,1,2
0.7,0.45,8,1,0.677023,0.924477,0.00159236,0.00109167,0.999071,0.889128,3
0.7,0.45,8,2,0.677087,0.974963,0.00156641,0.000657588,0.997553,0.963144,3
0.7,0.45,8,3,0.673823,0.991577,0.00155052,0.000336698,0.994011,0.987816,3
0.7,0.45,8,4,0.667447,0.997487,0.00190808,0.000159407,0.985748,0.99604,3
0.7,0.45,8,5,0.655633,0.999113,0.00174197,0.000127034,0.966466,0.998782,3
0.7,0.45,8,6,0.626307,0.999777,0.00162728,6.06726e-05,0.921475,0.999695,3
0.7,0.45,8,7,0.554007,1,0.00149121,0,0.816497,1,3
0.7,0.5,2,1,0.682637,1,0.00167985,0,0.844828,1,0
0.7,0.5,3,1,0.68219,0.968087,0.00200968,0.000609876,0.934798,0.955486,0
0.7,0.5,3,2,0.602787,1,0.00168552,0,0.828302,1,0
0.7,0.5,4,1,0.681603,0.959447,0.00141879,0.000701088,0.972289,0.942807,1
0.7,0.5,4,2,0.649407,0.992047,0.00147959,0.000305633,0.927027,0.988561,1
0.7,0.5,4,3,0.577167,1,0.00251478,0,0.821416,1,1
0.7,0.5,5,1,0.682783,0.958333,0.00143594,0.000730066,0.988166,0.939145,1
0.7,0.5,5,2,0.6675,0.990163,0.00177958,0.00036932,0.968837,0.985511,1
0.7,0.5,5,3,0.63846,0.998123,0.00183257,0.000109061,0.923736,0.997102,1
0.7,0.5,5,4,0.56366,1,0.00197724,0,0.8185,1,1
0.7,0.5,6,1,0.68201,0.95714,0.00182967,0.000660744,0.994936,0.938044,2
0.7,0.5,6,2,0.67638,0.989343,0.00215986,0.000399109,0.986665,0.984693,2
0.7,0.5,6,3,0.66357,0.99735,0.00140753,0.000214038,0.967365,0.996356,2
0.7,0.5,6,4,0.633667,0.99946,0.00183952,8.5924e-05,0.922333,0.999271,2
0.7,0.5,6,5,0.559497,1,0.00156336,0,0.817257,1,2
0.7,0.5,8,1,0.68162,0.95709,0.00147882,0.000660928,0.999071,0.937572,2
0.7,0.5,8,2,0.681597,0.989473,0.00201684,0.000406155,0.997553,0.984405,2
0.7,0.5,8,3,0.679433,0.997467,0.00149961,0.0001726,0.994011,0.996113,2
0.7,0.5,8,4,0.673257,0.999363,0.00109752,0.00010055,0.985748,0.99904,2
0.7,0.5,8,5,0.658827,0.99986,0.00139244,3.33577e-05,0.966466,0.999771,2
0.7,0.5,8,6,0.62993,0.99999,0.0017648,1.09189e-05,0.921475,0.999954,2
0.7,0.5,8,7,0.55728,1,0.00176105,0,0.816497,1,2
0.7,0.55,2,1,0.68519,1,0.00198105,0,0.844828,1,0
0.7,0.55,3,1,0.687347,0.98249,0.00179585,0.000486799,0.934798,0.975893,0
0.7,0.55,3,2,0.607447,1,0.00184698,0,0.828302,1,0
0.7,0.55,4,1,0.687273,0.979417,0.00147373,0.000464685,0.972289,0.970636,1
0.7,0.55,4,2,0.655537,0.996827,0.00126596,0.000277335,0.927027,0.995595,1
0.7,0.55,4,3,0.579807,1,0.00192044,0,0.821416,1,1
0.7,0.55,5,1,0.68536,0.978537,0.0016267,0.000489615,0.988166,0.969391,1
0.7,0.55,5,2,0.672883,0.99631,0.00180074,0.000211881,0.968837,0.994738,1
0.7,0.55,5,3,0.64027,0.999483,0.00170248,8.08857e-05,0.923736,0.999211,1
0.7,0.55,5,4,0.56826,1,0.00160962,0,0.8185,1,1
0.7,0.55,6,1,0.687633,0.97871,0.00173536,0.000559789,0.994936,0.969045,1
0.7,0.55,6,2,0.68132,0.99649,0.00151213,0.000225216,0.986665,0.994562,1
0.7,0.55,6,3,0.666787,0.999397,0.0017505,0.000106521,0.967365,0.999065,1
0.7,0.55,6,4,0.636703,0.999867,0.00179545,4.82241e-05,0.922333,0.99986,1
0.7,0.55,6,5,0.56287,1,0.0017557,0,0.817257,1,1
0.7,0.55,8,1,0.68726,0.978567,0.00165643,0.000459453,0.999071,0.968888,2
0.7,0.55,8,2,0.684537,0.996263,0.00167551,0.000160167,0.997553,0.99451,2
0.7,0.55,8,3,0.683733,0.999467,0.00157965,7.53754e-05,0.994011,0.999032,2
0.7,0.55,8,4,0.67681,0.999887,0.00149619,3.07878e-05,0.985748,0.99983,2
0.7,0.55,8,5,0.66354,0.999973,0.00174881,1.6095e-05,0.966466,0.999971,2
0.7,0.55,8,6,0.632743,1,0.00177049,0,0.921475,0.999996,2
0.7,0.55,8,7,0.561913,1,0.0017278,0,0.816497,1,2
0.7,0.6,2,1,0.690923,1,0.00177671,0,0.844828,1,0
0.7,0.6,3,1,0.688533,0.99241,0.00168826,0.000281509,0.934798,0.989727,0
0.7,0.6,3,2,0.611777,1,0.00205147,0,0.828302,1,0
0.7,0.6,4,1,0.691157,0.99171,0.00143381,0.000326398,0.972289,0.988143,0
0.7,0.6,4,2,0.657197,0.99907,0.00163125,0.000111648,0.927027,0.998814,0
0.7,0.6,4,3,0.583443,1,0.00164364,0,0.821416,1,0
0.7,0.6,5,1,0.691643,0.991417,0.00129388,0.000352635,0.988166,0.987817,1
0.7,0.6,5,2,0.676997,0.99895,0.00177601,0.000123872,0.968837,0.998661,1
0.7,0.6,5,3,0.64592,0.999877,0.00153773,4.57333e-05,0.923736,0.999866,1
0.7,0.6,5,4,0.57289,1,0.00187798,0,0.8185,1,1
0.7,0.6,6,1,0.690713,0.99137,0.00155547,0.000357123,0.994936,0.987719,1
0.7,0.6,6,2,0.684187,0.999093,0.00189381,0.00010712,0.986665,0.998637,1
0.7,0.6,6,3,0.67215,0.9999,0.00155592,2.97174e-05,0.967365,0.99985,1
0.7,0.6,6,4,0.641117,0.99998,0.00192481,1.45585e-05,0.922333,0.999985,1
0.7,0.6,6,5,0.56884,1,0.0014118,0,0.817257,1,1
0.7,0.6,8,1,0.690367,0.991397,0.00120897,0.000356545,0.999071,0.987666,1
0.7,0.6,8,2,0.69098,0.999017,0.00181117,0.000123991,0.997553,0.99863,1
0.7,0.6,8,3,0.687177,0.9999,0.00179003,3.63963e-05,0.994011,0.999848,1
0.7,0.6,8,4,0.68276,0.999987,0.00188193,1.55367e-05,0.985748,0.999983,1
0.7,0.6,8,5,0.66755,0.999997,0.00133115,6.53333e-06,0.966466,0.999998,1
0.7,0.6,8,6,0.636673,1,0.00175966,0,0.921475,1,1
0.7,0.6,8,7,0.564587,1,0.00179257,0,0.816497,1,1
0.7,0.65,2,1,0.697063,1,0.00177043,0,0.844828,1,0
0.7,0.65,3,1,0.69585,0.998233,0.00136198,0.000137901,0.934798,0.997546,0
0.7,0.65,3,2,0.615053,1,0.00153604,0,0.828302,1,0
0.7,0.65,4,1,0.695233,0.998133,0.00150557,0.000130667,0.972289,0.997314,0
0.7,0.65,4,2,0.663227,0.999937,0.00146525,2.73713e-05,0.927027,0.999866,0
0.7,0.65,4,3,0.589237,1,0.00172414,0,0.821416,1,0
0.7,0.65,5,1,0.696203,0.998083,0.00168746,0.000163333,0.988166,0.997263,0
0.7,0.65,5,2,0.681403,0.999873,0.00190573,3.86708e-05,0.968837,0.999856,0
0.7,0.65,5,3,0.648023,0.999993,0.00178405,9.07883e-06,0.923736,0.999993,0
0.7,0.65,5,4,0.576837,1,0.00203232,0,0.8185,1,0
0.7,0.65,6,1,0.695203,0.99804,0.00168973,0.000145767,0.994936,0.997244,0
0.7,0.65,6,2,0.689867,0.9999,0.00139214,4.09627e-05,0.986665,0.999855,0
0.7,0.65,6,3,0.67713,0.999997,0.00164521,6.53333e-06,0.967365,0.999992,0
0.7,0.65,6,4,0.644913,1,0.00170351,0,0.922333,1,0
0.7,0.65,6,5,0.569297,1,0.00184115,0,0.817257,1,0
0.7,0.65,8,1,0.693227,0.998123,0.00185804,0.000149087,0.999071,0.997232,1
0.7,0.65,8,2,0.6949,0.999887,0.00191637,3.95737e-05,0.997553,0.999854,1
0.7,0.65,8,3,0.691997,0.999997,0.00170202,6.53333e-06,0.994011,0.999992,1
0.7,0.65,8,4,0.68639,1,0.00158877,0,0.985748,1,1
0.7,0.65,8,5,0.67464,1,0.00130742,0,0.966466,1,1
0.7,0.65,8,6,0.64007,1,0.0017797,0,0.921475,1,1
0.7,0.65,8,7,0.568533,1,0.0018361,0,0.816497,1,1
0.75,0.05,2,1,0.706627,1,0.00160044,0,0.9,1,0
0.75,0.05,3,1,0.705183,0.561737,0.00162414,0.00181278,0.966942,0.400251,1
0.75,0.05,3,2,0.652203,1,0.00168976,0,0.892562,1,1
0.75,0.05,4,1,0.70507,0.403303,0.00188079,0.00158077,0.989011,0.164456,2
0.75,0.05,4,2,0.687823,0.583447,0.0014118,0.00140315,0.964286,0.415119,2
0.75,0.05,4,3,0.634603,1,0.00193416,0,0.89011,1,2
0.75,0.05,5,1,0.706107,0.339887,0.00146977,0.00176817,0.99634,0.0686227,3
0.75,0.05,5,2,0.699867,0.41563,0.00159855,0.00152071,0.988106,0.174729,3
0.75,0.05,5,3,0.681753,0.59015,0.00123099,0.0015398,0.963403,0.42231,3
0.75,0.05,5,4,0.631103,1,0.0015231,0,0.889296,1,3
0.75,0.05,6,1,0.706767,0.313653,0.00159279,0.00148155,0.99878,0.028897,4
0.75,0.05,6,2,0.704393,0.345273,0.00180206,0.00166759,0.996037,0.0741035,4
0.75,0.05,6,3,0.700117,0.421147,0.00151133,0.00168028,0.987805,0.179585,4
0.75,0.05,6,4,0.68128,0.593723,0.00154569,0.00187283,0.96311,0.42571,4
0.75,0.05,6,5,0.62921,1,0.00179266,0,0.889024,1,4
0.75,0.05,8,1,0.705843,0.296573,0.00156142,0.00163759,0.999865,0.00519884,6
0.75,0.05,8,2,0.707327,0.302437,0.0018833,0.00143574,0.99956,0.013469,6
0.75,0.05,8,3,0.704013,0.317343,0.00100719,0.00159535,0.998645,0.032766,6
0.75,0.05,8,4,0.703563,0.34826,0.00194921,0.00160487,0.995902,0.0777924,6
0.75,0.05,8,5,0.698043,0.42334,0.00159194,0.00115843,0.987671,0.182854,6
0.75,0.05,8,6,0.679083,0.596367,0.00151139,0.00169158,0.962979,0.427998,6
0.75,0.05,8,7,0.626367,1,0.00228655,0,0.888904,1,6
0.75,0.1,2,1,0.709647,1,0.00157036,0,0.9,1,0
0.75,0.1,3,1,0.709223,0.612273,0.00152569,0.0020661,0.966942,0.471155,1
0.75,0.1,3,2,0.655397,1,0.00158376,0,0.892562,1,1
0.75,0.1,4,1,0.71019,0.450987,0.00202588,0.00149254,0.989011,0.23329,2
0.75,0.1,4,2,0.691063,0.64262,0.00182194,0.0016988,0.964286,0.501638,2
0.75,0.1,4,3,0.636867,1,0.00156702,0,0.89011,1,2
0.75,0.1,5,1,0.7094,0.372963,0.00158453,0.001428,0.99634,0.119347,3
0.75,0.1,5,2,0.702007,0.47171,0.00144706,0.001733,0.988106,0.258997,3
0.75,0.1,5,3,0.685357,0.65855,0.00120723,0.00120705,0.963403,0.518348,3
0.75,0.1,5,4,0.63305,1,0.00122819,0,0.889296,1,3
0.75,0.1,6,1,0.710713,0.334097,0.00190736,0.00158997,0.99878,0.0623278,4
0.75,0.1,6,2,0.708227,0.38654,0.00149213,0.00171531,0.996037,0.136094,4
0.75,0.1,6,3,0.70254,0.483303,0.00159371,0.00204054,0.987805,0.273089,4
0.75,0.1,6,4,0.682867,0.6644,0.00169038,0.00168312,0.96311,0.527508,4
0.75,0.1,6,5,0.630393,1,0.00171047,0,0.889024,1,4
0.75,0.1,8,1,0.708027,0.304,0.00193928,0.00174849,0.999865,0.0175633,6
0.75,0.1,8,2,0.710463,0.318747,0.00157271,0.00184793,0.99956,0.0386012,6
0.75,0.1,8,3,0.70767,0.34495,0.00147971,0.00223523,0.998645,0.0776716,6
0.75,0.1,8,4,0.705767,0.397507,0.00155426,0.00172586,0.995902,0.150231,6
0.75,0.1,8,5,0.700777,0.494127,0.00166481,0.00211429,0.987671,0.284984,6
0.75,0.1,8,6,0.683617,0.669193,0.00160249,0.00151212,0.962979,0.53524,6
0.75,0.1,8,7,0.630563,1,0.00188099,0,0.888904,1,6
0.75,0.15,2,1,0.713387,1,0.00189134,0,0.9,1,0
0.75,0.15,3,1,0.713637,0.661647,0.00134858,0.0017338,0.966942,0.541975,1
0.75,0.15,3,2,0.65926,1,0.00173741,0,0.892562,1,1
0.75,0.15,4,1,0.713447,0.507427,0.00144054,0.00185218,0.989011,0.3153,2
0.75,0.15,4,2,0.693897,0.70396,0.00151496,0.00148357,0.964286,0.58918,2
0.75,0.15,4,3,0.639873,1,0.00166643,0,0.89011,1,2
0.75,0.15,5,1,0.712257,0.422223,0.00146913,0.00183113,0.99634,0.192539,3
0.75,0.15,5,2,0.7065,0.543643,0.00196749,0.00178645,0.988106,0.362531,3
0.75,0.15,5,3,0.690093,0.7269,0.00143781,0.00133299,0.963403,0.617519,3
0.75,0.15,5,4,0.63664,1,0.00153518,0,0.889296,1,3
0.75,0.15,6,1,0.71235,0.373647,0.0016575,0.00183876,0.99878,0.121374,4
0.75,0.15,6,2,0.70954,0.449483,0.00166923,0.00171553,0.996037,0.229512,4
0.75,0.15,6,3,0.70459,0.566323,0.00156336,0.00201673,0.987805,0.39172,4
0.75,0.15,6,4,0.68764,0.740867,0.00155719,0.00146484,0.96311,0.635032,4
0.75,0.15,6,5,0.63515,1,0.00166324,0,0.889024,1,4
0.75,0.15,8,1,0.713897,0.32486,0.00174098,0.00137408,0.999865,0.050882,6
0.75,0.15,8,2,0.713873,0.356797,0.00191927,0.00138995,0.99956,0.0965538,6
0.75,0.15,8,3,0.711083,0.40555,0.00156411,0.00157289,0.998645,0.165062,6
0.75,0.15,8,4,0.709073,0.47834,0.00146826,0.001556,0.995902,0.267823,6
0.75,0.15,8,5,0.703807,0.587123,0.00116816,0.00198989,0.987671,0.421966,6
0.75,0.15,8,6,0.686497,0.75351,0.00162955,0.00173417,0.962979,0.653179,6
0.75,0.15,8,7,0.63467,1,0.00176017,0,0.888904,1,6
0.75,0.2,2,1,0.715347,1,0.00155907,0,0.9,1,0
0.75,0.2,3,1,0.713947,0.71215,0.00150916,0.00165992,0.966942,0.611296,1
0.75,0.2,3,2,0.66055,1,0.00144201,0,0.892562,1,1
0.75,0.2,4,1,0.715357,0.569867,0.00168649,0.0018078,0.989011,0.407573,2
0.75,0.2,4,2,0.697897,0.764183,0.00151779,0.00168126,0.964286,0.674165,2
0.75,0.2,4,3,0.64335,1,0.00167375,0,0.89011,1,2
0.75,0.2,5,1,0.716387,0.489307,0.00181801,0.0014094,0.99634,0.28849,3
0.75,0.2,5,2,0.711437,0.6285,0.00169065,0.00180808,0.988106,0.47996,3
0.75,0.2,5,3,0.691173,0.794917,0.00152126,0.00140715,0.963403,0.713978,3
0.75,0.2,5,4,0.638807,1,0.00159843,0,0.889296,1,3
0.75,0.2,6,1,0.717053,0.438487,0.0014589,0.00217102,0.99878,0.212586,4
0.75,0.2,6,2,0.71338,0.537707,0.00174314,0.00189377,0.996037,0.354671,4
0.75,0.2,6,3,0.708073,0.661227,0.00125849,0.0015315,0.987805,0.528331,4
0.75,0.2,6,4,0.689793,0.81351,0.00114788,0.00139607,0.96311,0.740582,4
0.75,0.2,6,5,0.63698,1,0.00163825,0,0.889024,1,4
0.75,0.2,8,1,0.716013,0.37417,0.00191554,0.00168129,0.999865,0.124206,6
0.75,0.2,8,2,0.715977,0.43346,0.00105347,0.00150505,0.99956,0.207609,6
0.75,0.2,8,3,0.71395,0.505727,0.00162663,0.00145263,0.998645,0.309545,6
0.75,0.2,8,4,0.712493,0.595117,0.00154742,0.00161221,0.995902,0.434135,6
0.75,0.2,8,5,0.7068,0.703983,0.00187585,0.00137563,0.987671,0.586411,6
0.75,0.2,8,6,0.68864,0.836503,0.00124528,0.0015271,0.962979,0.772526,6
0.75,0.2,8,7,0.635393,1,0.00152123,0,0.888904,1,6
0.75,0.25,2,1,0.720103,1,0.00147951,0,0.9,1,0
0.75,0.25,3,1,0.718,0.759727,0.00185424,0.00125901,0.966942,0.677686,1
0.75,0.25,3,2,0.663543,1,0.00145793,0,0.892562,1,1
0.75,0.25,4,1,0.719137,0.63975,0.00135811,0.00231677,0.989011,0.505495,2
0.75,0.25,4,2,0.70184,0.81989,0.00158296,0.00141657,0.964286,0.752747,2
0.75,0.25,4,3,0.64616,1,0.0020704,0,0.89011,1,2
0.75,0.25,5,1,0.718553,0.56973,0.00187928,0.00136355,0.99634,0.402196,3
0.75,0.25,5,2,0.71257,0.71271,0.00121268,0.00185248,0.988106,0.601464,3
0.75,0.25,5,3,0.694657,0.855323,0.00171834,0.00123546,0.963403,0.800732,3
0.75,0.25,5,4,0.642453,1,0.0017315,0,0.889296,1,3
0.75,0.25,6,1,0.720617,0.521143,0.00158592,0.00198417,0.99878,0.334146,4
0.75,0.25,6,2,0.716243,0.641063,0.00144876,0.00147182,0.996037,0.50061,4
0.75,0.25,6,3,0.710917,0.7618,0.00200587,0.00159572,0.987805,0.667073,4
0.75,0.25,6,4,0.693397,0.881053,0.00130576,0.00126034,0.96311,0.833537,4
0.75,0.25,6,5,0.639177,1,0.00139405,0,0.889024,1,4
0.75,0.25,8,1,0.71824,0.459983,0.00163666,0.00166094,0.999865,0.250102,6
0.75,0.25,8,2,0.7195,0.55143,0.00155939,0.00166014,0.99956,0.375085,6
0.75,0.25,8,3,0.718983,0.641057,0.00143585,0.00177671,0.998645,0.500068,6
0.75,0.25,8,4,0.715197,0.72979,0.00167882,0.00206961,0.995902,0.625051,6
0.75,0.25,8,5,0.710903,0.8201,0.00154795,0.00122001,0.987671,0.750034,6
0.75,0.25,8,6,0.691607,0.910393,0.00219199,0.000957111,0.962979,0.875017,6
0.75,0.25,8,7,0.639477,1,0.001809,0,0.888904,1,6
0.75,0.3,2,1,0.723183,1,0.00147529,0,0.9,1,0
0.75,0.3,3,1,0.72087,0.805893,0.00145795,0.00142888,0.966942,0.739793,1
0.75,0.3,3,2,0.666003,1,0.00175319,0,0.892562,1,1
0.75,0.3,4,1,0.721,0.710617,0.00176605,0.00147115,0.989011,0.603416,2
0.75,0.3,4,2,0.704247,0.869727,0.00146874,0.00113864,0.964286,0.821537,2
0.75,0.3,4,3,0.648707,1,0.00163156,0,0.89011,1,2
0.75,0.3,5,1,0.721143,0.65518,0.00174742,0.0015215,0.99634,0.5237,3
0.75,0.3,5,2,0.71461,0.79281,0.00161008,0.00121403,0.988106,0.715169,3
0.75,0.3,5,3,0.698837,0.90708,0.00150211,0.000928469,0.963403,0.871826,3
0.75,0.3,5,4,0.644103,1,0.00124918,0,0.889296,1,3
0.75,0.3,6,1,0.722197,0.61868,0.00152261,0.00170808,0.99878,0.472888,4
0.75,0.3,6,2,0.72108,0.74409,0.00155682,0.00155162,0.996037,0.646548,4
0.75,0.3,6,3,0.7134,0.84784,0.00176357,0.00119694,0.987805,0.788633,4
0.75,0.3,6,4,0.697583,0.931217,0.00148433,0.000742049,0.96311,0.904885,4
0.75,0.3,6,5,0.6425,1,0.00158586,0,0.889024,1,4
0.75,0.3,8,1,0.721737,0.575943,0.00144478,0.00151677,0.999865,0.413725,6
0.75,0.3,8,2,0.722047,0.686083,0.00156988,0.00125649,0.99956,0.566001,6
0.75,0.3,8,3,0.721273,0.777333,0.0014944,0.00139154,0.998645,0.69059,6
0.75,0.3,8,4,0.719963,0.850893,0.00190469,0.0012696,0.995902,0.792527,6
0.75,0.3,8,5,0.712217,0.911373,0.00186049,0.000933948,0.987671,0.87593,6
0.75,0.3,8,6,0.695907,0.96013,0.0014198,0.000742291,0.962979,0.944168,6
0.75,0.3,8,7,0.641047,1,0.00190138,0,0.888904,1,6
0.75,0.35,2,1,0.724817,1,0.0013298,0,0.9,1,0
0.75,0.35,3,1,0.726127,0.84747,0.00148774,0.00151519,0.966942,0.796433,1
0.75,0.35,3,2,0.668527,1,0.00156904,0,0.892562,1,1
0.75,0.35,4,1,0.726273,0.77745,0.00131292,0.00126185,0.989011,0.695689,2
0.75,0.35,4,2,0.70692,0.91062,0.00130937,0.00122882,0.964286,0.878276,2
0.75,0.35,4,3,0.652577,1,0.00146786,0,0.89011,1,2
0.75,0.35,5,1,0.724243,0.73803,0.00150365,0.00146899,0.99634,0.641129,3
0.75,0.35,5,2,0.71934,0.862797,0.00144353,0.00130485,0.988106,0.81112,3
0.75,0.35,5,3,0.703063,0.9448,0.00226123,0.00101218,0.963403,0.924448,3
0.75,0.35,5,4,0.64768,1,0.00150549,0,0.889296,1,3
0.75,0.35,6,1,0.724413,0.71724,0.00162434,0.00165042,0.99878,0.609499,4
0.75,0.35,6,2,0.725113,0.834667,0.00165542,0.00125734,0.996037,0.771707,4
0.75,0.35,6,3,0.71551,0.91247,0.00187063,0.00104304,0.987805,0.879846,4
0.75,0.35,6,4,0.69965,0.965397,0.0013857,0.000883637,0.96311,0.951938,4
0.75,0.35,6,5,0.645057,1,0.00157642,0,0.889024,1,4
0.75,0.35,8,1,0.72519,0.69247,0.00166281,0.00124506,0.999865,0.57817,5
0.75,0.35,8,2,0.725317,0.80641,0.00162759,0.001514,0.99956,0.732312,5
0.75,0.35,8,3,0.72464,0.880777,0.00186756,0.00130465,0.998645,0.835074,5
0.75,0.35,8,4,0.72115,0.929853,0.00166191,0.000811712,0.995902,0.903582,5
0.75,0.35,8,5,0.71679,0.963073,0.00134066,0.000682527,0.987671,0.949254,5
0.75,0.35,8,6,0.698847,0.9852,0.00132053,0.000408223,0.962979,0.979701,5
0.75,0.35,8,7,0.64548,1,0.00141573,0,0.888904,1,5
0.75,0.4,2,1,0.729517,1,0.00151192,0,0.9,1,0
0.75,0.4,3,1,0.727973,0.88398,0.00149008,0.000851621,0.966942,0.846666,1
0.75,0.4,3,2,0.671237,1,0.00177188,0,0.892562,1,1
0.75,0.4,4,1,0.72876,0.836923,0.00145617,0.00145402,0.989011,0.777699,2
0.75,0.4,4,2,0.710133,0.942857,0.00163536,0.000869492,0.964286,0.922195,2
0.75,0.4,4,3,0.653857,1,0.00194168,0,0.89011,1,2
0.75,0.4,5,1,0.728373,0.812033,0.00217126,0.00140919,0.99634,0.744663,3
0.75,0.4,5,2,0.721727,0.915753,0.00196232,0.00109406,0.988106,0.884313,3
0.75,0.4,5,3,0.702667,0.97061,0.00142635,0.000542728,0.963403,0.95951,3
0.75,0.4,5,4,0.649153,1,0.00151144,0,0.889296,1,3
0.75,0.4,6,1,0.728473,0.801997,0.00174482,0.00101229,0.99878,0.728131,3
0.75,0.4,6,2,0.727923,0.901283,0.00162578,0.000888998,0.996037,0.865125,3
0.75,0.4,6,3,0.720573,0.95561,0.0019081,0.000624657,0.987805,0.938892,3
0.75,0.4,6,4,0.70165,0.98414,0.00196414,0.00044024,0.96311,0.978612,3
0.75,0.4,6,5,0.64802,1,0.00169836,0,0.889024,1,3
0.75,0.4,8,1,0.72948,0.793917,0.00174706,0.00146324,0.999865,0.715151,5
0.75,0.4,8,2,0.727003,0.890363,0.00138954,0.00100941,0.99956,0.849905,5
0.75,0.4,8,3,0.726827,0.9441,0.00179196,0.000764669,0.998645,0.922464,5
0.75,0.4,8,4,0.72481,0.972277,0.00148787,0.0008141,0.995902,0.961534,5
0.75,0.4,8,5,0.719297,0.987497,0.00155844,0.000389342,0.987671,0.982572,5
0.75,0.4,8,6,0.70126,0.995383,0.00170788,0.000250242,0.962979,0.9939,5
0.75,0.4,8,7,0.648283,1,0.00165302,0,0.888904,1,5
0.75,0.45,2,1,0.73006,1,0.00170425,0,0.9,1,0
0.75,0.45,3,1,0.73144,0.91626,0.0018991,0.000956957,0.966942,0.889842,1
0.75,0.45,3,2,0.675703,1,0.00204957,0,0.892562,1,1
0.75,0.45,4,1,0.73022,0.886637,0.00145006,0.00109482,0.989011,0.846533,2
0.75,0.45,4,2,0.71335,0.96586,0.00140472,0.000671154,0.964286,0.95396,2
0.75,0.45,4,3,0.657013,1,0.00174094,0,0.89011,1,2
0.75,0.45,5,1,0.730093,0.874033,0.00202681,0.00108562,0.99634,0.828931,2
0.75,0.45,5,2,0.723947,0.951987,0.001478,0.00072706,0.988106,0.935037,2
0.75,0.45,5,3,0.70636,0.985903,0.00140591,0.0004771,0.963403,0.980511,2
0.75,0.45,5,4,0.652737,1,0.00167672,0,0.889296,1,2
0.75,0.45,6,1,0.731923,0.8694,0.00136515,0.00105482,0.99878,0.821634,3
0.75,0.45,6,2,0.729297,0.946997,0.00155623,0.000675867,0.996037,0.927116,3
0.75,0.45,6,3,0.72508,0.98019,0.00171242,0.000466512,0.987805,0.972323,3
0.75,0.45,6,4,0.704853,0.993983,0.00153417,0.000268952,0.96311,0.991697,3
0.75,0.45,6,5,0.651973,1,0.00152091,0,0.889024,1,3
0.75,0.45,8,1,0.731163,0.86638,0.00126864,0.0013979,0.999865,0.817281,4
0.75,0.45,8,2,0.730217,0.942673,0.00172842,0.000666952,0.99956,0.922343,4
0.75,0.45,8,3,0.73075,0.976327,0.00151456,0.000429099,0.998645,0.967369,4
0.75,0.45,8,4,0.728593,0.990347,0.00161675,0.000307218,0.995902,0.986666,4
0.75,0.45,8,5,0.722277,0.996213,0.00132136,0.000297283,0.987671,0.994937,4
0.75,0.45,8,6,0.704607,0.998807,0.00142424,0.000156104,0.962979,0.998481,4
0.75,0.45,8,7,0.650333,1,0.00167073,0,0.888904,1,4
0.75,0.5,2,1,0.734773,1,0.00149995,0,0.9,1,0
0.75,0.5,3,1,0.736887,0.943677,0.00121463,0.000853966,0.966942,0.92562,1
0.75,0.5,3,2,0.67804,1,0.00162132,0,0.892562,1,1
0.75,0.5,4,1,0.73463,0.926417,0.00161065,0.000965798,0.989011,0.901099,1
0.75,0.5,4,2,0.71683,0.981593,0.00137641,0.000402332,0.964286,0.975275,1
0.75,0.5,4,3,0.661623,1,0.0018506,0,0.89011,1,1
0.75,0.5,5,1,0.732863,0.92129,0.00148502,0.000977083,0.99634,0.892955,2
0.75,0.5,5,2,0.729377,0.97598,0.0016157,0.000600807,0.988106,0.967063,2
0.75,0.5,5,3,0.710107,0.993877,0.00155124,0.000223511,0.963403,0.991766,2
0.75,0.5,5,4,0.657187,1,0.00163955,0,0.889296,1,2
0.75,0.5,6,1,0.736723,0.919143,0.00135941,0.0012806,0.99878,0.890244,2
0.75,0.5,6,2,0.73195,0.97367,0.00149496,0.000651087,0.996037,0.964329,2
0.75,0.5,6,3,0.726477,0.99195,0.00160013,0.000353094,0.987805,0.989024,2
0.75,0.5,6,4,0.709477,0.997813,0.00170503,0.000195263,0.96311,0.997256,2
0.75,0.5,6,5,0.65427,1,0.00160271,0,0.889024,1,2
0.75,0.5,8,1,0.733653,0.9189,0.00137263,0.00111783,0.999865,0.889039,3
0.75,0.5,8,2,0.73606,0.97281,0.00156841,0.000681065,0.99956,0.963115,3
0.75,0.5,8,3,0.73233,0.99102,0.00167252,0.000374416,0.998645,0.987807,3
0.75,0.5,8,4,0.73284,0.996867,0.00103575,0.000179621,0.995902,0.996037,3
0.75,0.5,8,5,0.726007,0.99913,0.00187019,0.000102579,0.987671,0.998781,3
0.75,0.5,8,6,0.707617,0.99979,0.00176007,4.82394e-05,0.962979,0.999695,3
0.75,0.5,8,7,0.65395,1,0.00132963,0,0.888904,1,3
0.75,0.55,2,1,0.73777,1,0.00120042,0,0.9,1,0
0.75,0.55,3,1,0.737293,0.964933,0.00152908,0.000494984,0.966942,0.953955,1
0.75,0.55,3,2,0.68114,1,0.00157501,0,0.892562,1,1
0.75,0.55,4,1,0.73696,0.956097,0.00191947,0.00070859,0.989011,0.941823,1
0.75,0.55,4,2,0.718563,0.991517,0.00188902,0.000288287,0.964286,0.988365,1
0.75,0.55,4,3,0.662933,1,0.00106695,0,0.89011,1,1
0.75,0.55,5,1,0.739497,0.953513,0.00136663,0.000800373,0.99634,0.938642,2
0.75,0.55,5,2,0.731433,0.9892,0.00151601,0.000452643,0.988106,0.985391,2
0.75,0.55,5,3,0.712973,0.997707,0.00134538,0.00020523,0.963403,0.997078,2
0.75,0.55,5,4,0.658963,1,0.00192303,0,0.889296,1,2
0.75,0.55,6,1,0.73704,0.95336,0.00149534,0.000686762,0.99878,0.937805,2
0.75,0.55,6,2,0.735603,0.988243,0.00156296,0.000378204,0.996037,0.984634,2
0.75,0.55,6,3,0.72889,0.99714,0.00171383,0.000183094,0.987805,0.996341,2
0.75,0.55,6,4,0.713323,0.99953,0.0014255,9.02109e-05,0.96311,0.999268,2
0.75,0.55,6,5,0.655217,1,0.00151972,0,0.889024,1,2
0.75,0.55,8,1,0.736457,0.95438,0.00185908,0.000800409,0.999865,0.937523,3
0.75,0.55,8,2,0.736987,0.988633,0.00126997,0.000304851,0.99956,0.984392,3
0.75,0.55,8,3,0.73616,0.99701,0.00170537,0.000158745,0.998645,0.996109,3
0.75,0.55,8,4,0.734013,0.999333,0.00172291,6.39673e-05,0.995902,0.999039,3
0.75,0.55,8,5,0.728,0.999853,0.00161355,4.06742e-05,0.987671,0.999771,3
0.75,0.55,8,6,0.710997,0.99996,0.00182329,2.9117e-05,0.962979,0.999954,3
0.75,0.55,8,7,0.655727,1,0.00144361,0,0.888904,1,3
0.75,0.6,2,1,0.740443,1,0.00142311,0,0.9,1,0
0.75,0.6,3,1,0.74,0.980803,0.00121111,0.000424812,0.966942,0.975065,0
0.75,0.6,3,2,0.68312,1,0.001823,0,0.892562,1,0
0.75,0.6,4,1,0.740413,0.977587,0.00137167,0.00047499,0.989011,0.970131,1
0.75,0.6,4,2,0.72199,0.996593,0.00147769,0.000197108,0.964286,0.99552,1
0.75,0.6,4,3,0.667127,1,0.00213868,0,0.89011,1,1
0.75,0.6,5,1,0.740587,0.97663,0.00143556,0.000560483,0.99634,0.969137,1
0.75,0.6,5,2,0.733973,0.99621,0.00190291,0.00017615,0.988106,0.994694,1
0.75,0.6,5,3,0.716657,0.999347,0.00164248,8.28543e-05,0.963403,0.999204,1
0.75,0.6,5,4,0.662317,1,0.00153395,0,0.889296,1,1
0.75,0.6,6,1,0.741067,0.976593,0.00159938,0.000579523,0.99878,0.968925,2
0.75,0.6,6,2,0.737737,0.996027,0.00168169,0.000276856,0.996037,0.994541,2
0.75,0.6,6,3,0.732,0.999373,0.00154868,0.000109968,0.987805,0.999062,2
0.75,0.6,6,4,0.71453,0.99991,0.00150981,3.91436e-05,0.96311,0.999859,2
0.75,0.6,6,5,0.658723,1,0.00178405,0,0.889024,1,2
0.75,0.6,8,1,0.739777,0.977367,0.00157773,0.000466699,0.999865,0.968863,2
0.75,0.6,8,2,0.739803,0.99604,0.00132719,0.000193871,0.99956,0.994506,2
0.75,0.6,8,3,0.739243,0.99927,0.00164168,9.2626e-05,0.998645,0.999031,2
0.75,0.6,8,4,0.738003,0.999847,0.00128214,3.60713e-05,0.995902,0.99983,2
0.75,0.6,8,5,0.732057,0.999983,0.00164186,1.35641e-05,0.987671,0.999971,2
0.75,0.6,8,6,0.713237,0.999993,0.00149835,9.07883e-06,0.962979,0.999996,2
0.75,0.6,8,7,0.657663,1,0.00168633,0,0.888904,1,2
0.75,0.65,2,1,0.7442,1,0.00136267,0,0.9,1,0
0.75,0.65,3,1,0.743927,0.99178,0.00170107,0.000321223,0.966942,0.989374,0
0.75,0.65,3,2,0.68664,1,0.00177126,0,0.892562,1,0
0.75,0.65,4,1,0.74344,0.990943,0.0014359,0.000380996,0.989011,0.987939,1
0.75,0.65,4,2,0.725207,0.99909,0.00162264,0.000115612,0.964286,0.998794,1
0.75,0.65,4,3,0.670523,1,0.00160979,0,0.89011,1,1
0.75,0.65,5,1,0.74275,0.990977,0.00200543,0.00035133,0.99634,0.987716,1
0.75,0.65,5,2,0.737167,0.99896,0.00167945,0.000118721,0.988106,0.99865,1
0.75,0.65,5,3,0.717647,0.999877,0.00144534,3.34679e-05,0.963403,0.999865,1
0.75,0.65,5,4,0.663513,1,0.00208302,0,0.889296,1,1
0.75,0.65,6,1,0.744567,0.990603,0.00118454,0.000467375,0.99878,0.987671,1
0.75,0.65,6,2,0.740877,0.99896,0.00173558,0.000106154,0.996037,0.998632,1
0.75,0.65,6,3,0.737267,0.999937,0.00142164,3.3203e-05,0.987805,0.99985,1
0.75,0.65,6,4,0.7186,0.999997,0.00189701,6.53333e-06,0.96311,0.999985,1
0.75,0.65,6,5,0.66248,1,0.00179741,0,0.889024,1,1
0.75,0.65,8,1,0.74468,0.99083,0.00138515,0.00039594,0.999865,0.987656,2
0.75,0.65,8,2,0.74363,0.998933,0.00154062,0.000132346,0.99956,0.998628,2
0.75,0.65,8,3,0.741623,0.999893,0.00182625,3.86708e-05,0.998645,0.999848,2
0.75,0.65,8,4,0.74071,0.999983,0.00197068,1.65014e-05,0.995902,0.999983,2
0.75,0.65,8,5,0.73487,1,0.00178449,0,0.987671,0.999998,2
0.75,0.65,8,6,0.715383,0.999997,0.00163816,6.53333e-06,0.962979,1,2
0.75,0.65,8,7,0.661383,1,0.00179512,0,0.888904,1,2
0.75,0.7,2,1,0.747487,1,0.00147381,0,0.9,1,0
0.75,0.7,3,1,0.746883,0.998057,0.00155363,0.000160222,0.966942,0.997462,0
0.75,0.7,3,2,0.68951,1,0.0013792,0,0.892562,1,0
0.75,0.7,4,1,0.747913,0.997797,0.00147459,0.000139856,0.989011,0.997268,0
0.75,0.7,4,2,0.728923,0.99989,0.00149888,3.79988e-05,0.964286,0.999863,0
0.75,0.7,4,3,0.671777,1,0.00131942,0,0.89011,1,0
0.75,0.7,5,1,0.746553,0.997837,0.00154089,0.000148434,0.99634,0.99724,0
0.75,0.7,5,2,0.740713,0.999907,0.00147039,2.96182e-05,0.988106,0.999855,0
0.75,0.7,5,3,0.722393,0.999993,0.00153714,9.07883e-06,0.963403,0.999993,0
0.75,0.7,5,4,0.666373,1,0.00139792,0,0.889296,1,0
0.75,0.7,6,1,0.74702,0.997837,0.00133545,0.000146034,0.99878,0.997233,1
0.75,0.7,6,2,0.745487,0.99987,0.00182946,3.535e-05,0.996037,0.999854,1
0.75,0.7,6,3,0.739443,1,0.00150746,0,0.987805,0.999992,1
0.75,0.7,6,4,0.719947,0.999997,0.001913,6.53333e-06,0.96311,1,1
0.75,0.7,6,5,0.664917,1,0.00137023,0,0.889024,1,1
0.75,0.7,8,1,0.745787,0.997863,0.00162456,0.000182825,0.999865,0.99723,1
0.75,0.7,8,2,0.747427,0.999907,0.00141518,3.10733e-05,0.99956,0.999854,1
0.75,0.7,8,3,0.746033,0.999993,0.00143881,9.07883e-06,0.998645,0.999992,1
0.75,0.7,8,4,0.743903,1,0.00161482,0,0.995902,1,1
0.75,0.7,8,5,0.73823,1,0.00169551,0,0.987671,1,1
0.75,0.7,8,6,0.718703,1,0.00154972,0,0.962979,1,1
0.75,0.7,8,7,0.664083,1,0.00165155,0,0.888904,1,1
