ks,alpha_l,alpha_t,psi_tol,psi_solo
1,0.025,0.025,0.00303125,0.00184375
1,0.025,0.05,0.0041875,0.00184375
1,0.025,0.075,0.0053125,0.00184375
1,0.025,0.1,0.00640625,0.00184375
1,0.025,0.125,0.00746875,0.00184375
1,0.025,0.15,0.0085,0.00184375
1,0.025,0.175,0.0095,0.00184375
1,0.025,0.2,0.0104688,0.00184375
1,0.025,0.225,0.0114063,0.00184375
1,0.025,0.25,0.0123125,0.00184375
1,0.025,0.275,0.0131875,0.00184375
1,0.025,0.3,0.0140312,0.00184375
1,0.025,0.325,0.0148438,0.00184375
1,0.025,0.35,0.015625,0.00184375
1,0.025,0.375,0.0166,0.00184375
1,0.025,0.4,0.0173333,0.00184375
1,0.025,0.425,0.0180353,0.00184375
1,0.025,0.45,0.018706,0.00184375
1,0.025,0.475,0.0193452,0.00184375
1,0.025,0.5,0.0199531,0.00184375
1,0.025,0.525,0.0205296,0.00184375
1,0.025,0.55,0.0210747,0.00184375
1,0.025,0.575,0.0215882,0.00184375
1,0.025,0.6,0.0220703,0.00184375
1,0.025,0.625,0.0225208,0.00184375
1,0.025,0.65,0.0229397,0.00184375
1,0.025,0.675,0.0233269,0.00184375
1,0.025,0.7,0.0236823,0.00184375
1,0.025,0.725,0.0240057,0.00184375
1,0.025,0.75,0.0242969,0.00184375
1,0.025,0.775,0.0245556,0.00184375
1,0.025,0.8,0.0247813,0.00184375
1,0.025,0.825,0.027625,0.00184375
1,0.025,0.85,0.0273438,0.00184375
1,0.025,0.875,0.027,0.00184375
1,0.025,0.9,0.0265938,0.00184375
1,0.025,0.925,0.026125,0.00184375
1,0.025,0.95,0.0255938,0.00184375
1,0.05,0.025,0.00953125,0.00725
1,0.05,0.05,0.01175,0.00725
1,0.05,0.075,0.0139063,0.00725
1,0.05,0.1,0.016,0.00725
1,0.05,0.125,0.0180313,0.00725
1,0.05,0.15,0.02,0.00725
1,0.05,0.175,0.0219063,0.00725
1,0.05,0.2,0.02375,0.00725
1,0.05,0.225,0.0255313,0.00725
1,0.05,0.25,0.02725,0.00725
1,0.05,0.275,0.0289063,0.00725
1,0.05,0.3,0.0305,0.00725
1,0.05,0.325,0.0320313,0.00725
1,0.05,0.35,0.0343077,0.00725
1,0.05,0.375,0.0357688,0.00725
1,0.05,0.4,0.0371667,0.00725
1,0.05,0.425,0.0385014,0.00725
1,0.05,0.45,0.0397727,0.00725
1,0.05,0.475,0.0409807,0.00725
1,0.05,0.5,0.042125,0.00725
1,0.05,0.525,0.0432056,0.00725
1,0.05,0.55,0.0442222,0.00725
1,0.05,0.575,0.0451746,0.00725
1,0.05,0.6,0.0460625,0.00725
1,0.05,0.625,0.0468854,0.00725
1,0.05,0.65,0.0476429,0.00725
1,0.05,0.675,0.0483341,0.00725
1,0.05,0.7,0.0489583,0.00725
1,0.05,0.725,0.0495142,0.00725
1,0.05,0.75,0.056,0.00725
1,0.05,0.775,0.0556875,0.00725
1,0.05,0.8,0.05525,0.00725
1,0.05,0.825,0.0546875,0.00725
1,0.05,0.85,0.054,0.00725
1,0.05,0.875,0.0531875,0.00725
1,0.05,0.9,0.05225,0.00725
1,0.05,0.925,0.0511875,0.00725
1,0.075,0.025,0.0193125,0.0160312
1,0.075,0.05,0.0225,0.0160312
1,0.075,0.075,0.0255937,0.0160312
1,0.075,0.1,0.0285937,0.0160312
1,0.075,0.125,0.0315,0.0160312
1,0.075,0.15,0.0343125,0.0160312
1,0.075,0.175,0.0370312,0.0160312
1,0.075,0.2,0.0396562,0.0160312
1,0.075,0.225,0.0421875,0.0160312
1,0.075,0.25,0.044625,0.0160312
1,0.075,0.275,0.0469687,0.0160312
1,0.075,0.3,0.0492187,0.0160312
1,0.075,0.325,0.053,0.0160312
1,0.075,0.35,0.0551791,0.0160312
1,0.075,0.375,0.0572625,0.0160312
1,0.075,0.4,0.05925,0.0160312
1,0.075,0.425,0.0611413,0.0160312
1,0.075,0.45,0.0629361,0.0160312
1,0.075,0.475,0.0646339,0.0160312
1,0.075,0.5,0.0662344,0.0160312
1,0.075,0.525,0.0677368,0.0160312
1,0.075,0.55,0.0691406,0.0160312
1,0.075,0.575,0.0704449,0.0160312
1,0.075,0.6,0.0716484,0.0160312
1,0.075,0.625,0.07275,0.0160312
1,0.075,0.65,0.0737478,0.0160312
1,0.075,0.675,0.084375,0.0160312
1,0.075,0.7,0.0842812,0.0160312
1,0.075,0.725,0.084,0.0160312
1,0.075,0.75,0.0835313,0.0160312
1,0.075,0.775,0.082875,0.0160312
1,0.075,0.8,0.0820312,0.0160312
1,0.075,0.825,0.081,0.0160312
1,0.075,0.85,0.0797812,0.0160312
1,0.075,0.875,0.078375,0.0160312
1,0.075,0.9,0.0767813,0.0160312
1,0.1,0.025,0.0321875,0.028
1,0.1,0.05,0.03625,0.028
1,0.1,0.075,0.0401875,0.028
1,0.1,0.1,0.044,0.028
1,0.1,0.125,0.0476875,0.028
1,0.1,0.15,0.05125,0.028
1,0.1,0.175,0.0546875,0.028
1,0.1,0.2,0.058,0.028
1,0.1,0.225,0.0611875,0.028
1,0.1,0.25,0.06425,0.028
1,0.1,0.275,0.0671875,0.028
1,0.1,0.3,0.0725714,0.028
1,0.1,0.325,0.075456,0.028
1,0.1,0.35,0.0782115,0.028
1,0.1,0.375,0.0808375,0.028
1,0.1,0.4,0.0833333,0.028
1,0.1,0.425,0.0856984,0.028
1,0.1,0.45,0.0879318,0.028
1,0.1,0.475,0.0900327,0.028
1,0.1,0.5,0.092,0.028
1,0.1,0.525,0.0938322,0.028
1,0.1,0.55,0.0955278,0.028
1,0.1,0.575,0.0970846,0.028
1,0.1,0.6,0.0985,0.028
1,0.1,0.625,0.112375,0.028
1,0.1,0.65,0.1125,0.028
1,0.1,0.675,0.112375,0.028
1,0.1,0.7,0.112,0.028
1,0.1,0.725,0.111375,0.028
1,0.1,0.75,0.1105,0.028
1,0.1,0.775,0.109375,0.028
1,0.1,0.8,0.108,0.028
1,0.1,0.825,0.106375,0.028
1,0.1,0.85,0.1045,0.028
1,0.1,0.875,0.102375,0.028
1,0.125,0.025,0.0479688,0.0429688
1,0.125,0.05,0.0528125,0.0429688
1,0.125,0.075,0.0575,0.0429688
1,0.125,0.1,0.0620312,0.0429688
1,0.125,0.125,0.0664062,0.0429688
1,0.125,0.15,0.070625,0.0429688
1,0.125,0.175,0.0746875,0.0429688
1,0.125,0.2,0.0785938,0.0429688
1,0.125,0.225,0.0823437,0.0429688
1,0.125,0.25,0.0859375,0.0429688
1,0.125,0.275,0.092931,0.0429688
1,0.125,0.3,0.0965067,0.0429688
1,0.125,0.325,0.099919,0.0429688
1,0.125,0.35,0.103167,0.0429688
1,0.125,0.375,0.10625,0.0429688
1,0.125,0.4,0.109167,0.0429688
1,0.125,0.425,0.111916,0.0429688
1,0.125,0.45,0.114496,0.0429688
1,0.125,0.475,0.116905,0.0429688
1,0.125,0.5,0.119141,0.0429688
1,0.125,0.525,0.121201,0.0429688
1,0.125,0.55,0.139219,0.0429688
1,0.125,0.575,0.14,0.0429688
1,0.125,0.6,0.140469,0.0429688
1,0.125,0.625,0.140625,0.0429688
1,0.125,0.65,0.140469,0.0429688
1,0.125,0.675,0.14,0.0429688
1,0.125,0.7,0.139219,0.0429688
1,0.125,0.725,0.138125,0.0429688
1,0.125,0.75,0.136719,0.0429688
1,0.125,0.775,0.135,0.0429688
1,0.125,0.8,0.132969,0.0429688
1,0.125,0.825,0.130625,0.0429688
1,0.125,0.85,0.127969,0.0429688
1,0.15,0.025,0.0664688,0.06075
1,0.15,0.05,0.072,0.06075
1,0.15,0.075,0.0773438,0.06075
1,0.15,0.1,0.0825,0.06075
1,0.15,0.125,0.0874687,0.06075
1,0.15,0.15,0.09225,0.06075
1,0.15,0.175,0.0968437,0.06075
1,0.15,0.2,0.10125,0.06075
1,0.15,0.225,0.105469,0.06075
1,0.15,0.25,0.114,0.06075
1,0.15,0.275,0.118251,0.06075
1,0.15,0.3,0.122304,0.06075
1,0.15,0.325,0.126156,0.06075
1,0.15,0.35,0.129808,0.06075
1,0.15,0.375,0.133256,0.06075
1,0.15,0.4,0.1365,0.06075
1,0.15,0.425,0.139537,0.06075
1,0.15,0.45,0.142364,0.06075
1,0.15,0.475,0.144978,0.06075
1,0.15,0.5,0.147375,0.06075
1,0.15,0.525,0.167062,0.06075
1,0.15,0.55,0.168,0.06075
1,0.15,0.575,0.168563,0.06075
1,0.15,0.6,0.16875,0.06075
1,0.15,0.625,0.168563,0.06075
1,0.15,0.65,0.168,0.06075
1,0.15,0.675,0.167062,0.06075
1,0.15,0.7,0.16575,0.06075
1,0.15,0.725,0.164062,0.06075
1,0.15,0.75,0.162,0.06075
1,0.15,0.775,0.159562,0.06075
1,0.15,0.8,0.15675,0.06075
1,0.15,0.825,0.153563,0.06075
1,0.175,0.025,0.0875,0.0811562
1,0.175,0.05,0.093625,0.0811562
1,0.175,0.075,0.0995313,0.0811562
1,0.175,0.1,0.105219,0.0811562
1,0.175,0.125,0.110688,0.0811562
1,0.175,0.15,0.115938,0.0811562
1,0.175,0.175,0.120969,0.0811562
1,0.175,0.2,0.125781,0.0811562
1,0.175,0.225,0.13571,0.0811562
1,0.175,0.25,0.14062,0.0811562
1,0.175,0.275,0.145295,0.0811562
1,0.175,0.3,0.149734,0.0811562
1,0.175,0.325,0.153935,0.0811562
1,0.175,0.35,0.157895,0.0811562
1,0.175,0.375,0.161612,0.0811562
1,0.175,0.4,0.165083,0.0811562
1,0.175,0.425,0.168304,0.0811562
1,0.175,0.45,0.171271,0.0811562
1,0.175,0.475,0.193375,0.0811562
1,0.175,0.5,0.194906,0.0811562
1,0.175,0.525,0.196,0.0811562
1,0.175,0.55,0.196656,0.0811562
1,0.175,0.575,0.196875,0.0811562
1,0.175,0.6,0.196656,0.0811562
1,0.175,0.625,0.196,0.0811562
1,0.175,0.65,0.194906,0.0811562
1,0.175,0.675,0.193375,0.0811562
1,0.175,0.7,0.191406,0.0811562
1,0.175,0.725,0.189,0.0811562
1,0.175,0.75,0.186156,0.0811562
1,0.175,0.775,0.182875,0.0811562
1,0.175,0.8,0.179156,0.0811562
1,0.2,0.025,0.110875,0.104
1,0.2,0.05,0.1175,0.104
1,0.2,0.075,0.123875,0.104
1,0.2,0.1,0.13,0.104
1,0.2,0.125,0.135875,0.104
1,0.2,0.15,0.1415,0.104
1,0.2,0.175,0.146875,0.104
1,0.2,0.2,0.158,0.104
1,0.2,0.225,0.163552,0.104
1,0.2,0.25,0.168833,0.104
1,0.2,0.275,0.173841,0.104
1,0.2,0.3,0.178571,0.104
1,0.2,0.325,0.183023,0.104
1,0.2,0.35,0.187192,0.104
1,0.2,0.375,0.191075,0.104
1,0.2,0.4,0.194667,0.104
1,0.2,0.425,0.21875,0.104
1,0.2,0.45,0.221,0.104
1,0.2,0.475,0.22275,0.104
1,0.2,0.5,0.224,0.104
1,0.2,0.525,0.22475,0.104
1,0.2,0.55,0.225,0.104
1,0.2,0.575,0.22475,0.104
1,0.2,0.6,0.224,0.104
1,0.2,0.625,0.22275,0.104
1,0.2,0.65,0.221,0.104
1,0.2,0.675,0.21875,0.104
1,0.2,0.7,0.216,0.104
1,0.2,0.725,0.21275,0.104
1,0.2,0.75,0.209,0.104
1,0.2,0.775,0.20475,0.104
1,0.225,0.025,0.136406,0.129094
1,0.225,0.05,0.143437,0.129094
1,0.225,0.075,0.150187,0.129094
1,0.225,0.1,0.156656,0.129094
1,0.225,0.125,0.162844,0.129094
1,0.225,0.15,0.16875,0.129094
1,0.225,0.175,0.180818,0.129094
1,0.225,0.2,0.186996,0.129094
1,0.225,0.225,0.192865,0.129094
1,0.225,0.25,0.198422,0.129094
1,0.225,0.275,0.203664,0.129094
1,0.225,0.3,0.208587,0.129094
1,0.225,0.325,0.213188,0.129094
1,0.225,0.35,0.21746,0.129094
1,0.225,0.375,0.243,0.129094
1,0.225,0.4,0.246094,0.129094
1,0.225,0.425,0.248625,0.129094
1,0.225,0.45,0.250594,0.129094
1,0.225,0.475,0.252,0.129094
1,0.225,0.5,0.252844,0.129094
1,0.225,0.525,0.253125,0.129094
1,0.225,0.55,0.252844,0.129094
1,0.225,0.575,0.252,0.129094
1,0.225,0.6,0.250594,0.129094
1,0.225,0.625,0.248625,0.129094
1,0.225,0.65,0.246094,0.129094
1,0.225,0.675,0.243,0.129094
1,0.225,0.7,0.239344,0.129094
1,0.225,0.725,0.235125,0.129094
1,0.225,0.75,0.230344,0.129094
1,0.25,0.025,0.163906,0.15625
1,0.25,0.05,0.17125,0.15625
1,0.25,0.075,0.178281,0.15625
1,0.25,0.1,0.185,0.15625
1,0.25,0.125,0.191406,0.15625
1,0.25,0.15,0.1975,0.15625
1,0.25,0.175,0.210904,0.15625
1,0.25,0.2,0.217344,0.15625
1,0.25,0.225,0.223432,0.15625
1,0.25,0.25,0.229167,0.15625
1,0.25,0.275,0.234542,0.15625
1,0.25,0.3,0.239554,0.15625
1,0.25,0.325,0.244196,0.15625
1,0.25,0.35,0.27,0.15625
1,0.25,0.375,0.273438,0.15625
1,0.25,0.4,0.27625,0.15625
1,0.25,0.425,0.278437,0.15625
1,0.25,0.45,0.28,0.15625
1,0.25,0.475,0.280938,0.15625
1,0.25,0.5,0.28125,0.15625
1,0.25,0.525,0.280937,0.15625
1,0.25,0.55,0.28,0.15625
1,0.25,0.575,0.278438,0.15625
1,0.25,0.6,0.27625,0.15625
1,0.25,0.625,0.273438,0.15625
1,0.25,0.65,0.27,0.15625
1,0.25,0.675,0.265937,0.15625
1,0.25,0.7,0.26125,0.15625
1,0.25,0.725,0.255937,0.15625
1,0.275,0.025,0.193188,0.185281
1,0.275,0.05,0.20075,0.185281
1,0.275,0.075,0.207969,0.185281
1,0.275,0.1,0.214844,0.185281
1,0.275,0.125,0.221375,0.185281
1,0.275,0.15,0.235236,0.185281
1,0.275,0.175,0.242229,0.185281
1,0.275,0.2,0.248832,0.185281
1,0.275,0.225,0.25504,0.185281
1,0.275,0.25,0.260849,0.185281
1,0.275,0.275,0.266252,0.185281
1,0.275,0.3,0.271243,0.185281
1,0.275,0.325,0.297,0.185281
1,0.275,0.35,0.300781,0.185281
1,0.275,0.375,0.303875,0.185281
1,0.275,0.4,0.306281,0.185281
1,0.275,0.425,0.308,0.185281
1,0.275,0.45,0.309031,0.185281
1,0.275,0.475,0.309375,0.185281
1,0.275,0.5,0.309031,0.185281
1,0.275,0.525,0.308,0.185281
1,0.275,0.55,0.306281,0.185281
1,0.275,0.575,0.303875,0.185281
1,0.275,0.6,0.300781,0.185281
1,0.275,0.625,0.297,0.185281
1,0.275,0.65,0.292531,0.185281
1,0.275,0.675,0.287375,0.185281
1,0.275,0.7,0.281531,0.185281
1,0.3,0.025,0.224062,0.216
1,0.3,0.05,0.23175,0.216
1,0.3,0.075,0.239063,0.216
1,0.3,0.1,0.246,0.216
1,0.3,0.125,0.259955,0.216
1,0.3,0.15,0.267485,0.216
1,0.3,0.175,0.274585,0.216
1,0.3,0.2,0.28125,0.216
1,0.3,0.225,0.287474,0.216
1,0.3,0.25,0.29325,0.216
1,0.3,0.275,0.319125,0.216
1,0.3,0.3,0.324,0.216
1,0.3,0.325,0.328125,0.216
1,0.3,0.35,0.3315,0.216
1,0.3,0.375,0.334125,0.216
1,0.3,0.4,0.336,0.216
1,0.3,0.425,0.337125,0.216
1,0.3,0.45,0.3375,0.216
1,0.3,0.475,0.337125,0.216
1,0.3,0.5,0.336,0.216
1,0.3,0.525,0.334125,0.216
1,0.3,0.55,0.3315,0.216
1,0.3,0.575,0.328125,0.216
1,0.3,0.6,0.324,0.216
1,0.3,0.625,0.319125,0.216
1,0.3,0.65,0.3135,0.216
1,0.3,0.675,0.307125,0.216
1,0.325,0.025,0.256344,0.248219
1,0.325,0.05,0.264063,0.248219
1,0.325,0.075,0.271375,0.248219
1,0.325,0.1,0.278281,0.248219
1,0.325,0.125,0.29308,0.248219
1,0.325,0.15,0.300661,0.248219
1,0.325,0.175,0.307765,0.248219
1,0.325,0.2,0.314387,0.248219
1,0.325,0.225,0.320518,0.248219
1,0.325,0.25,0.345719,0.248219
1,0.325,0.275,0.351,0.248219
1,0.325,0.3,0.355469,0.248219
1,0.325,0.325,0.359125,0.248219
1,0.325,0.35,0.361969,0.248219
1,0.325,0.375,0.364,0.248219
1,0.325,0.4,0.365219,0.248219
1,0.325,0.425,0.365625,0.248219
1,0.325,0.45,0.365219,0.248219
1,0.325,0.475,0.364,0.248219
1,0.325,0.5,0.361969,0.248219
1,0.325,0.525,0.359125,0.248219
1,0.325,0.55,0.355469,0.248219
1,0.325,0.575,0.351,0.248219
1,0.325,0.6,0.345719,0.248219
1,0.325,0.625,0.339625,0.248219
1,0.325,0.65,0.332719,0.248219
1,0.35,0.025,0.289844,0.28175
1,0.35,0.05,0.2975,0.28175
1,0.35,0.075,0.304719,0.28175
1,0.35,0.1,0.318986,0.28175
1,0.35,0.125,0.327031,0.28175
1,0.35,0.15,0.334559,0.28175
1,0.35,0.175,0.341562,0.28175
1,0.35,0.2,0.348031,0.28175
1,0.35,0.225,0.372312,0.28175
1,0.35,0.25,0.378,0.28175
1,0.35,0.275,0.382812,0.28175
1,0.35,0.3,0.38675,0.28175
1,0.35,0.325,0.389812,0.28175
1,0.35,0.35,0.392,0.28175
1,0.35,0.375,0.393312,0.28175
1,0.35,0.4,0.39375,0.28175
1,0.35,0.425,0.393312,0.28175
1,0.35,0.45,0.392,0.28175
1,0.35,0.475,0.389812,0.28175
1,0.35,0.5,0.38675,0.28175
1,0.35,0.525,0.382812,0.28175
1,0.35,0.55,0.378,0.28175
1,0.35,0.575,0.372312,0.28175
1,0.35,0.6,0.36575,0.28175
1,0.35,0.625,0.358312,0.28175
1,0.375,0.025,0.324375,0.316406
1,0.375,0.05,0.331875,0.316406
1,0.375,0.075,0.338906,0.316406
1,0.375,0.1,0.353672,0.316406
1,0.375,0.125,0.361607,0.316406
1,0.375,0.15,0.368975,0.316406
1,0.375,0.175,0.375767,0.316406
1,0.375,0.2,0.398906,0.316406
1,0.375,0.225,0.405,0.316406
1,0.375,0.25,0.410156,0.316406
1,0.375,0.275,0.414375,0.316406
1,0.375,0.3,0.417656,0.316406
1,0.375,0.325,0.42,0.316406
1,0.375,0.35,0.421406,0.316406
1,0.375,0.375,0.421875,0.316406
1,0.375,0.4,0.421406,0.316406
1,0.375,0.425,0.42,0.316406
1,0.375,0.45,0.417656,0.316406
1,0.375,0.475,0.414375,0.316406
1,0.375,0.5,0.410156,0.316406
1,0.375,0.525,0.405,0.316406
1,0.375,0.55,0.398906,0.316406
1,0.375,0.575,0.391875,0.316406
1,0.375,0.6,0.383906,0.316406
1,0.4,0.025,0.35975,0.352
1,0.4,0.05,0.367,0.352
1,0.4,0.075,0.380561,0.352
1,0.4,0.1,0.388889,0.352
1,0.4,0.125,0.396607,0.352
1,0.4,0.15,0.403706,0.352
1,0.4,0.175,0.4255,0.352
1,0.4,0.2,0.432,0.352
1,0.4,0.225,0.4375,0.352
1,0.4,0.25,0.442,0.352
1,0.4,0.275,0.4455,0.352
1,0.4,0.3,0.448,0.352
1,0.4,0.325,0.4495,0.352
1,0.4,0.35,0.45,0.352
1,0.4,0.375,0.4495,0.352
1,0.4,0.4,0.448,0.352
1,0.4,0.425,0.4455,0.352
1,0.4,0.45,0.442,0.352
1,0.4,0.475,0.4375,0.352
1,0.4,0.5,0.432,0.352
1,0.4,0.525,0.4255,0.352
1,0.4,0.55,0.418,0.352
1,0.4,0.575,0.4095,0.352
1,0.425,0.025,0.395781,0.388344
1,0.425,0.05,0.402687,0.388344
1,0.425,0.075,0.416385,0.388344
1,0.425,0.1,0.424439,0.388344
1,0.425,0.125,0.43183,0.388344
1,0.425,0.15,0.452094,0.388344
1,0.425,0.175,0.459,0.388344
1,0.425,0.2,0.464844,0.388344
1,0.425,0.225,0.469625,0.388344
1,0.425,0.25,0.473344,0.388344
1,0.425,0.275,0.476,0.388344
1,0.425,0.3,0.477594,0.388344
1,0.425,0.325,0.478125,0.388344
1,0.425,0.35,0.477594,0.388344
1,0.425,0.375,0.476,0.388344
1,0.425,0.4,0.473344,0.388344
1,0.425,0.425,0.469625,0.388344
1,0.425,0.45,0.464844,0.388344
1,0.425,0.475,0.459,0.388344
1,0.425,0.5,0.452094,0.388344
1,0.425,0.525,0.444125,0.388344
1,0.425,0.55,0.435094,0.388344
1,0.45,0.025,0.432281,0.42525
1,0.45,0.05,0.444079,0.42525
1,0.45,0.075,0.452455,0.42525
1,0.45,0.1,0.460125,0.42525
1,0.45,0.125,0.478687,0.42525
1,0.45,0.15,0.486,0.42525
1,0.45,0.175,0.492188,0.42525
1,0.45,0.2,0.49725,0.42525
1,0.45,0.225,0.501188,0.42525
1,0.45,0.25,0.504,0.42525
1,0.45,0.275,0.505688,0.42525
1,0.45,0.3,0.50625,0.42525
1,0.45,0.325,0.505687,0.42525
1,0.45,0.35,0.504,0.42525
1,0.45,0.375,0.501188,0.42525
1,0.45,0.4,0.49725,0.42525
1,0.45,0.425,0.492188,0.42525
1,0.45,0.45,0.486,0.42525
1,0.45,0.475,0.478688,0.42525
1,0.45,0.5,0.47025,0.42525
1,0.45,0.525,0.460687,0.42525
1,0.475,0.025,0.469062,0.462531
1,0.475,0.05,0.480641,0.462531
1,0.475,0.075,0.488576,0.462531
1,0.475,0.1,0.505281,0.462531
1,0.475,0.125,0.513,0.462531
1,0.475,0.15,0.519531,0.462531
1,0.475,0.175,0.524875,0.462531
1,0.475,0.2,0.529031,0.462531
1,0.475,0.225,0.532,0.462531
1,0.475,0.25,0.533781,0.462531
1,0.475,0.275,0.534375,0.462531
1,0.475,0.3,0.533781,0.462531
1,0.475,0.325,0.532,0.462531
1,0.475,0.35,0.529031,0.462531
1,0.475,0.375,0.524875,0.462531
1,0.475,0.4,0.519531,0.462531
1,0.475,0.425,0.513,0.462531
1,0.475,0.45,0.505281,0.462531
1,0.475,0.475,0.496375,0.462531
1,0.475,0.5,0.486281,0.462531
1,0.5,0.025,0.508982,0.5
1,0.5,0.05,0.517171,0.5
1,0.5,0.075,0.531875,0.5
1,0.5,0.1,0.54,0.5
1,0.5,0.125,0.546875,0.5
1,0.5,0.15,0.5525,0.5
1,0.5,0.175,0.556875,0.5
1,0.5,0.2,0.56,0.5
1,0.5,0.225,0.561875,0.5
1,0.5,0.25,0.5625,0.5
1,0.5,0.275,0.561875,0.5
1,0.5,0.3,0.56,0.5
1,0.5,0.325,0.556875,0.5
1,0.5,0.35,0.5525,0.5
1,0.5,0.375,0.546875,0.5
1,0.5,0.4,0.54,0.5
1,0.5,0.425,0.531875,0.5
1,0.5,0.45,0.5225,0.5
1,0.5,0.475,0.511875,0.5
1,0.525,0.025,0.545899,0.537469
1,0.525,0.05,0.558469,0.537469
1,0.525,0.075,0.567,0.537469
1,0.525,0.1,0.574219,0.537469
1,0.525,0.125,0.580125,0.537469
1,0.525,0.15,0.584719,0.537469
1,0.525,0.175,0.588,0.537469
1,0.525,0.2,0.589969,0.537469
1,0.525,0.225,0.590625,0.537469
1,0.525,0.25,0.589969,0.537469
1,0.525,0.275,0.588,0.537469
1,0.525,0.3,0.584719,0.537469
1,0.525,0.325,0.580125,0.537469
1,0.525,0.35,0.574219,0.537469
1,0.525,0.375,0.567,0.537469
1,0.525,0.4,0.558469,0.537469
1,0.525,0.425,0.548625,0.537469
1,0.525,0.45,0.537469,0.537469
1,0.55,0.025,0.585063,0.57475
1,0.55,0.05,0.594,0.57475
1,0.55,0.075,0.601563,0.57475
1,0.55,0.1,0.60775,0.57475
1,0.55,0.125,0.612563,0.57475
1,0.55,0.15,0.616,0.57475
1,0.55,0.175,0.618063,0.57475
1,0.55,0.2,0.61875,0.57475
1,0.55,0.225,0.618063,0.57475
1,0.55,0.25,0.616,0.57475
1,0.55,0.275,0.612563,0.57475
1,0.55,0.3,0.60775,0.57475
1,0.55,0.325,0.601562,0.57475
1,0.55,0.35,0.594,0.57475
1,0.55,0.375,0.585063,0.57475
1,0.55,0.4,0.57475,0.57475
1,0.55,0.425,0.563063,0.57475
1,0.575,0.025,0.621,0.611656
1,0.575,0.05,0.628906,0.611656
1,0.575,0.075,0.635375,0.611656
1,0.575,0.1,0.640406,0.611656
1,0.575,0.125,0.644,0.611656
1,0.575,0.15,0.646156,0.611656
1,0.575,0.175,0.646875,0.611656
1,0.575,0.2,0.646156,0.611656
1,0.575,0.225,0.644,0.611656
1,0.575,0.25,0.640406,0.611656
1,0.575,0.275,0.635375,0.611656
1,0.575,0.3,0.628906,0.611656
1,0.575,0.325,0.621,0.611656
1,0.575,0.35,0.611656,0.611656
1,0.575,0.375,0.600875,0.611656
1,0.575,0.4,0.588656,0.611656
1,0.6,0.025,0.65625,0.648
1,0.6,0.05,0.663,0.648
1,0.6,0.075,0.66825,0.648
1,0.6,0.1,0.672,0.648
1,0.6,0.125,0.67425,0.648
1,0.6,0.15,0.675,0.648
1,0.6,0.175,0.67425,0.648
1,0.6,0.2,0.672,0.648
1,0.6,0.225,0.66825,0.648
1,0.6,0.25,0.663,0.648
1,0.6,0.275,0.65625,0.648
1,0.6,0.3,0.648,0.648
1,0.6,0.325,0.63825,0.648
1,0.6,0.35,0.627,0.648
1,0.6,0.375,0.61425,0.648
1,0.625,0.025,0.690625,0.683594
1,0.625,0.05,0.696094,0.683594
1,0.625,0.075,0.7,0.683594
1,0.625,0.1,0.702344,0.683594
1,0.625,0.125,0.703125,0.683594
1,0.625,0.15,0.702344,0.683594
1,0.625,0.175,0.7,0.683594
1,0.625,0.2,0.696094,0.683594
1,0.625,0.225,0.690625,0.683594
1,0.625,0.25,0.683594,0.683594
1,0.625,0.275,0.675,0.683594
1,0.625,0.3,0.664844,0.683594
1,0.625,0.325,0.653125,0.683594
1,0.625,0.35,0.639844,0.683594
1,0.65,0.025,0.723938,0.71825
1,0.65,0.05,0.728,0.71825
1,0.65,0.075,0.730438,0.71825
1,0.65,0.1,0.73125,0.71825
1,0.65,0.125,0.730437,0.71825
1,0.65,0.15,0.728,0.71825
1,0.65,0.175,0.723938,0.71825
1,0.65,0.2,0.71825,0.71825
1,0.65,0.225,0.710938,0.71825
1,0.65,0.25,0.702,0.71825
1,0.65,0.275,0.691438,0.71825
1,0.65,0.3,0.67925,0.71825
1,0.65,0.325,0.665438,0.71825
1,0.675,0.025,0.756,0.751781
1,0.675,0.05,0.758531,0.751781
1,0.675,0.075,0.759375,0.751781
1,0.675,0.1,0.758531,0.751781
1,0.675,0.125,0.756,0.751781
1,0.675,0.15,0.751781,0.751781
1,0.675,0.175,0.745875,0.751781
1,0.675,0.2,0.738281,0.751781
1,0.675,0.225,0.729,0.751781
1,0.675,0.25,0.718031,0.751781
1,0.675,0.275,0.705375,0.751781
1,0.675,0.3,0.691031,0.751781
1,0.7,0.025,0.786625,0.784
1,0.7,0.05,0.7875,0.784
1,0.7,0.075,0.786625,0.784
1,0.7,0.1,0.784,0.784
1,0.7,0.125,0.779625,0.784
1,0.7,0.15,0.7735,0.784
1,0.7,0.175,0.765625,0.784
1,0.7,0.2,0.756,0.784
1,0.7,0.225,0.744625,0.784
1,0.7,0.25,0.7315,0.784
1,0.7,0.275,0.716625,0.784
1,0.725,0.025,0.815625,0.814719
1,0.725,0.05,0.814719,0.814719
1,0.725,0.075,0.812,0.814719
1,0.725,0.1,0.807469,0.814719
1,0.725,0.125,0.801125,0.814719
1,0.725,0.15,0.792969,0.814719
1,0.725,0.175,0.783,0.814719
1,0.725,0.2,0.771219,0.814719
1,0.725,0.225,0.757625,0.814719
1,0.725,0.25,0.742219,0.814719
1,0.75,0.025,0.842812,0.84375
1,0.75,0.05,0.84,0.84375
1,0.75,0.075,0.835312,0.84375
1,0.75,0.1,0.82875,0.84375
1,0.75,0.125,0.820312,0.84375
1,0.75,0.15,0.81,0.84375
1,0.75,0.175,0.797813,0.84375
1,0.75,0.2,0.78375,0.84375
1,0.75,0.225,0.767813,0.84375
1,0.775,0.025,0.868,0.870906
1,0.775,0.05,0.863156,0.870906
1,0.775,0.075,0.856375,0.870906
1,0.775,0.1,0.847656,0.870906
1,0.775,0.125,0.837,0.870906
1,0.775,0.15,0.824406,0.870906
1,0.775,0.175,0.809875,0.870906
1,0.775,0.2,0.793406,0.870906
1,0.8,0.025,0.891,0.896
1,0.8,0.05,0.884,0.896
1,0.8,0.075,0.875,0.896
1,0.8,0.1,0.864,0.896
1,0.8,0.125,0.851,0.896
1,0.8,0.15,0.836,0.896
1,0.8,0.175,0.819,0.896
1,0.825,0.025,0.911625,0.918844
1,0.825,0.05,0.902344,0.918844
1,0.825,0.075,0.891,0.918844
1,0.825,0.1,0.877594,0.918844
1,0.825,0.125,0.862125,0.918844
1,0.825,0.15,0.844594,0.918844
1,0.85,0.025,0.929688,0.93925
1,0.85,0.05,0.918,0.93925
1,0.85,0.075,0.904188,0.93925
1,0.85,0.1,0.88825,0.93925
1,0.85,0.125,0.870188,0.93925
1,0.875,0.025,0.945,0.957031
1,0.875,0.05,0.930781,0.957031
1,0.875,0.075,0.914375,0.957031
1,0.875,0.1,0.895781,0.957031
1,0.9,0.025,0.957375,0.972
1,0.9,0.05,0.9405,0.972
1,0.9,0.075,0.921375,0.972
1,0.925,0.025,0.966625,0.983969
1,0.925,0.05,0.946969,0.983969
1,0.95,0.025,0.972562,0.99275
2,0.025,0.025,0.0035826,0.00242413
2,0.025,0.05,0.00471054,0.00242413
2,0.025,0.075,0.00580795,0.00242413
2,0.025,0.1,0.00687485,0.00242413
2,0.025,0.125,0.00791123,0.00242413
2,0.025,0.15,0.0089171,0.00242413
2,0.025,0.175,0.00989245,0.00242413
2,0.025,0.2,0.0108373,0.00242413
2,0.025,0.225,0.0117516,0.00242413
2,0.025,0.25,0.0126401,0.00242413
2,0.025,0.275,0.0134939,0.00242413
2,0.025,0.3,0.0143172,0.00242413
2,0.025,0.325,0.01511,0.00242413
2,0.025,0.35,0.0158722,0.00242413
2,0.025,0.375,0.0168821,0.00242413
2,0.025,0.4,0.0176024,0.00242413
2,0.025,0.425,0.0182919,0.00242413
2,0.025,0.45,0.0189506,0.00242413
2,0.025,0.475,0.0195783,0.00242413
2,0.025,0.5,0.020175,0.00242413
2,0.025,0.525,0.0207406,0.00242413
2,0.025,0.55,0.0212749,0.00242413
2,0.025,0.575,0.021778,0.00242413
2,0.025,0.6,0.0222498,0.00242413
2,0.025,0.625,0.02269,0.00242413
2,0.025,0.65,0.0230986,0.00242413
2,0.025,0.675,0.0234754,0.00242413
2,0.025,0.7,0.0238202,0.00242413
2,0.025,0.725,0.0241329,0.00242413
2,0.025,0.75,0.0244132,0.00242413
2,0.025,0.775,0.0246606,0.00242413
2,0.025,0.8,0.0248747,0.00242413
2,0.025,0.825,0.0284803,0.00242413
2,0.025,0.85,0.0279698,0.00242413
2,0.025,0.875,0.0274211,0.00242413
2,0.025,0.9,0.026842,0.00242413
2,0.025,0.925,0.0262403,0.00242413
2,0.025,0.95,0.0256238,0.00242413
2,0.05,0.025,0.0115815,0.00940985
2,0.05,0.05,0.0136933,0.00940985
2,0.05,0.075,0.0157454,0.00940985
2,0.05,0.1,0.0177377,0.00940985
2,0.05,0.125,0.0196703,0.00940985
2,0.05,0.15,0.0215431,0.00940985
2,0.05,0.175,0.0233562,0.00940985
2,0.05,0.2,0.0251096,0.00940985
2,0.05,0.225,0.0268364,0.00940985
2,0.05,0.25,0.0284743,0.00940985
2,0.05,0.275,0.0300526,0.00940985
2,0.05,0.3,0.0315712,0.00940985
2,0.05,0.325,0.0330302,0.00940985
2,0.05,0.35,0.0354232,0.00940985
2,0.05,0.375,0.0368339,0.00940985
2,0.05,0.4,0.0381834,0.00940985
2,0.05,0.425,0.0394714,0.00940985
2,0.05,0.45,0.0406977,0.00940985
2,0.05,0.475,0.0418618,0.00940985
2,0.05,0.5,0.0429633,0.00940985
2,0.05,0.525,0.044002,0.00940985
2,0.05,0.55,0.0449772,0.00940985
2,0.05,0.575,0.0458885,0.00940985
2,0.05,0.6,0.0467353,0.00940985
2,0.05,0.625,0.047517,0.00940985
2,0.05,0.65,0.0482327,0.00940985
2,0.05,0.675,0.0488816,0.00940985
2,0.05,0.7,0.0494624,0.00940985
2,0.05,0.725,0.0499736,0.00940985
2,0.05,0.75,0.0587156,0.00940985
2,0.05,0.775,0.0578906,0.00940985
2,0.05,0.8,0.0569606,0.00940985
2,0.05,0.825,0.0559395,0.00940985
2,0.05,0.85,0.0548422,0.00940985
2,0.05,0.875,0.0536841,0.00940985
2,0.05,0.9,0.0524807,0.00940985
2,0.05,0.925,0.0512476,0.00940985
2,0.075,0.025,0.0236086,0.0205609
2,0.075,0.05,0.0265683,0.0205609
2,0.075,0.075,0.02944,0.0205609
2,0.075,0.1,0.0322238,0.0205609
2,0.075,0.125,0.0349196,0.0205609
2,0.075,0.15,0.0375277,0.0205609
2,0.075,0.175,0.0400479,0.0205609
2,0.075,0.2,0.0425789,0.0205609
2,0.075,0.225,0.0449366,0.0205609
2,0.075,0.25,0.0472066,0.0205609
2,0.075,0.275,0.049389,0.0205609
2,0.075,0.3,0.0514837,0.0205609
2,0.075,0.325,0.0554795,0.0205609
2,0.075,0.35,0.0575482,0.0205609
2,0.075,0.375,0.0595254,0.0205609
2,0.075,0.4,0.0614104,0.0205609
2,0.075,0.425,0.0632022,0.0205609
2,0.075,0.45,0.0649002,0.0205609
2,0.075,0.475,0.0665031,0.0205609
2,0.075,0.5,0.0680102,0.0205609
2,0.075,0.525,0.0694201,0.0205609
2,0.075,0.55,0.0707317,0.0205609
2,0.075,0.575,0.0719435,0.0205609
2,0.075,0.6,0.0730537,0.0205609
2,0.075,0.625,0.0740605,0.0205609
2,0.075,0.65,0.0749615,0.0205609
2,0.075,0.675,0.09,0.0205609
2,0.075,0.7,0.0891339,0.0205609
2,0.075,0.725,0.0880734,0.0205609
2,0.075,0.75,0.0868359,0.0205609
2,0.075,0.775,0.0854409,0.0205609
2,0.075,0.8,0.0839093,0.0205609
2,0.075,0.825,0.0822633,0.0205609
2,0.075,0.85,0.0805261,0.0205609
2,0.075,0.875,0.078721,0.0205609
2,0.075,0.9,0.0768714,0.0205609
2,0.1,0.025,0.0393127,0.0355197
2,0.1,0.05,0.0429904,0.0355197
2,0.1,0.075,0.0465528,0.0355197
2,0.1,0.1,0.05,0.0355197
2,0.1,0.125,0.0533321,0.0355197
2,0.1,0.15,0.0565491,0.0355197
2,0.1,0.175,0.0596512,0.0355197
2,0.1,0.2,0.0628719,0.0355197
2,0.1,0.225,0.0657748,0.0355197
2,0.1,0.25,0.068563,0.0355197
2,0.1,0.275,0.0712364,0.0355197
2,0.1,0.3,0.0769231,0.0355197
2,0.1,0.325,0.0796162,0.0355197
2,0.1,0.35,0.0821871,0.0355197
2,0.1,0.375,0.0846344,0.0355197
2,0.1,0.4,0.0869565,0.0355197
2,0.1,0.425,0.0891518,0.0355197
2,0.1,0.45,0.0912185,0.0355197
2,0.1,0.475,0.0931546,0.0355197
2,0.1,0.5,0.094958,0.0355197
2,0.1,0.525,0.0966263,0.0355197
2,0.1,0.55,0.0981568,0.0355197
2,0.1,0.575,0.0995464,0.0355197
2,0.1,0.6,0.100792,0.0355197
2,0.1,0.625,0.120875,0.0355197
2,0.1,0.65,0.12,0.0355197
2,0.1,0.675,0.118845,0.0355197
2,0.1,0.7,0.117431,0.0355197
2,0.1,0.725,0.115781,0.0355197
2,0.1,0.75,0.113921,0.0355197
2,0.1,0.775,0.111879,0.0355197
2,0.1,0.8,0.109684,0.0355197
2,0.1,0.825,0.107368,0.0355197
2,0.1,0.85,0.104961,0.0355197
2,0.1,0.875,0.102495,0.0355197
2,0.125,0.025,0.0583729,0.0539604
2,0.125,0.05,0.0626435,0.0539604
2,0.125,0.075,0.0667722,0.0539604
2,0.125,0.1,0.0707592,0.0539604
2,0.125,0.125,0.0746047,0.0539604
2,0.125,0.15,0.078309,0.0539604
2,0.125,0.175,0.0822682,0.0539604
2,0.125,0.2,0.0857486,0.0539604
2,0.125,0.225,0.089088,0.0539604
2,0.125,0.25,0.0922865,0.0539604
2,0.125,0.275,0.0996403,0.0539604
2,0.125,0.3,0.102923,0.0539604
2,0.125,0.325,0.106053,0.0539604
2,0.125,0.35,0.109027,0.0539604
2,0.125,0.375,0.111842,0.0539604
2,0.125,0.4,0.114497,0.0539604
2,0.125,0.425,0.116987,0.0539604
2,0.125,0.45,0.119311,0.0539604
2,0.125,0.475,0.121465,0.0539604
2,0.125,0.5,0.123444,0.0539604
2,0.125,0.525,0.125245,0.0539604
2,0.125,0.55,0.152151,0.0539604
2,0.125,0.575,0.151817,0.0539604
2,0.125,0.6,0.151094,0.0539604
2,0.125,0.625,0.15,0.0539604
2,0.125,0.65,0.148556,0.0539604
2,0.125,0.675,0.146789,0.0539604
2,0.125,0.7,0.144727,0.0539604
2,0.125,0.725,0.142402,0.0539604
2,0.125,0.75,0.139849,0.0539604
2,0.125,0.775,0.137106,0.0539604
2,0.125,0.8,0.13421,0.0539604
2,0.125,0.825,0.131202,0.0539604
2,0.125,0.85,0.128119,0.0539604
2,0.15,0.025,0.0804926,0.075583
2,0.15,0.05,0.0852342,0.075583
2,0.15,0.075,0.0898082,0.075583
2,0.15,0.1,0.0942149,0.075583
2,0.15,0.125,0.0984545,0.075583
2,0.15,0.15,0.102527,0.075583
2,0.15,0.175,0.107116,0.075583
2,0.15,0.2,0.110955,0.075583
2,0.15,0.225,0.114627,0.075583
2,0.15,0.25,0.123529,0.075583
2,0.15,0.275,0.127368,0.075583
2,0.15,0.3,0.13102,0.075583
2,0.15,0.325,0.134484,0.075583
2,0.15,0.35,0.137755,0.075583
2,0.15,0.375,0.14083,0.075583
2,0.15,0.4,0.143704,0.075583
2,0.15,0.425,0.146373,0.075583
2,0.15,0.45,0.148833,0.075583
2,0.15,0.475,0.151077,0.075583
2,0.15,0.5,0.153099,0.075583
2,0.15,0.525,0.182582,0.075583
2,0.15,0.55,0.182181,0.075583
2,0.15,0.575,0.181313,0.075583
2,0.15,0.6,0.18,0.075583
2,0.15,0.625,0.178268,0.075583
2,0.15,0.65,0.176147,0.075583
2,0.15,0.675,0.173672,0.075583
2,0.15,0.7,0.170882,0.075583
2,0.15,0.725,0.167819,0.075583
2,0.15,0.75,0.164527,0.075583
2,0.15,0.775,0.161052,0.075583
2,0.15,0.8,0.157442,0.075583
2,0.15,0.825,0.153743,0.075583
2,0.175,0.025,0.105395,0.100108
2,0.175,0.05,0.110488,0.100108
2,0.175,0.075,0.115389,0.100108
2,0.175,0.1,0.120097,0.100108
2,0.175,0.125,0.124614,0.100108
2,0.175,0.15,0.129862,0.100108
2,0.175,0.175,0.13415,0.100108
2,0.175,0.2,0.138248,0.100108
2,0.175,0.225,0.148499,0.100108
2,0.175,0.25,0.152858,0.100108
2,0.175,0.275,0.156998,0.100108
2,0.175,0.3,0.160915,0.100108
2,0.175,0.325,0.164604,0.100108
2,0.175,0.35,0.16806,0.100108
2,0.175,0.375,0.171277,0.100108
2,0.175,0.4,0.174249,0.100108
2,0.175,0.425,0.17697,0.100108
2,0.175,0.45,0.179432,0.100108
2,0.175,0.475,0.212916,0.100108
2,0.175,0.5,0.213012,0.100108
2,0.175,0.525,0.212544,0.100108
2,0.175,0.55,0.211532,0.100108
2,0.175,0.575,0.21,0.100108
2,0.175,0.6,0.207979,0.100108
2,0.175,0.625,0.205505,0.100108
2,0.175,0.65,0.202617,0.100108
2,0.175,0.675,0.199362,0.100108
2,0.175,0.7,0.195788,0.100108
2,0.175,0.725,0.191948,0.100108
2,0.175,0.75,0.187894,0.100108
2,0.175,0.775,0.183682,0.100108
2,0.175,0.8,0.179367,0.100108
2,0.2,0.025,0.132817,0.127273
2,0.2,0.05,0.138144,0.127273
2,0.2,0.075,0.143254,0.127273
2,0.2,0.1,0.148148,0.127273
2,0.2,0.125,0.153968,0.127273
2,0.2,0.15,0.158659,0.127273
2,0.2,0.175,0.163133,0.127273
2,0.2,0.2,0.174468,0.127273
2,0.2,0.225,0.179312,0.127273
2,0.2,0.25,0.183904,0.127273
2,0.2,0.275,0.188238,0.127273
2,0.2,0.3,0.192308,0.127273
2,0.2,0.325,0.196106,0.127273
2,0.2,0.35,0.199625,0.127273
2,0.2,0.375,0.202859,0.127273
2,0.2,0.4,0.205797,0.127273
2,0.2,0.425,0.242563,0.127273
2,0.2,0.45,0.243333,0.127273
2,0.2,0.475,0.243442,0.127273
2,0.2,0.5,0.242907,0.127273
2,0.2,0.525,0.241751,0.127273
2,0.2,0.55,0.24,0.127273
2,0.2,0.575,0.23769,0.127273
2,0.2,0.6,0.234862,0.127273
2,0.2,0.625,0.231563,0.127273
2,0.2,0.65,0.227842,0.127273
2,0.2,0.675,0.223758,0.127273
2,0.2,0.7,0.219369,0.127273
2,0.2,0.725,0.214736,0.127273
2,0.2,0.75,0.209923,0.127273
2,0.2,0.775,0.20499,0.127273
2,0.225,0.025,0.16251,0.156826
2,0.225,0.05,0.167953,0.156826
2,0.225,0.075,0.173157,0.156826
2,0.225,0.1,0.17812,0.156826
2,0.225,0.125,0.184461,0.156826
2,0.225,0.15,0.189266,0.156826
2,0.225,0.175,0.201362,0.156826
2,0.225,0.2,0.206658,0.156826
2,0.225,0.225,0.211667,0.156826
2,0.225,0.25,0.216382,0.156826
2,0.225,0.275,0.220794,0.156826
2,0.225,0.3,0.224896,0.156826
2,0.225,0.325,0.228678,0.156826
2,0.225,0.35,0.232132,0.156826
2,0.225,0.375,0.271262,0.156826
2,0.225,0.4,0.272883,0.156826
2,0.225,0.425,0.273749,0.156826
2,0.225,0.45,0.273872,0.156826
2,0.225,0.475,0.273271,0.156826
2,0.225,0.5,0.271969,0.156826
2,0.225,0.525,0.27,0.156826
2,0.225,0.55,0.267402,0.156826
2,0.225,0.575,0.26422,0.156826
2,0.225,0.6,0.260508,0.156826
2,0.225,0.625,0.256323,0.156826
2,0.225,0.65,0.251728,0.156826
2,0.225,0.675,0.24679,0.156826
2,0.225,0.7,0.241578,0.156826
2,0.225,0.725,0.236163,0.156826
2,0.225,0.75,0.230614,0.156826
2,0.25,0.025,0.194231,0.188525
2,0.25,0.05,0.199673,0.188525
2,0.25,0.075,0.204853,0.188525
2,0.25,0.1,0.211536,0.188525
2,0.25,0.125,0.216626,0.188525
2,0.25,0.15,0.221452,0.188525
2,0.25,0.175,0.234828,0.188525
2,0.25,0.2,0.24022,0.188525
2,0.25,0.225,0.245281,0.188525
2,0.25,0.25,0.25,0.188525
2,0.25,0.275,0.254368,0.188525
2,0.25,0.3,0.258374,0.188525
2,0.25,0.325,0.262007,0.188525
2,0.25,0.35,0.301402,0.188525
2,0.25,0.375,0.303204,0.188525
2,0.25,0.4,0.304166,0.188525
2,0.25,0.425,0.304303,0.188525
2,0.25,0.45,0.303634,0.188525
2,0.25,0.475,0.302188,0.188525
2,0.25,0.5,0.3,0.188525
2,0.25,0.525,0.297113,0.188525
2,0.25,0.55,0.293578,0.188525
2,0.25,0.575,0.289453,0.188525
2,0.25,0.6,0.284803,0.188525
2,0.25,0.625,0.279698,0.188525
2,0.25,0.65,0.274211,0.188525
2,0.25,0.675,0.26842,0.188525
2,0.25,0.7,0.262403,0.188525
2,0.25,0.725,0.256238,0.188525
2,0.275,0.025,0.227742,0.222133
2,0.275,0.05,0.233066,0.222133
2,0.275,0.075,0.238107,0.222133
2,0.275,0.1,0.245191,0.222133
2,0.275,0.125,0.250232,0.222133
2,0.275,0.15,0.263764,0.222133
2,0.275,0.175,0.269505,0.222133
2,0.275,0.2,0.274877,0.222133
2,0.275,0.225,0.279867,0.222133
2,0.275,0.25,0.284465,0.222133
2,0.275,0.275,0.288657,0.222133
2,0.275,0.3,0.292431,0.222133
2,0.275,0.325,0.331542,0.222133
2,0.275,0.35,0.333524,0.222133
2,0.275,0.375,0.334583,0.222133
2,0.275,0.4,0.334733,0.222133
2,0.275,0.425,0.333998,0.222133
2,0.275,0.45,0.332407,0.222133
2,0.275,0.475,0.33,0.222133
2,0.275,0.5,0.326824,0.222133
2,0.275,0.525,0.322936,0.222133
2,0.275,0.55,0.318398,0.222133
2,0.275,0.575,0.313283,0.222133
2,0.275,0.6,0.307667,0.222133
2,0.275,0.625,0.301632,0.222133
2,0.275,0.65,0.295262,0.222133
2,0.275,0.675,0.288644,0.222133
2,0.275,0.7,0.281862,0.222133
2,0.3,0.025,0.262809,0.257417
2,0.3,0.05,0.267897,0.257417
2,0.3,0.075,0.272682,0.257417
2,0.3,0.1,0.280147,0.257417
2,0.3,0.125,0.29341,0.257417
2,0.3,0.15,0.299468,0.257417
2,0.3,0.175,0.305117,0.257417
2,0.3,0.2,0.310345,0.257417
2,0.3,0.225,0.315137,0.257417
2,0.3,0.25,0.319478,0.257417
2,0.3,0.275,0.358503,0.257417
2,0.3,0.3,0.361682,0.257417
2,0.3,0.325,0.363844,0.257417
2,0.3,0.35,0.364999,0.257417
2,0.3,0.375,0.365163,0.257417
2,0.3,0.4,0.364361,0.257417
2,0.3,0.425,0.362626,0.257417
2,0.3,0.45,0.36,0.257417
2,0.3,0.475,0.356536,0.257417
2,0.3,0.5,0.352294,0.257417
2,0.3,0.525,0.347344,0.257417
2,0.3,0.55,0.341764,0.257417
2,0.3,0.575,0.335637,0.257417
2,0.3,0.6,0.329053,0.257417
2,0.3,0.625,0.322104,0.257417
2,0.3,0.65,0.314884,0.257417
2,0.3,0.675,0.307486,0.257417
2,0.325,0.025,0.299199,0.294144
2,0.325,0.05,0.303931,0.294144
2,0.325,0.075,0.311171,0.294144
2,0.325,0.1,0.316169,0.294144
2,0.325,0.125,0.330062,0.294144
2,0.325,0.15,0.335956,0.294144
2,0.325,0.175,0.341387,0.294144
2,0.325,0.2,0.346338,0.294144
2,0.325,0.225,0.350794,0.294144
2,0.325,0.25,0.388379,0.294144
2,0.325,0.275,0.391822,0.294144
2,0.325,0.3,0.394165,0.294144
2,0.325,0.325,0.395416,0.294144
2,0.325,0.35,0.395594,0.294144
2,0.325,0.375,0.394725,0.294144
2,0.325,0.4,0.392845,0.294144
2,0.325,0.425,0.39,0.294144
2,0.325,0.45,0.386247,0.294144
2,0.325,0.475,0.381651,0.294144
2,0.325,0.5,0.376289,0.294144
2,0.325,0.525,0.370244,0.294144
2,0.325,0.55,0.363607,0.294144
2,0.325,0.575,0.356474,0.294144
2,0.325,0.6,0.348946,0.294144
2,0.325,0.625,0.341124,0.294144
2,0.325,0.65,0.33311,0.294144
2,0.35,0.025,0.336675,0.332079
2,0.35,0.05,0.340934,0.332079
2,0.35,0.075,0.34833,0.332079
2,0.35,0.1,0.361242,0.332079
2,0.35,0.125,0.367349,0.332079
2,0.35,0.15,0.372951,0.332079
2,0.35,0.175,0.378029,0.332079
2,0.35,0.2,0.382565,0.332079
2,0.35,0.225,0.418254,0.332079
2,0.35,0.25,0.421963,0.332079
2,0.35,0.275,0.424485,0.332079
2,0.35,0.3,0.425832,0.332079
2,0.35,0.325,0.426024,0.332079
2,0.35,0.35,0.425088,0.332079
2,0.35,0.375,0.423063,0.332079
2,0.35,0.4,0.42,0.332079
2,0.35,0.425,0.415958,0.332079
2,0.35,0.45,0.411009,0.332079
2,0.35,0.475,0.405234,0.332079
2,0.35,0.5,0.398724,0.332079
2,0.35,0.525,0.391577,0.332079
2,0.35,0.55,0.383896,0.332079
2,0.35,0.575,0.375788,0.332079
2,0.35,0.6,0.367365,0.332079
2,0.35,0.625,0.358733,0.332079
2,0.375,0.025,0.375,0.370985
2,0.375,0.05,0.381497,0.370985
2,0.375,0.075,0.386168,0.370985
2,0.375,0.1,0.399259,0.370985
2,0.375,0.125,0.405,0.370985
2,0.375,0.15,0.410172,0.370985
2,0.375,0.175,0.414757,0.370985
2,0.375,0.2,0.448129,0.370985
2,0.375,0.225,0.452103,0.370985
2,0.375,0.25,0.454805,0.370985
2,0.375,0.275,0.456249,0.370985
2,0.375,0.3,0.456454,0.370985
2,0.375,0.325,0.455451,0.370985
2,0.375,0.35,0.453282,0.370985
2,0.375,0.375,0.45,0.370985
2,0.375,0.4,0.445669,0.370985
2,0.375,0.425,0.440367,0.370985
2,0.375,0.45,0.43418,0.370985
2,0.375,0.475,0.427205,0.370985
2,0.375,0.5,0.419546,0.370985
2,0.375,0.525,0.411317,0.370985
2,0.375,0.55,0.402631,0.370985
2,0.375,0.575,0.393605,0.370985
2,0.375,0.6,0.384357,0.370985
2,0.4,0.025,0.413932,0.410619
2,0.4,0.05,0.420249,0.410619
2,0.4,0.075,0.43165,0.410619
2,0.4,0.1,0.4375,0.410619
2,0.4,0.125,0.442736,0.410619
2,0.4,0.15,0.447337,0.410619
2,0.4,0.175,0.478005,0.410619
2,0.4,0.2,0.482243,0.410619
2,0.4,0.225,0.485126,0.410619
2,0.4,0.25,0.486666,0.410619
2,0.4,0.275,0.486884,0.410619
2,0.4,0.3,0.485815,0.410619
2,0.4,0.325,0.483501,0.410619
2,0.4,0.35,0.48,0.410619
2,0.4,0.375,0.475381,0.410619
2,0.4,0.4,0.469725,0.410619
2,0.4,0.425,0.463125,0.410619
2,0.4,0.45,0.455685,0.410619
2,0.4,0.475,0.447516,0.410619
2,0.4,0.5,0.438738,0.410619
2,0.4,0.525,0.429473,0.410619
2,0.4,0.55,0.419846,0.410619
2,0.4,0.575,0.409981,0.410619
2,0.425,0.025,0.453224,0.450736
2,0.425,0.05,0.459281,0.450736
2,0.425,0.075,0.47042,0.450736
2,0.425,0.1,0.47569,0.450736
2,0.425,0.125,0.480277,0.450736
2,0.425,0.15,0.50788,0.450736
2,0.425,0.175,0.512383,0.450736
2,0.425,0.2,0.515446,0.450736
2,0.425,0.225,0.517082,0.450736
2,0.425,0.25,0.517315,0.450736
2,0.425,0.275,0.516178,0.450736
2,0.425,0.3,0.51372,0.450736
2,0.425,0.325,0.51,0.450736
2,0.425,0.35,0.505092,0.450736
2,0.425,0.375,0.499083,0.450736
2,0.425,0.4,0.49207,0.450736
2,0.425,0.425,0.484165,0.450736
2,0.425,0.45,0.475486,0.450736
2,0.425,0.475,0.466159,0.450736
2,0.425,0.5,0.456315,0.450736
2,0.425,0.525,0.446086,0.450736
2,0.425,0.55,0.435605,0.450736
2,0.45,0.025,0.494946,0.491082
2,0.45,0.05,0.503731,0.491082
2,0.45,0.075,0.509007,0.491082
2,0.45,0.1,0.513552,0.491082
2,0.45,0.125,0.537755,0.491082
2,0.45,0.15,0.542523,0.491082
2,0.45,0.175,0.545767,0.491082
2,0.45,0.2,0.547499,0.491082
2,0.45,0.225,0.547745,0.491082
2,0.45,0.25,0.546542,0.491082
2,0.45,0.275,0.543939,0.491082
2,0.45,0.3,0.54,0.491082
2,0.45,0.325,0.534803,0.491082
2,0.45,0.35,0.52844,0.491082
2,0.45,0.375,0.521016,0.491082
2,0.45,0.4,0.512645,0.491082
2,0.45,0.425,0.503456,0.491082
2,0.45,0.45,0.49358,0.491082
2,0.45,0.475,0.483157,0.491082
2,0.45,0.5,0.472326,0.491082
2,0.45,0.525,0.461229,0.491082
2,0.475,0.025,0.534528,0.5314
2,0.475,0.05,0.542663,0.5314
2,0.475,0.075,0.547138,0.5314
2,0.475,0.1,0.56763,0.5314
2,0.475,0.125,0.572664,0.5314
2,0.475,0.15,0.576087,0.5314
2,0.475,0.175,0.577916,0.5314
2,0.475,0.2,0.578175,0.5314
2,0.475,0.225,0.576905,0.5314
2,0.475,0.25,0.574158,0.5314
2,0.475,0.275,0.57,0.5314
2,0.475,0.3,0.564515,0.5314
2,0.475,0.325,0.557798,0.5314
2,0.475,0.35,0.549961,0.5314
2,0.475,0.375,0.541126,0.5314
2,0.475,0.4,0.531425,0.5314
2,0.475,0.425,0.521001,0.5314
2,0.475,0.45,0.509999,0.5314
2,0.475,0.475,0.498567,0.5314
2,0.475,0.5,0.486852,0.5314
2,0.5,0.025,0.576635,0.571429
2,0.5,0.05,0.581014,0.571429
2,0.5,0.075,0.597506,0.571429
2,0.5,0.1,0.602804,0.571429
2,0.5,0.125,0.606407,0.571429
2,0.5,0.15,0.608332,0.571429
2,0.5,0.175,0.608606,0.571429
2,0.5,0.2,0.607268,0.571429
2,0.5,0.225,0.604376,0.571429
2,0.5,0.25,0.6,0.571429
2,0.5,0.275,0.594226,0.571429
2,0.5,0.3,0.587156,0.571429
2,0.5,0.325,0.578906,0.571429
2,0.5,0.35,0.569606,0.571429
2,0.5,0.375,0.559395,0.571429
2,0.5,0.4,0.548422,0.571429
2,0.5,0.425,0.536841,0.571429
2,0.5,0.45,0.524807,0.571429
2,0.5,0.475,0.512476,0.571429
2,0.525,0.025,0.61516,0.610903
2,0.525,0.05,0.627381,0.610903
2,0.525,0.075,0.632944,0.610903
2,0.525,0.1,0.636728,0.610903
2,0.525,0.125,0.638749,0.610903
2,0.525,0.15,0.639036,0.610903
2,0.525,0.175,0.637632,0.610903
2,0.525,0.2,0.634595,0.610903
2,0.525,0.225,0.63,0.610903
2,0.525,0.25,0.623937,0.610903
2,0.525,0.275,0.616514,0.610903
2,0.525,0.3,0.607852,0.610903
2,0.525,0.325,0.598086,0.610903
2,0.525,0.35,0.587365,0.610903
2,0.525,0.375,0.575843,0.610903
2,0.525,0.4,0.563683,0.610903
2,0.525,0.425,0.551047,0.610903
2,0.525,0.45,0.5381,0.610903
2,0.55,0.025,0.657256,0.649559
2,0.55,0.05,0.663084,0.649559
2,0.55,0.075,0.667048,0.649559
2,0.55,0.1,0.669165,0.649559
2,0.55,0.125,0.669466,0.649559
2,0.55,0.15,0.667995,0.649559
2,0.55,0.175,0.664814,0.649559
2,0.55,0.2,0.66,0.649559
2,0.55,0.225,0.653649,0.649559
2,0.55,0.25,0.645872,0.649559
2,0.55,0.275,0.636797,0.649559
2,0.55,0.3,0.626567,0.649559
2,0.55,0.325,0.615335,0.649559
2,0.55,0.35,0.603264,0.649559
2,0.55,0.375,0.590525,0.649559
2,0.55,0.4,0.577288,0.649559
2,0.55,0.425,0.563724,0.649559
2,0.575,0.025,0.693224,0.687132
2,0.575,0.05,0.697368,0.687132
2,0.575,0.075,0.699582,0.687132
2,0.575,0.1,0.699896,0.687132
2,0.575,0.125,0.698359,0.687132
2,0.575,0.15,0.695033,0.687132
2,0.575,0.175,0.69,0.687132
2,0.575,0.2,0.68336,0.687132
2,0.575,0.225,0.675229,0.687132
2,0.575,0.25,0.665742,0.687132
2,0.575,0.275,0.655047,0.687132
2,0.575,0.3,0.643305,0.687132
2,0.575,0.325,0.630686,0.687132
2,0.575,0.35,0.617367,0.687132
2,0.575,0.375,0.603528,0.687132
2,0.575,0.4,0.589348,0.687132
2,0.6,0.025,0.727689,0.723364
2,0.6,0.05,0.729999,0.723364
2,0.6,0.075,0.730327,0.723364
2,0.6,0.1,0.728722,0.723364
2,0.6,0.125,0.725252,0.723364
2,0.6,0.15,0.72,0.723364
2,0.6,0.175,0.713071,0.723364
2,0.6,0.2,0.704587,0.723364
2,0.6,0.225,0.694688,0.723364
2,0.6,0.25,0.683527,0.723364
2,0.6,0.275,0.671274,0.723364
2,0.6,0.3,0.658107,0.723364
2,0.6,0.325,0.644209,0.723364
2,0.6,0.35,0.629768,0.723364
2,0.6,0.375,0.614971,0.723364
2,0.625,0.025,0.760415,0.758009
2,0.625,0.05,0.760757,0.758009
2,0.625,0.075,0.759086,0.758009
2,0.625,0.1,0.75547,0.758009
2,0.625,0.125,0.75,0.758009
2,0.625,0.15,0.742782,0.758009
2,0.625,0.175,0.733945,0.758009
2,0.625,0.2,0.723633,0.758009
2,0.625,0.225,0.712008,0.758009
2,0.625,0.25,0.699244,0.758009
2,0.625,0.275,0.685528,0.758009
2,0.625,0.3,0.671051,0.758009
2,0.625,0.325,0.656009,0.758009
2,0.625,0.35,0.640595,0.758009
2,0.65,0.025,0.791187,0.790832
2,0.65,0.05,0.789449,0.790832
2,0.65,0.075,0.785689,0.790832
2,0.65,0.1,0.78,0.790832
2,0.65,0.125,0.772494,0.790832
2,0.65,0.15,0.763303,0.790832
2,0.65,0.175,0.752578,0.790832
2,0.65,0.2,0.740488,0.790832
2,0.65,0.225,0.727214,0.790832
2,0.65,0.25,0.712949,0.790832
2,0.65,0.275,0.697893,0.790832
2,0.65,0.3,0.682249,0.790832
2,0.65,0.325,0.666219,0.790832
2,0.675,0.025,0.819812,0.821617
2,0.675,0.05,0.815908,0.821617
2,0.675,0.075,0.81,0.821617
2,0.675,0.1,0.802205,0.821617
2,0.675,0.125,0.792661,0.821617
2,0.675,0.15,0.781523,0.821617
2,0.675,0.175,0.768968,0.821617
2,0.675,0.2,0.755184,0.821617
2,0.675,0.225,0.74037,0.821617
2,0.675,0.25,0.724735,0.821617
2,0.675,0.275,0.708489,0.821617
2,0.675,0.3,0.691843,0.821617
2,0.7,0.025,0.846127,0.850176
2,0.7,0.05,0.84,0.850176
2,0.7,0.075,0.831916,0.850176
2,0.7,0.1,0.822018,0.850176
2,0.7,0.125,0.810469,0.850176
2,0.7,0.15,0.797448,0.850176
2,0.7,0.175,0.783153,0.850176
2,0.7,0.2,0.767791,0.850176
2,0.7,0.225,0.751577,0.850176
2,0.7,0.25,0.73473,0.850176
2,0.7,0.275,0.717467,0.850176
2,0.725,0.025,0.87,0.876346
2,0.725,0.05,0.861628,0.876346
2,0.725,0.075,0.851376,0.876346
2,0.725,0.1,0.839414,0.876346
2,0.725,0.125,0.825929,0.876346
2,0.725,0.15,0.811123,0.876346
2,0.725,0.175,0.795212,0.876346
2,0.725,0.2,0.778419,0.876346
2,0.725,0.225,0.76097,0.876346
2,0.725,0.25,0.74309,0.876346
2,0.75,0.025,0.891339,0.9
2,0.75,0.05,0.880734,0.9
2,0.75,0.075,0.868359,0.9
2,0.75,0.1,0.854409,0.9
2,0.75,0.125,0.839093,0.9
2,0.75,0.15,0.822633,0.9
2,0.75,0.175,0.805261,0.9
2,0.75,0.2,0.78721,0.9
2,0.75,0.225,0.768714,0.9
2,0.775,0.025,0.910092,0.92105
2,0.775,0.05,0.897305,0.92105
2,0.775,0.075,0.882889,0.92105
2,0.775,0.1,0.867063,0.92105
2,0.775,0.125,0.850054,0.92105
2,0.775,0.15,0.832103,0.92105
2,0.775,0.175,0.813451,0.92105
2,0.775,0.2,0.794338,0.92105
2,0.8,0.025,0.92625,0.93945
2,0.8,0.05,0.91137,0.93945
2,0.8,0.075,0.895032,0.93945
2,0.8,0.1,0.877476,0.93945
2,0.8,0.125,0.858945,0.93945
2,0.8,0.15,0.839691,0.93945
2,0.8,0.175,0.819962,0.93945
2,0.825,0.025,0.93985,0.955195
2,0.825,0.05,0.923002,0.955195
2,0.825,0.075,0.904897,0.955195
2,0.825,0.1,0.885787,0.955195
2,0.825,0.125,0.865931,0.955195
2,0.825,0.15,0.845586,0.955195
2,0.85,0.025,0.950972,0.96833
2,0.85,0.05,0.932318,0.96833
2,0.85,0.075,0.912629,0.96833
2,0.85,0.1,0.892172,0.96833
2,0.85,0.125,0.87121,0.96833
2,0.875,0.025,0.959739,0.978942
2,0.875,0.05,0.939471,0.978942
2,0.875,0.075,0.918412,0.978942
2,0.875,0.1,0.896833,0.978942
2,0.9,0.025,0.966313,0.98716
2,0.9,0.05,0.944652,0.98716
2,0.9,0.075,0.922457,0.98716
2,0.925,0.025,0.970893,0.993155
2,0.925,0.05,0.948081,0.993155
2,0.95,0.025,0.973705,0.997133
4,0.025,0.025,0.00358299,0.00242454
4,0.025,0.05,0.00471092,0.00242454
4,0.025,0.075,0.00580832,0.00242454
4,0.025,0.1,0.00687521,0.00242454
4,0.025,0.125,0.00791157,0.00242454
4,0.025,0.15,0.00891743,0.00242454
4,0.025,0.175,0.00989301,0.00242454
4,0.025,0.2,0.0108379,0.00242454
4,0.025,0.225,0.0117522,0.00242454
4,0.025,0.25,0.0126495,0.00242454
4,0.025,0.275,0.013505,0.00242454
4,0.025,0.3,0.0143303,0.00242454
4,0.025,0.325,0.0151253,0.00242454
4,0.025,0.35,0.0158901,0.00242454
4,0.025,0.375,0.0172073,0.00242454
4,0.025,0.4,0.0180014,0.00242454
4,0.025,0.425,0.0187789,0.00242454
4,0.025,0.45,0.0195421,0.00242454
4,0.025,0.475,0.0202941,0.00242454
4,0.025,0.5,0.0210381,0.00242454
4,0.025,0.525,0.0217779,0.00242454
4,0.025,0.55,0.0225175,0.00242454
4,0.025,0.575,0.0232606,0.00242454
4,0.025,0.6,0.0240105,0.00242454
4,0.025,0.625,0.0247681,0.00242454
4,0.025,0.65,0.0255299,0.00242454
4,0.025,0.675,0.0262851,0.00242454
4,0.025,0.7,0.0270109,0.00242454
4,0.025,0.725,0.027669,0.00242454
4,0.025,0.75,0.0282055,0.00242454
4,0.025,0.775,0.0285582,0.00242454
4,0.025,0.8,0.0286749,0.00242454
4,0.025,0.825,0.0293773,0.00242454
4,0.025,0.85,0.0285573,0.00242454
4,0.025,0.875,0.0277729,0.00242454
4,0.025,0.9,0.0270257,0.00242454
4,0.025,0.925,0.0263156,0.00242454
4,0.025,0.95,0.025641,0.00242454
4,0.05,0.025,0.0115881,0.00941672
4,0.05,0.05,0.0136997,0.00941672
4,0.05,0.075,0.0157515,0.00941672
4,0.05,0.1,0.0177435,0.00941672
4,0.05,0.125,0.0196759,0.00941672
4,0.05,0.15,0.0215485,0.00941672
4,0.05,0.175,0.0233655,0.00941672
4,0.05,0.2,0.0251193,0.00941672
4,0.05,0.225,0.0269095,0.00941672
4,0.05,0.25,0.0285605,0.00941672
4,0.05,0.275,0.0301537,0.00941672
4,0.05,0.3,0.0316892,0.00941672
4,0.05,0.325,0.0331674,0.00941672
4,0.05,0.35,0.0366541,0.00941672
4,0.05,0.375,0.0383364,0.00941672
4,0.05,0.4,0.0400059,0.00941672
4,0.05,0.425,0.0416693,0.00941672
4,0.05,0.45,0.0433333,0.00941672
4,0.05,0.475,0.0450047,0.00941672
4,0.05,0.5,0.0466887,0.00941672
4,0.05,0.525,0.0483878,0.00941672
4,0.05,0.55,0.0500989,0.00941672
4,0.05,0.575,0.0518096,0.00941672
4,0.05,0.6,0.0534932,0.00941672
4,0.05,0.625,0.0551037,0.00941672
4,0.05,0.65,0.0565716,0.00941672
4,0.05,0.675,0.0578063,0.00941672
4,0.05,0.7,0.0587065,0.00941672
4,0.05,0.725,0.0591824,0.00941672
4,0.05,0.75,0.062203,0.00941672
4,0.05,0.775,0.0604566,0.00941672
4,0.05,0.8,0.0587546,0.00941672
4,0.05,0.825,0.0571145,0.00941672
4,0.05,0.85,0.0555457,0.00941672
4,0.05,0.875,0.0540514,0.00941672
4,0.05,0.9,0.0526311,0.00941672
4,0.05,0.925,0.051282,0.00941672
4,0.075,0.025,0.0236434,0.0205973
4,0.075,0.05,0.0266016,0.0205973
4,0.075,0.075,0.0294717,0.0205973
4,0.075,0.1,0.0322538,0.0205973
4,0.075,0.125,0.0349492,0.0205973
4,0.075,0.15,0.0375746,0.0205973
4,0.075,0.175,0.0400968,0.0205973
4,0.075,0.2,0.0428171,0.0205973
4,0.075,0.225,0.0452171,0.0205973
4,0.075,0.25,0.0475351,0.0205973
4,0.075,0.275,0.0497719,0.0205973
4,0.075,0.3,0.0519286,0.0205973
4,0.075,0.325,0.0581054,0.0205973
4,0.075,0.35,0.0607386,0.0205973
4,0.075,0.375,0.0633736,0.0205973
4,0.075,0.4,0.0660196,0.0205973
4,0.075,0.425,0.0686842,0.0205973
4,0.075,0.45,0.071372,0.0205973
4,0.075,0.475,0.0740813,0.0205973
4,0.075,0.5,0.0768,0.0205973
4,0.075,0.525,0.0795007,0.0205973
4,0.075,0.55,0.0821338,0.0205973
4,0.075,0.575,0.0846225,0.0205973
4,0.075,0.6,0.0868609,0.0205973
4,0.075,0.625,0.0887192,0.0205973
4,0.075,0.65,0.0900616,0.0205973
4,0.075,0.675,0.0985488,0.0205973
4,0.075,0.7,0.0959473,0.0205973
4,0.075,0.725,0.0933045,0.0205973
4,0.075,0.75,0.0906849,0.0205973
4,0.075,0.775,0.0881319,0.0205973
4,0.075,0.8,0.0856718,0.0205973
4,0.075,0.825,0.0833186,0.0205973
4,0.075,0.85,0.0810771,0.0205973
4,0.075,0.875,0.0789467,0.0205973
4,0.075,0.9,0.076923,0.0205973
4,0.1,0.025,0.0394271,0.0356398
4,0.1,0.05,0.043099,0.0356398
4,0.1,0.075,0.0466556,0.0356398
4,0.1,0.1,0.050097,0.0356398
4,0.1,0.125,0.0534281,0.0356398
4,0.1,0.15,0.0567028,0.0356398
4,0.1,0.175,0.0598113,0.0356398
4,0.1,0.2,0.0635131,0.0356398
4,0.1,0.225,0.0665245,0.0356398
4,0.1,0.25,0.0694357,0.0356398
4,0.1,0.275,0.072249,0.0356398
4,0.1,0.3,0.0813581,0.0356398
4,0.1,0.325,0.0849808,0.0356398
4,0.1,0.35,0.0886238,0.0356398
4,0.1,0.375,0.0922956,0.0356398
4,0.1,0.4,0.096,0.0356398
4,0.1,0.425,0.0997321,0.0356398
4,0.1,0.45,0.103473,0.0356398
4,0.1,0.475,0.107185,0.0356398
4,0.1,0.5,0.110802,0.0356398
4,0.1,0.525,0.114225,0.0356398
4,0.1,0.55,0.117322,0.0356398
4,0.1,0.575,0.119931,0.0356398
4,0.1,0.6,0.121883,0.0356398
4,0.1,0.625,0.134695,0.0356398
4,0.1,0.65,0.131398,0.0356398
4,0.1,0.675,0.12793,0.0356398
4,0.1,0.7,0.124406,0.0356398
4,0.1,0.725,0.120913,0.0356398
4,0.1,0.75,0.117509,0.0356398
4,0.1,0.775,0.114229,0.0356398
4,0.1,0.8,0.111091,0.0356398
4,0.1,0.825,0.108103,0.0356398
4,0.1,0.85,0.105262,0.0356398
4,0.1,0.875,0.102564,0.0356398
4,0.125,0.025,0.0586622,0.0542661
4,0.125,0.05,0.0629164,0.0542661
4,0.125,0.075,0.067029,0.0542661
4,0.125,0.1,0.071013,0.0542661
4,0.125,0.125,0.0749781,0.0542661
4,0.125,0.15,0.0786974,0.0542661
4,0.125,0.175,0.0834753,0.0542661
4,0.125,0.2,0.0871581,0.0542661
4,0.125,0.225,0.0907263,0.0542661
4,0.125,0.25,0.0941839,0.0542661
4,0.125,0.275,0.106235,0.0542661
4,0.125,0.3,0.110868,0.0542661
4,0.125,0.325,0.115538,0.0542661
4,0.125,0.35,0.120251,0.0542661
4,0.125,0.375,0.125,0.0542661
4,0.125,0.4,0.129764,0.0542661
4,0.125,0.425,0.1345,0.0542661
4,0.125,0.45,0.139132,0.0542661
4,0.125,0.475,0.14355,0.0542661
4,0.125,0.5,0.147602,0.0542661
4,0.125,0.525,0.151102,0.0542661
4,0.125,0.55,0.175196,0.0542661
4,0.125,0.575,0.17209,0.0542661
4,0.125,0.6,0.168369,0.0542661
4,0.125,0.625,0.164248,0.0542661
4,0.125,0.65,0.159912,0.0542661
4,0.125,0.675,0.155508,0.0542661
4,0.125,0.7,0.151142,0.0542661
4,0.125,0.725,0.146886,0.0542661
4,0.125,0.75,0.142786,0.0542661
4,0.125,0.775,0.138864,0.0542661
4,0.125,0.8,0.135129,0.0542661
4,0.125,0.825,0.131578,0.0542661
4,0.125,0.85,0.128205,0.0542661
4,0.15,0.025,0.0811129,0.0762429
4,0.15,0.05,0.0858158,0.0762429
4,0.15,0.075,0.0903519,0.0762429
4,0.15,0.1,0.0947558,0.0762429
4,0.15,0.125,0.0992554,0.0762429
4,0.15,0.15,0.10336,0.0762429
4,0.15,0.175,0.10946,0.0762429
4,0.15,0.2,0.113674,0.0762429
4,0.15,0.225,0.117771,0.0762429
4,0.15,0.25,0.132583,0.0762429
4,0.15,0.275,0.138231,0.0762429
4,0.15,0.3,0.143931,0.0762429
4,0.15,0.325,0.149679,0.0762429
4,0.15,0.35,0.155455,0.0762429
4,0.15,0.375,0.161213,0.0762429
4,0.15,0.4,0.166879,0.0762429
4,0.15,0.425,0.172337,0.0762429
4,0.15,0.45,0.177425,0.0762429
4,0.15,0.475,0.181942,0.0762429
4,0.15,0.5,0.18566,0.0762429
4,0.15,0.525,0.210235,0.0762429
4,0.15,0.55,0.206507,0.0762429
4,0.15,0.575,0.202043,0.0762429
4,0.15,0.6,0.197098,0.0762429
4,0.15,0.625,0.191895,0.0762429
4,0.15,0.65,0.186609,0.0762429
4,0.15,0.675,0.18137,0.0762429
4,0.15,0.7,0.176264,0.0762429
4,0.15,0.725,0.171344,0.0762429
4,0.15,0.75,0.166637,0.0762429
4,0.15,0.775,0.162154,0.0762429
4,0.15,0.8,0.157893,0.0762429
4,0.15,0.825,0.153846,0.0762429
4,0.175,0.025,0.106581,0.101379
4,0.175,0.05,0.111592,0.101379
4,0.175,0.075,0.116414,0.101379
4,0.175,0.1,0.121125,0.101379
4,0.175,0.125,0.126147,0.101379
4,0.175,0.15,0.133442,0.101379
4,0.175,0.175,0.138297,0.101379
4,0.175,0.2,0.143031,0.101379
4,0.175,0.225,0.160266,0.101379
4,0.175,0.25,0.166924,0.101379
4,0.175,0.275,0.173643,0.101379
4,0.175,0.3,0.180407,0.101379
4,0.175,0.325,0.187174,0.101379
4,0.175,0.35,0.193873,0.101379
4,0.175,0.375,0.200392,0.101379
4,0.175,0.4,0.206569,0.101379
4,0.175,0.425,0.212195,0.101379
4,0.175,0.45,0.217024,0.101379
4,0.175,0.475,0.248451,0.101379
4,0.175,0.5,0.245275,0.101379
4,0.175,0.525,0.240925,0.101379
4,0.175,0.55,0.235716,0.101379
4,0.175,0.575,0.229947,0.101379
4,0.175,0.6,0.223877,0.101379
4,0.175,0.625,0.217711,0.101379
4,0.175,0.65,0.211598,0.101379
4,0.175,0.675,0.205641,0.101379
4,0.175,0.7,0.199901,0.101379
4,0.175,0.725,0.19441,0.101379
4,0.175,0.75,0.18918,0.101379
4,0.175,0.775,0.184209,0.101379
4,0.175,0.8,0.179487,0.101379
4,0.2,0.025,0.134901,0.129521
4,0.2,0.05,0.14007,0.129521
4,0.2,0.075,0.145159,0.129521
4,0.2,0.1,0.150748,0.129521
4,0.2,0.125,0.159109,0.129521
4,0.2,0.15,0.164601,0.129521
4,0.2,0.175,0.169973,0.129521
4,0.2,0.2,0.189165,0.129521
4,0.2,0.225,0.19682,0.129521
4,0.2,0.25,0.204538,0.129521
4,0.2,0.275,0.212286,0.129521
4,0.2,0.3,0.22,0.129521
4,0.2,0.325,0.227577,0.129521
4,0.2,0.35,0.234863,0.129521
4,0.2,0.375,0.241652,0.129521
4,0.2,0.4,0.247689,0.129521
4,0.2,0.425,0.285906,0.129521
4,0.2,0.45,0.283944,0.129521
4,0.2,0.475,0.280314,0.129521
4,0.2,0.5,0.275343,0.129521
4,0.2,0.525,0.26939,0.129521
4,0.2,0.55,0.262797,0.129521
4,0.2,0.575,0.255859,0.129521
4,0.2,0.6,0.248812,0.129521
4,0.2,0.625,0.241827,0.129521
4,0.2,0.65,0.235018,0.129521
4,0.2,0.675,0.228458,0.129521
4,0.2,0.7,0.222183,0.129521
4,0.2,0.725,0.216206,0.129521
4,0.2,0.75,0.210525,0.129521
4,0.2,0.775,0.205128,0.129521
4,0.225,0.025,0.165938,0.160554
4,0.225,0.05,0.171096,0.160554
4,0.225,0.075,0.176281,0.160554
4,0.225,0.1,0.18241,0.160554
4,0.225,0.125,0.192581,0.160554
4,0.225,0.15,0.19859,0.160554
4,0.225,0.175,0.219174,0.160554
4,0.225,0.2,0.227807,0.160554
4,0.225,0.225,0.236496,0.160554
4,0.225,0.25,0.245191,0.160554
4,0.225,0.275,0.2538,0.160554
4,0.225,0.3,0.262185,0.160554
4,0.225,0.325,0.270151,0.160554
4,0.225,0.35,0.277447,0.160554
4,0.225,0.375,0.321699,0.160554
4,0.225,0.4,0.321644,0.160554
4,0.225,0.425,0.319437,0.160554
4,0.225,0.45,0.315353,0.160554
4,0.225,0.475,0.309761,0.160554
4,0.225,0.5,0.303064,0.160554
4,0.225,0.525,0.295646,0.160554
4,0.225,0.55,0.287842,0.160554
4,0.225,0.575,0.279914,0.160554
4,0.225,0.6,0.272055,0.160554
4,0.225,0.625,0.264396,0.160554
4,0.225,0.65,0.257015,0.160554
4,0.225,0.675,0.249956,0.160554
4,0.225,0.7,0.243231,0.160554
4,0.225,0.725,0.23684,0.160554
4,0.225,0.75,0.230769,0.160554
4,0.25,0.025,0.19958,0.194394
4,0.25,0.05,0.204535,0.194394
4,0.25,0.075,0.211345,0.194394
4,0.25,0.1,0.222222,0.194394
4,0.25,0.125,0.228868,0.194394
4,0.25,0.15,0.235415,0.194394
4,0.25,0.175,0.259786,0.194394
4,0.25,0.2,0.269415,0.194394
4,0.25,0.225,0.279013,0.194394
4,0.25,0.25,0.288462,0.194394
4,0.25,0.275,0.297584,0.194394
4,0.25,0.3,0.306142,0.194394
4,0.25,0.325,0.313843,0.194394
4,0.25,0.35,0.357443,0.194394
4,0.25,0.375,0.357383,0.194394
4,0.25,0.4,0.35493,0.194394
4,0.25,0.425,0.350392,0.194394
4,0.25,0.45,0.344179,0.194394
4,0.25,0.475,0.336738,0.194394
4,0.25,0.5,0.328496,0.194394
4,0.25,0.525,0.319824,0.194394
4,0.25,0.55,0.311015,0.194394
4,0.25,0.575,0.302283,0.194394
4,0.25,0.6,0.293773,0.194394
4,0.25,0.625,0.285573,0.194394
4,0.25,0.65,0.277729,0.194394
4,0.25,0.675,0.270257,0.194394
4,0.25,0.7,0.263156,0.194394
4,0.25,0.725,0.25641,0.194394
4,0.275,0.025,0.235733,0.230986
4,0.275,0.05,0.240262,0.230986
4,0.275,0.075,0.247852,0.230986
4,0.275,0.1,0.260781,0.230986
4,0.275,0.125,0.267963,0.230986
4,0.275,0.15,0.29267,0.230986
4,0.275,0.175,0.303203,0.230986
4,0.275,0.2,0.31366,0.230986
4,0.275,0.225,0.323889,0.230986
4,0.275,0.25,0.333676,0.230986
4,0.275,0.275,0.342743,0.230986
4,0.275,0.3,0.350753,0.230986
4,0.275,0.325,0.393187,0.230986
4,0.275,0.35,0.393121,0.230986
4,0.275,0.375,0.390423,0.230986
4,0.275,0.4,0.385432,0.230986
4,0.275,0.425,0.378597,0.230986
4,0.275,0.45,0.370411,0.230986
4,0.275,0.475,0.361346,0.230986
4,0.275,0.5,0.351807,0.230986
4,0.275,0.525,0.342117,0.230986
4,0.275,0.55,0.332511,0.230986
4,0.275,0.575,0.32315,0.230986
4,0.275,0.6,0.31413,0.230986
4,0.275,0.625,0.305501,0.230986
4,0.275,0.65,0.297283,0.230986
4,0.275,0.675,0.289471,0.230986
4,0.275,0.7,0.282051,0.230986
4,0.3,0.025,0.27431,0.270291
4,0.3,0.05,0.279077,0.270291
4,0.3,0.075,0.286778,0.270291
4,0.3,0.1,0.302103,0.270291
4,0.3,0.125,0.326383,0.270291
4,0.3,0.15,0.337782,0.270291
4,0.3,0.175,0.349049,0.270291
4,0.3,0.2,0.36,0.270291
4,0.3,0.225,0.370382,0.270291
4,0.3,0.25,0.379874,0.270291
4,0.3,0.275,0.425951,0.270291
4,0.3,0.3,0.428932,0.270291
4,0.3,0.325,0.428859,0.270291
4,0.3,0.35,0.425916,0.270291
4,0.3,0.375,0.420471,0.270291
4,0.3,0.4,0.413015,0.270291
4,0.3,0.425,0.404085,0.270291
4,0.3,0.45,0.394195,0.270291
4,0.3,0.475,0.383789,0.270291
4,0.3,0.5,0.373218,0.270291
4,0.3,0.525,0.36274,0.270291
4,0.3,0.55,0.352528,0.270291
4,0.3,0.575,0.342687,0.270291
4,0.3,0.6,0.333274,0.270291
4,0.3,0.625,0.324308,0.270291
4,0.3,0.65,0.315787,0.270291
4,0.3,0.675,0.307692,0.270291
4,0.325,0.025,0.315214,0.312277
4,0.325,0.05,0.32311,0.312277
4,0.325,0.075,0.337788,0.312277
4,0.325,0.1,0.346109,0.312277
4,0.325,0.125,0.373082,0.312277
4,0.325,0.15,0.38511,0.312277
4,0.325,0.175,0.396724,0.312277
4,0.325,0.2,0.407631,0.312277
4,0.325,0.225,0.417471,0.312277
4,0.325,0.25,0.461447,0.312277
4,0.325,0.275,0.464676,0.312277
4,0.325,0.3,0.464598,0.312277
4,0.325,0.325,0.461409,0.312277
4,0.325,0.35,0.45551,0.312277
4,0.325,0.375,0.447433,0.312277
4,0.325,0.4,0.437759,0.312277
4,0.325,0.425,0.427045,0.312277
4,0.325,0.45,0.415771,0.312277
4,0.325,0.475,0.40432,0.312277
4,0.325,0.5,0.392968,0.312277
4,0.325,0.525,0.381905,0.312277
4,0.325,0.55,0.371244,0.312277
4,0.325,0.575,0.361047,0.312277
4,0.325,0.6,0.351334,0.312277
4,0.325,0.625,0.342102,0.312277
4,0.325,0.65,0.333333,0.312277
4,0.35,0.025,0.358322,0.356897
4,0.35,0.05,0.367051,0.356897
4,0.35,0.075,0.383853,0.356897
4,0.35,0.1,0.40904,0.356897
4,0.35,0.125,0.421781,0.356897
4,0.35,0.15,0.434,0.356897
4,0.35,0.175,0.445365,0.356897
4,0.35,0.2,0.45548,0.356897
4,0.35,0.225,0.496943,0.356897
4,0.35,0.25,0.50042,0.356897
4,0.35,0.275,0.500336,0.356897
4,0.35,0.3,0.496902,0.356897
4,0.35,0.325,0.490549,0.356897
4,0.35,0.35,0.481851,0.356897
4,0.35,0.375,0.471433,0.356897
4,0.35,0.4,0.459894,0.356897
4,0.35,0.425,0.447754,0.356897
4,0.35,0.45,0.435421,0.356897
4,0.35,0.475,0.423196,0.356897
4,0.35,0.5,0.411282,0.356897
4,0.35,0.525,0.399802,0.356897
4,0.35,0.55,0.38882,0.356897
4,0.35,0.575,0.37836,0.356897
4,0.35,0.6,0.368418,0.356897
4,0.35,0.625,0.358974,0.356897
4,0.375,0.025,0.40346,0.404062
4,0.375,0.05,0.422996,0.404062
4,0.375,0.075,0.43224,0.404062
4,0.375,0.1,0.459007,0.404062
4,0.375,0.125,0.471774,0.404062
4,0.375,0.15,0.483534,0.404062
4,0.375,0.175,0.493852,0.404062
4,0.375,0.2,0.532439,0.404062
4,0.375,0.225,0.536164,0.404062
4,0.375,0.25,0.536074,0.404062
4,0.375,0.275,0.532395,0.404062
4,0.375,0.3,0.525588,0.404062
4,0.375,0.325,0.516269,0.404062
4,0.375,0.35,0.505106,0.404062
4,0.375,0.375,0.492744,0.404062
4,0.375,0.4,0.479736,0.404062
4,0.375,0.425,0.466523,0.404062
4,0.375,0.45,0.453425,0.404062
4,0.375,0.475,0.440659,0.404062
4,0.375,0.5,0.428359,0.404062
4,0.375,0.525,0.416593,0.404062
4,0.375,0.55,0.405386,0.404062
4,0.375,0.575,0.394734,0.404062
4,0.375,0.6,0.384615,0.404062
4,0.4,0.025,0.453143,0.453601
4,0.4,0.05,0.473136,0.453601
4,0.4,0.075,0.49674,0.453601
4,0.4,0.1,0.51,0.453601
4,0.4,0.125,0.522092,0.453601
4,0.4,0.15,0.532549,0.453601
4,0.4,0.175,0.567935,0.453601
4,0.4,0.2,0.571909,0.453601
4,0.4,0.225,0.571812,0.453601
4,0.4,0.25,0.567888,0.453601
4,0.4,0.275,0.560628,0.453601
4,0.4,0.3,0.550686,0.453601
4,0.4,0.325,0.53878,0.453601
4,0.4,0.35,0.525594,0.453601
4,0.4,0.375,0.511719,0.453601
4,0.4,0.4,0.497624,0.453601
4,0.4,0.425,0.483653,0.453601
4,0.4,0.45,0.470037,0.453601
4,0.4,0.475,0.456916,0.453601
4,0.4,0.5,0.444366,0.453601
4,0.4,0.525,0.432411,0.453601
4,0.4,0.55,0.421049,0.453601
4,0.4,0.575,0.410256,0.453601
4,0.425,0.025,0.508499,0.505218
4,0.425,0.05,0.524862,0.505218
4,0.425,0.075,0.548636,0.505218
4,0.425,0.1,0.561003,0.505218
4,0.425,0.125,0.571536,0.505218
4,0.425,0.15,0.603431,0.505218
4,0.425,0.175,0.607653,0.505218
4,0.425,0.2,0.607551,0.505218
4,0.425,0.225,0.603381,0.505218
4,0.425,0.25,0.595667,0.505218
4,0.425,0.275,0.585104,0.505218
4,0.425,0.3,0.572454,0.505218
4,0.425,0.325,0.558443,0.505218
4,0.425,0.35,0.543701,0.505218
4,0.425,0.375,0.528726,0.505218
4,0.425,0.4,0.513881,0.505218
4,0.425,0.425,0.499414,0.505218
4,0.425,0.45,0.485474,0.505218
4,0.425,0.475,0.472138,0.505218
4,0.425,0.5,0.459437,0.505218
4,0.425,0.525,0.447365,0.505218
4,0.425,0.55,0.435897,0.505218
4,0.45,0.025,0.568241,0.558441
4,0.45,0.05,0.587647,0.558441
4,0.45,0.075,0.600232,0.558441
4,0.45,0.1,0.610784,0.558441
4,0.45,0.125,0.638927,0.558441
4,0.45,0.15,0.643397,0.558441
4,0.45,0.175,0.643289,0.558441
4,0.45,0.2,0.638874,0.558441
4,0.45,0.225,0.630706,0.558441
4,0.45,0.25,0.619522,0.558441
4,0.45,0.275,0.606128,0.558441
4,0.45,0.3,0.591293,0.558441
4,0.45,0.325,0.575684,0.558441
4,0.45,0.35,0.559827,0.558441
4,0.45,0.375,0.54411,0.558441
4,0.45,0.4,0.528791,0.558441
4,0.45,0.425,0.514031,0.558441
4,0.45,0.45,0.499911,0.558441
4,0.45,0.475,0.486463,0.558441
4,0.45,0.5,0.47368,0.558441
4,0.45,0.525,0.461538,0.558441
4,0.475,0.025,0.621653,0.612571
4,0.475,0.05,0.639751,0.612571
4,0.475,0.075,0.650267,0.612571
4,0.475,0.1,0.674423,0.612571
4,0.475,0.125,0.679142,0.612571
4,0.475,0.15,0.679027,0.612571
4,0.475,0.175,0.674367,0.612571
4,0.475,0.2,0.665745,0.612571
4,0.475,0.225,0.65394,0.612571
4,0.475,0.25,0.639801,0.612571
4,0.475,0.275,0.624142,0.612571
4,0.475,0.3,0.607666,0.612571
4,0.475,0.325,0.590929,0.612571
4,0.475,0.35,0.574338,0.612571
4,0.475,0.375,0.558169,0.612571
4,0.475,0.4,0.542588,0.612571
4,0.475,0.425,0.527684,0.612571
4,0.475,0.45,0.513488,0.612571
4,0.475,0.475,0.499996,0.612571
4,0.475,0.5,0.487179,0.612571
4,0.5,0.025,0.679533,0.666667
4,0.5,0.05,0.689962,0.666667
4,0.5,0.075,0.709919,0.666667
4,0.5,0.1,0.714886,0.666667
4,0.5,0.125,0.714765,0.666667
4,0.5,0.15,0.70986,0.666667
4,0.5,0.175,0.700785,0.666667
4,0.5,0.2,0.688358,0.666667
4,0.5,0.225,0.673475,0.666667
4,0.5,0.25,0.656992,0.666667
4,0.5,0.275,0.639648,0.666667
4,0.5,0.3,0.62203,0.666667
4,0.5,0.325,0.604566,0.666667
4,0.5,0.35,0.587546,0.666667
4,0.5,0.375,0.571145,0.666667
4,0.5,0.4,0.555457,0.666667
4,0.5,0.425,0.540514,0.666667
4,0.5,0.45,0.526311,0.666667
4,0.5,0.475,0.51282,0.666667
4,0.525,0.025,0.72985,0.719555
4,0.525,0.05,0.745414,0.719555
4,0.525,0.075,0.75063,0.719555
4,0.525,0.1,0.750504,0.719555
4,0.525,0.125,0.745353,0.719555
4,0.525,0.15,0.735824,0.719555
4,0.525,0.175,0.722776,0.719555
4,0.525,0.2,0.707149,0.719555
4,0.525,0.225,0.689842,0.719555
4,0.525,0.25,0.671631,0.719555
4,0.525,0.275,0.653132,0.719555
4,0.525,0.3,0.634795,0.719555
4,0.525,0.325,0.616923,0.719555
4,0.525,0.35,0.599703,0.719555
4,0.525,0.375,0.58323,0.719555
4,0.525,0.4,0.56754,0.719555
4,0.525,0.425,0.552627,0.719555
4,0.525,0.45,0.538461,0.719555
4,0.55,0.025,0.78091,0.769914
4,0.55,0.05,0.786375,0.769914
4,0.55,0.075,0.786242,0.769914
4,0.55,0.1,0.780846,0.769914
4,0.55,0.125,0.770863,0.769914
4,0.55,0.15,0.757194,0.769914
4,0.55,0.175,0.740823,0.769914
4,0.55,0.2,0.722691,0.769914
4,0.55,0.225,0.703613,0.769914
4,0.55,0.25,0.684233,0.769914
4,0.55,0.275,0.665023,0.769914
4,0.55,0.3,0.6463,0.769914
4,0.55,0.325,0.62826,0.769914
4,0.55,0.35,0.611003,0.769914
4,0.55,0.375,0.594566,0.769914
4,0.55,0.4,0.578943,0.769914
4,0.55,0.425,0.564102,0.769914
4,0.575,0.025,0.822119,0.816406
4,0.575,0.05,0.82198,0.816406
4,0.575,0.075,0.816339,0.816406
4,0.575,0.1,0.805902,0.816406
4,0.575,0.125,0.791612,0.816406
4,0.575,0.15,0.774496,0.816406
4,0.575,0.175,0.755541,0.816406
4,0.575,0.2,0.735596,0.816406
4,0.575,0.225,0.715335,0.816406
4,0.575,0.25,0.695251,0.816406
4,0.575,0.275,0.675678,0.816406
4,0.575,0.3,0.656817,0.816406
4,0.575,0.325,0.638776,0.816406
4,0.575,0.35,0.621591,0.816406
4,0.575,0.375,0.605258,0.816406
4,0.575,0.4,0.589743,0.816406
4,0.6,0.025,0.857719,0.857863
4,0.6,0.05,0.851832,0.857863
4,0.6,0.075,0.840942,0.857863
4,0.6,0.1,0.82603,0.857863
4,0.6,0.125,0.80817,0.857863
4,0.6,0.15,0.788391,0.857863
4,0.6,0.175,0.767578,0.857863
4,0.6,0.2,0.746436,0.857863
4,0.6,0.225,0.72548,0.857863
4,0.6,0.25,0.705055,0.857863
4,0.6,0.275,0.685374,0.857863
4,0.6,0.3,0.666548,0.857863
4,0.6,0.325,0.648617,0.857863
4,0.6,0.35,0.631574,0.857863
4,0.6,0.375,0.615384,0.857863
4,0.625,0.025,0.887325,0.893457
4,0.625,0.05,0.875981,0.893457
4,0.625,0.075,0.860448,0.893457
4,0.625,0.1,0.841844,0.893457
4,0.625,0.125,0.82124,0.893457
4,0.625,0.15,0.799561,0.893457
4,0.625,0.175,0.777538,0.893457
4,0.625,0.2,0.755708,0.893457
4,0.625,0.225,0.734432,0.893457
4,0.625,0.25,0.713932,0.893457
4,0.625,0.275,0.694321,0.893457
4,0.625,0.3,0.675643,0.893457
4,0.625,0.325,0.657889,0.893457
4,0.625,0.35,0.641025,0.893457
4,0.65,0.025,0.91102,0.922818
4,0.65,0.05,0.894865,0.922818
4,0.65,0.075,0.875518,0.922818
4,0.65,0.1,0.85409,0.922818
4,0.65,0.125,0.831543,0.922818
4,0.65,0.15,0.808639,0.922818
4,0.65,0.175,0.785936,0.922818
4,0.65,0.2,0.76381,0.922818
4,0.65,0.225,0.742489,0.922818
4,0.65,0.25,0.722094,0.922818
4,0.65,0.275,0.702668,0.922818
4,0.65,0.3,0.684205,0.922818
4,0.65,0.325,0.666666,0.922818
4,0.675,0.025,0.929283,0.946059
4,0.675,0.05,0.909191,0.946059
4,0.675,0.075,0.886939,0.946059
4,0.675,0.1,0.863525,0.946059
4,0.675,0.125,0.839741,0.946059
4,0.675,0.15,0.816165,0.946059
4,0.675,0.175,0.793187,0.946059
4,0.675,0.2,0.771046,0.946059
4,0.675,0.225,0.749867,0.946059
4,0.675,0.25,0.729694,0.946059
4,0.675,0.275,0.71052,0.946059
4,0.675,0.3,0.692307,0.946059
4,0.7,0.025,0.942865,0.963701
4,0.7,0.05,0.919789,0.963701
4,0.7,0.075,0.895508,0.963701
4,0.7,0.1,0.870842,0.963701
4,0.7,0.125,0.846393,0.963701
4,0.7,0.15,0.822564,0.963701
4,0.7,0.175,0.799603,0.963701
4,0.7,0.2,0.77764,0.963701
4,0.7,0.225,0.75672,0.963701
4,0.7,0.25,0.736836,0.963701
4,0.7,0.275,0.717948,0.963701
4,0.725,0.025,0.952639,0.976539
4,0.725,0.05,0.92749,0.976539
4,0.725,0.075,0.901944,0.976539
4,0.725,0.1,0.876621,0.976539
4,0.725,0.125,0.851941,0.976539
4,0.725,0.15,0.828161,0.976539
4,0.725,0.175,0.805413,0.976539
4,0.725,0.2,0.783745,0.976539
4,0.725,0.225,0.763152,0.976539
4,0.725,0.25,0.743589,0.976539
4,0.75,0.025,0.959473,0.985488
4,0.75,0.05,0.933045,0.985488
4,0.75,0.075,0.906849,0.985488
4,0.75,0.1,0.881319,0.985488
4,0.75,0.125,0.856718,0.985488
4,0.75,0.15,0.833186,0.985488
4,0.75,0.175,0.810771,0.985488
4,0.75,0.2,0.789467,0.985488
4,0.75,0.225,0.76923,0.985488
4,0.775,0.025,0.964147,0.991455
4,0.775,0.05,0.937078,0.991455
4,0.775,0.075,0.910696,0.991455
4,0.775,0.1,0.885275,0.991455
4,0.775,0.125,0.860958,0.991455
4,0.775,0.15,0.837797,0.991455
4,0.775,0.175,0.815783,0.991455
4,0.775,0.2,0.794871,0.991455
4,0.8,0.025,0.967306,0.995248
4,0.8,0.05,0.940073,0.995248
4,0.8,0.075,0.913833,0.995248
4,0.8,0.1,0.888731,0.995248
4,0.8,0.125,0.864823,0.995248
4,0.8,0.15,0.842098,0.995248
4,0.8,0.175,0.820512,0.995248
4,0.825,0.025,0.969451,0.997534
4,0.825,0.05,0.94239,0.997534
4,0.825,0.075,0.916504,0.997534
4,0.825,0.1,0.891848,0.997534
4,0.825,0.125,0.868414,0.997534
4,0.825,0.15,0.846153,0.997534
4,0.85,0.025,0.970947,0.998828
4,0.85,0.05,0.944277,0.998828
4,0.85,0.075,0.918874,0.998828
4,0.85,0.1,0.894729,0.998828
4,0.85,0.125,0.871794,0.998828
4,0.875,0.025,0.97205,0.999504
4,0.875,0.05,0.9459,0.999504
4,0.875,0.075,0.921045,0.999504
4,0.875,0.1,0.897435,0.999504
4,0.9,0.025,0.972925,0.999823
4,0.9,0.05,0.94736,0.999823
4,0.9,0.075,0.923077,0.999823
4,0.925,0.025,0.973676,0.999951
4,0.925,0.05,0.948718,0.999951
4,0.95,0.025,0.974359,0.999992
8,0.025,0.025,0.00358299,0.00242454
8,0.025,0.05,0.00471092,0.00242454
8,0.025,0.075,0.00580832,0.00242454
8,0.025,0.1,0.00687521,0.00242454
8,0.025,0.125,0.00791157,0.00242454
8,0.025,0.15,0.00891743,0.00242454
8,0.025,0.175,0.00989305,0.00242454
8,0.025,0.2,0.0108379,0.00242454
8,0.025,0.225,0.0117523,0.00242454
8,0.025,0.25,0.0126511,0.00242454
8,0.025,0.275,0.0135075,0.00242454
8,0.025,0.3,0.014334,0.00242454
8,0.025,0.325,0.015131,0.00242454
8,0.025,0.35,0.0158988,0.00242454
8,0.025,0.375,0.0174136,0.00242454
8,0.025,0.4,0.0183325,0.00242454
8,0.025,0.425,0.0193082,0.00242454
8,0.025,0.45,0.0203852,0.00242454
8,0.025,0.475,0.0216292,0.00242454
8,0.025,0.5,0.0231285,0.00242454
8,0.025,0.525,0.0249795,0.00242454
8,0.025,0.55,0.0272287,0.00242454
8,0.025,0.575,0.0297542,0.00242454
8,0.025,0.6,0.0321657,0.00242454
8,0.025,0.625,0.03393,0.00242454
8,0.025,0.65,0.0347348,0.00242454
8,0.025,0.675,0.0346729,0.00242454
8,0.025,0.7,0.0340567,0.00242454
8,0.025,0.725,0.0331742,0.00242454
8,0.025,0.75,0.0322039,0.00242454
8,0.025,0.775,0.0312334,0.00242454
8,0.025,0.8,0.0302985,0.00242454
8,0.025,0.825,0.0294117,0.00242454
8,0.025,0.85,0.0285714,0.00242454
8,0.025,0.875,0.0277778,0.00242454
8,0.025,0.9,0.027027,0.00242454
8,0.025,0.925,0.0263158,0.00242454
8,0.025,0.95,0.025641,0.00242454
8,0.05,0.025,0.0115881,0.00941674
8,0.05,0.05,0.0136997,0.00941674
8,0.05,0.075,0.0157515,0.00941674
8,0.05,0.1,0.0177435,0.00941674
8,0.05,0.125,0.019676,0.00941674
8,0.05,0.15,0.0215486,0.00941674
8,0.05,0.175,0.0233664,0.00941674
8,0.05,0.2,0.0251205,0.00941674
8,0.05,0.225,0.0269216,0.00941674
8,0.05,0.25,0.0285793,0.00941674
8,0.05,0.275,0.0301825,0.00941674
8,0.05,0.3,0.0317332,0.00941674
8,0.05,0.325,0.0332344,0.00941674
8,0.05,0.35,0.0374266,0.00941674
8,0.05,0.375,0.0395628,0.00941674
8,0.05,0.4,0.0419379,0.00941674
8,0.05,0.425,0.0446821,0.00941674
8,0.05,0.45,0.0479592,0.00941674
8,0.05,0.475,0.0519261,0.00941674
8,0.05,0.5,0.0566153,0.00941674
8,0.05,0.525,0.0617318,0.00941674
8,0.05,0.55,0.0665181,0.00941674
8,0.05,0.575,0.0700088,0.00941674
8,0.05,0.6,0.0716402,0.00941674
8,0.05,0.625,0.0715607,0.00941674
8,0.05,0.65,0.0703372,0.00941674
8,0.05,0.675,0.0685289,0.00941674
8,0.05,0.7,0.0665054,0.00941674
8,0.05,0.725,0.0644615,0.00941674
8,0.05,0.75,0.0624988,0.00941674
8,0.05,0.775,0.0606058,0.00941674
8,0.05,0.8,0.0588235,0.00941674
8,0.05,0.825,0.0571428,0.00941674
8,0.05,0.85,0.0555556,0.00941674
8,0.05,0.875,0.0540541,0.00941674
8,0.05,0.9,0.0526316,0.00941674
8,0.05,0.925,0.0512821,0.00941674
8,0.075,0.025,0.0236437,0.0205975
8,0.075,0.05,0.0266018,0.0205975
8,0.075,0.075,0.0294718,0.0205975
8,0.075,0.1,0.0322541,0.0205975
8,0.075,0.125,0.0349501,0.0205975
8,0.075,0.15,0.0375789,0.0205975
8,0.075,0.175,0.0401028,0.0205975
8,0.075,0.2,0.0428563,0.0205975
8,0.075,0.225,0.045278,0.0205975
8,0.075,0.25,0.0476287,0.0205975
8,0.075,0.275,0.0499147,0.0205975
8,0.075,0.3,0.0521454,0.0205975
8,0.075,0.325,0.0597369,0.0205975
8,0.075,0.35,0.0633034,0.0205975
8,0.075,0.375,0.0673597,0.0205975
8,0.075,0.4,0.0721196,0.0205975
8,0.075,0.425,0.0778037,0.0205975
8,0.075,0.45,0.0845166,0.0205975
8,0.075,0.475,0.0920064,0.0205975
8,0.075,0.5,0.0994235,0.0205975
8,0.075,0.525,0.105441,0.0205975
8,0.075,0.55,0.108956,0.0205975
8,0.075,0.575,0.10977,0.0205975
8,0.075,0.6,0.108508,0.0205975
8,0.075,0.625,0.106029,0.0205975
8,0.075,0.65,0.103006,0.0205975
8,0.075,0.675,0.0999814,0.0205975
8,0.075,0.7,0.0967682,0.0205975
8,0.075,0.725,0.0937482,0.0205975
8,0.075,0.75,0.0909086,0.0205975
8,0.075,0.775,0.0882352,0.0205975
8,0.075,0.8,0.0857143,0.0205975
8,0.075,0.825,0.0833333,0.0205975
8,0.075,0.85,0.0810811,0.0205975
8,0.075,0.875,0.0789474,0.0205975
8,0.075,0.9,0.0769231,0.0205975
8,0.1,0.025,0.0394284,0.0356413
8,0.1,0.05,0.0431002,0.0356413
8,0.1,0.075,0.0466567,0.0356413
8,0.1,0.1,0.0500988,0.0356413
8,0.1,0.125,0.0534332,0.0356413
8,0.1,0.15,0.0567218,0.0356413
8,0.1,0.175,0.0598377,0.0356413
8,0.1,0.2,0.063652,0.0356413
8,0.1,0.225,0.0667377,0.0356413
8,0.1,0.25,0.0697604,0.0356413
8,0.1,0.275,0.0727409,0.0356413
8,0.1,0.3,0.0840874,0.0356413
8,0.1,0.325,0.0892328,0.0356413
8,0.1,0.35,0.0951511,0.0356413
8,0.1,0.375,0.102117,0.0356413
8,0.1,0.4,0.110345,0.0356413
8,0.1,0.425,0.11977,0.0356413
8,0.1,0.45,0.129724,0.0356413
8,0.1,0.475,0.138795,0.0356413
8,0.1,0.5,0.145309,0.0356413
8,0.1,0.525,0.148305,0.0356413
8,0.1,0.55,0.148031,0.0356413
8,0.1,0.575,0.145489,0.0356413
8,0.1,0.6,0.141729,0.0356413
8,0.1,0.625,0.13786,0.0356413
8,0.1,0.65,0.133309,0.0356413
8,0.1,0.675,0.129024,0.0356413
8,0.1,0.7,0.124998,0.0356413
8,0.1,0.725,0.121212,0.0356413
8,0.1,0.75,0.117647,0.0356413
8,0.1,0.775,0.114286,0.0356413
8,0.1,0.8,0.111111,0.0356413
8,0.1,0.825,0.108108,0.0356413
8,0.1,0.85,0.105263,0.0356413
8,0.1,0.875,0.102564,0.0356413
8,0.125,0.025,0.0586678,0.0542725
8,0.125,0.05,0.0629213,0.0542725
8,0.125,0.075,0.0670337,0.0542725
8,0.125,0.1,0.0710288,0.0542725
8,0.125,0.125,0.0750241,0.0542725
8,0.125,0.15,0.0787613,0.0542725
8,0.125,0.175,0.0837366,0.0542725
8,0.125,0.2,0.0875581,0.0542725
8,0.125,0.225,0.0913339,0.0542725
8,0.125,0.25,0.095102,0.0542725
8,0.125,0.275,0.110258,0.0542725
8,0.125,0.3,0.117082,0.0542725
8,0.125,0.325,0.124971,0.0542725
8,0.125,0.35,0.134228,0.0542725
8,0.125,0.375,0.145,0.0542725
8,0.125,0.4,0.156963,0.0542725
8,0.125,0.425,0.168982,0.0542725
8,0.125,0.45,0.179161,0.0542725
8,0.125,0.475,0.185675,0.0542725
8,0.125,0.5,0.187847,0.0542725
8,0.125,0.525,0.18635,0.0542725
8,0.125,0.55,0.184597,0.0542725
8,0.125,0.575,0.178336,0.0542725
8,0.125,0.6,0.172325,0.0542725
8,0.125,0.625,0.166636,0.0542725
8,0.125,0.65,0.16128,0.0542725
8,0.125,0.675,0.156247,0.0542725
8,0.125,0.7,0.151514,0.0542725
8,0.125,0.725,0.147059,0.0542725
8,0.125,0.75,0.142857,0.0542725
8,0.125,0.775,0.138889,0.0542725
8,0.125,0.8,0.135135,0.0542725
8,0.125,0.825,0.131579,0.0542725
8,0.125,0.85,0.128205,0.0542725
8,0.15,0.025,0.0811312,0.0762641
8,0.15,0.05,0.0858315,0.0762641
8,0.15,0.075,0.0903761,0.0762641
8,0.15,0.1,0.0948051,0.0762641
8,0.15,0.125,0.099387,0.0762641
8,0.15,0.15,0.103541,0.0762641
8,0.15,0.175,0.110123,0.0762641
8,0.15,0.2,0.11468,0.0762641
8,0.15,0.225,0.119285,0.0762641
8,0.15,0.25,0.13806,0.0762641
8,0.15,0.275,0.146625,0.0762641
8,0.15,0.3,0.15654,0.0762641
8,0.15,0.325,0.168105,0.0762641
8,0.15,0.35,0.181343,0.0762641
8,0.15,0.375,0.195615,0.0762641
8,0.15,0.4,0.209313,0.0762641
8,0.15,0.425,0.220162,0.0762641
8,0.15,0.45,0.226334,0.0762641
8,0.15,0.475,0.227494,0.0762641
8,0.15,0.5,0.2247,0.0762641
8,0.15,0.525,0.221517,0.0762641
8,0.15,0.55,0.214004,0.0762641
8,0.15,0.575,0.206791,0.0762641
8,0.15,0.6,0.199963,0.0762641
8,0.15,0.625,0.193536,0.0762641
8,0.15,0.65,0.187496,0.0762641
8,0.15,0.675,0.181817,0.0762641
8,0.15,0.7,0.17647,0.0762641
8,0.15,0.725,0.171429,0.0762641
8,0.15,0.75,0.166667,0.0762641
8,0.15,0.775,0.162162,0.0762641
8,0.15,0.8,0.157895,0.0762641
8,0.15,0.825,0.153846,0.0762641
8,0.175,0.025,0.106631,0.101438
8,0.175,0.05,0.111636,0.101438
8,0.175,0.075,0.116482,0.101438
8,0.175,0.1,0.121257,0.101438
8,0.175,0.125,0.126479,0.101438
8,0.175,0.15,0.134453,0.101438
8,0.175,0.175,0.139824,0.101438
8,0.175,0.2,0.145323,0.101438
8,0.175,0.225,0.167328,0.101438
8,0.175,0.25,0.177669,0.101438
8,0.175,0.275,0.189628,0.101438
8,0.175,0.3,0.203473,0.101438
8,0.175,0.325,0.219056,0.101438
8,0.175,0.35,0.23539,0.101438
8,0.175,0.375,0.250421,0.101438
8,0.175,0.4,0.261595,0.101438
8,0.175,0.425,0.267182,0.101438
8,0.175,0.45,0.267206,0.101438
8,0.175,0.475,0.267286,0.101438
8,0.175,0.5,0.258436,0.101438
8,0.175,0.525,0.249671,0.101438
8,0.175,0.55,0.241256,0.101438
8,0.175,0.575,0.23329,0.101438
8,0.175,0.6,0.225792,0.101438
8,0.175,0.625,0.218746,0.101438
8,0.175,0.65,0.21212,0.101438
8,0.175,0.675,0.205882,0.101438
8,0.175,0.7,0.2,0.101438
8,0.175,0.725,0.194444,0.101438
8,0.175,0.75,0.189189,0.101438
8,0.175,0.775,0.184211,0.101438
8,0.175,0.8,0.179487,0.101438
8,0.2,0.025,0.135025,0.12967
8,0.2,0.05,0.140176,0.12967
8,0.2,0.075,0.145424,0.12967
8,0.2,0.1,0.15131,0.12967
8,0.2,0.125,0.160556,0.12967
8,0.2,0.15,0.16678,0.12967
8,0.2,0.175,0.17323,0.12967
8,0.2,0.2,0.19792,0.12967
8,0.2,0.225,0.21005,0.12967
8,0.2,0.25,0.224044,0.12967
8,0.2,0.275,0.240109,0.12967
8,0.2,0.3,0.257895,0.12967
8,0.2,0.325,0.276049,0.12967
8,0.2,0.35,0.292111,0.12967
8,0.2,0.375,0.303335,0.12967
8,0.2,0.4,0.308158,0.12967
8,0.2,0.425,0.31504,0.12967
8,0.2,0.45,0.305469,0.12967
8,0.2,0.475,0.295356,0.12967
8,0.2,0.5,0.285338,0.12967
8,0.2,0.525,0.275721,0.12967
8,0.2,0.55,0.266617,0.12967
8,0.2,0.575,0.258048,0.12967
8,0.2,0.6,0.249995,0.12967
8,0.2,0.625,0.242423,0.12967
8,0.2,0.65,0.235294,0.12967
8,0.2,0.675,0.228571,0.12967
8,0.2,0.7,0.222222,0.12967
8,0.2,0.725,0.216216,0.12967
8,0.2,0.75,0.210526,0.12967
8,0.2,0.775,0.205128,0.12967
8,0.225,0.025,0.166214,0.160893
8,0.225,0.05,0.171364,0.160893
8,0.225,0.075,0.176871,0.160893
8,0.225,0.1,0.183622,0.160893
8,0.225,0.125,0.195544,0.160893
8,0.225,0.15,0.203003,0.160893
8,0.225,0.175,0.229711,0.160893
8,0.225,0.2,0.243626,0.160893
8,0.225,0.225,0.259628,0.160893
8,0.225,0.25,0.277835,0.160893
8,0.225,0.275,0.297671,0.160893
8,0.225,0.3,0.317415,0.160893
8,0.225,0.325,0.334246,0.160893
8,0.225,0.35,0.345301,0.160893
8,0.225,0.375,0.363299,0.160893
8,0.225,0.4,0.35442,0.160893
8,0.225,0.425,0.343653,0.160893
8,0.225,0.45,0.332275,0.160893
8,0.225,0.475,0.321006,0.160893
8,0.225,0.5,0.310186,0.160893
8,0.225,0.525,0.299944,0.160893
8,0.225,0.55,0.290304,0.160893
8,0.225,0.575,0.281245,0.160893
8,0.225,0.6,0.272726,0.160893
8,0.225,0.625,0.264706,0.160893
8,0.225,0.65,0.257143,0.160893
8,0.225,0.675,0.25,0.160893
8,0.225,0.7,0.243243,0.160893
8,0.225,0.725,0.236842,0.160893
8,0.225,0.75,0.230769,0.160893
8,0.25,0.025,0.200151,0.195113
8,0.25,0.05,0.205315,0.195113
8,0.25,0.075,0.213171,0.195113
8,0.25,0.1,0.226104,0.195113
8,0.25,0.125,0.234621,0.195113
8,0.25,0.15,0.243881,0.195113
8,0.25,0.175,0.278277,0.195113
8,0.25,0.2,0.296244,0.195113
8,0.25,0.225,0.316504,0.195113
8,0.25,0.25,0.338235,0.195113
8,0.25,0.275,0.359357,0.195113
8,0.25,0.3,0.376731,0.195113
8,0.25,0.325,0.387437,0.195113
8,0.25,0.35,0.403666,0.195113
8,0.25,0.375,0.3938,0.195113
8,0.25,0.4,0.381836,0.195113
8,0.25,0.425,0.369194,0.195113
8,0.25,0.45,0.356673,0.195113
8,0.25,0.475,0.344651,0.195113
8,0.25,0.5,0.333271,0.195113
8,0.25,0.525,0.322561,0.195113
8,0.25,0.55,0.312494,0.195113
8,0.25,0.575,0.303029,0.195113
8,0.25,0.6,0.294117,0.195113
8,0.25,0.625,0.285714,0.195113
8,0.25,0.65,0.277778,0.195113
8,0.25,0.675,0.27027,0.195113
8,0.25,0.7,0.263158,0.195113
8,0.25,0.725,0.25641,0.195113
8,0.275,0.025,0.236842,0.232423
8,0.275,0.05,0.24182,0.232423
8,0.275,0.075,0.251409,0.232423
8,0.275,0.1,0.268056,0.232423
8,0.275,0.125,0.278608,0.232423
8,0.275,0.15,0.313896,0.232423
8,0.275,0.175,0.333777,0.232423
8,0.275,0.2,0.355994,0.232423
8,0.275,0.225,0.379469,0.232423
8,0.275,0.25,0.401773,0.232423
8,0.275,0.275,0.419494,0.232423
8,0.275,0.3,0.429705,0.232423
8,0.275,0.325,0.444032,0.232423
8,0.275,0.35,0.43318,0.232423
8,0.275,0.375,0.42002,0.232423
8,0.275,0.4,0.406114,0.232423
8,0.275,0.425,0.39234,0.232423
8,0.275,0.45,0.379116,0.232423
8,0.275,0.475,0.366598,0.232423
8,0.275,0.5,0.354817,0.232423
8,0.275,0.525,0.343744,0.232423
8,0.275,0.55,0.333332,0.232423
8,0.275,0.575,0.323529,0.232423
8,0.275,0.6,0.314286,0.232423
8,0.275,0.625,0.305556,0.232423
8,0.275,0.65,0.297297,0.232423
8,0.275,0.675,0.289474,0.232423
8,0.275,0.7,0.282051,0.232423
8,0.3,0.025,0.276387,0.273031
8,0.3,0.05,0.282942,0.273031
8,0.3,0.075,0.293408,0.273031
8,0.3,0.1,0.315148,0.273031
8,0.3,0.125,0.35039,0.273031
8,0.3,0.15,0.372127,0.273031
8,0.3,0.175,0.396203,0.273031
8,0.3,0.2,0.421277,0.273031
8,0.3,0.225,0.444585,0.273031
8,0.3,0.25,0.462484,0.273031
8,0.3,0.275,0.491241,0.273031
8,0.3,0.3,0.484399,0.273031
8,0.3,0.325,0.47256,0.273031
8,0.3,0.35,0.458204,0.273031
8,0.3,0.375,0.443033,0.273031
8,0.3,0.4,0.428007,0.273031
8,0.3,0.425,0.413581,0.273031
8,0.3,0.45,0.399926,0.273031
8,0.3,0.475,0.387073,0.273031
8,0.3,0.5,0.374993,0.273031
8,0.3,0.525,0.363635,0.273031
8,0.3,0.55,0.352941,0.273031
8,0.3,0.575,0.342857,0.273031
8,0.3,0.6,0.333333,0.273031
8,0.3,0.625,0.324324,0.273031
8,0.3,0.65,0.315789,0.273031
8,0.3,0.675,0.307692,0.273031
8,0.325,0.025,0.3191,0.317285
8,0.325,0.05,0.332032,0.317285
8,0.325,0.075,0.353435,0.317285
8,0.325,0.1,0.368454,0.317285
8,0.325,0.125,0.41121,0.317285
8,0.325,0.15,0.437045,0.317285
8,0.325,0.175,0.463579,0.317285
8,0.325,0.2,0.487731,0.317285
8,0.325,0.225,0.50566,0.317285
8,0.325,0.25,0.532177,0.317285
8,0.325,0.275,0.524765,0.317285
8,0.325,0.3,0.51194,0.317285
8,0.325,0.325,0.496387,0.317285
8,0.325,0.35,0.479953,0.317285
8,0.325,0.375,0.463675,0.317285
8,0.325,0.4,0.448046,0.317285
8,0.325,0.425,0.433253,0.317285
8,0.325,0.45,0.419329,0.317285
8,0.325,0.475,0.406242,0.317285
8,0.325,0.5,0.393937,0.317285
8,0.325,0.525,0.382353,0.317285
8,0.325,0.55,0.371428,0.317285
8,0.325,0.575,0.361111,0.317285
8,0.325,0.6,0.351351,0.317285
8,0.325,0.625,0.342105,0.317285
8,0.325,0.65,0.333333,0.317285
8,0.35,0.025,0.365884,0.365712
8,0.35,0.05,0.382513,0.365712
8,0.35,0.075,0.40997,0.365712
8,0.35,0.1,0.450951,0.365712
8,0.35,0.125,0.478449,0.365712
8,0.35,0.15,0.506311,0.365712
8,0.35,0.175,0.53116,0.365712
8,0.35,0.2,0.548991,0.365712
8,0.35,0.225,0.573114,0.365712
8,0.35,0.25,0.565132,0.365712
8,0.35,0.275,0.55132,0.365712
8,0.35,0.3,0.534571,0.365712
8,0.35,0.325,0.516872,0.365712
8,0.35,0.35,0.499342,0.365712
8,0.35,0.375,0.482511,0.365712
8,0.35,0.4,0.46658,0.365712
8,0.35,0.425,0.451585,0.365712
8,0.35,0.45,0.437492,0.365712
8,0.35,0.475,0.42424,0.365712
8,0.35,0.5,0.411764,0.365712
8,0.35,0.525,0.4,0.365712
8,0.35,0.55,0.388889,0.365712
8,0.35,0.575,0.378378,0.365712
8,0.35,0.6,0.368421,0.365712
8,0.35,0.625,0.358974,0.365712
8,0.375,0.025,0.418882,0.419019
8,0.375,0.05,0.453045,0.419019
8,0.375,0.075,0.473655,0.419019
8,0.375,0.1,0.520352,0.419019
8,0.375,0.125,0.549419,0.419019
8,0.375,0.15,0.574832,0.419019
8,0.375,0.175,0.592452,0.419019
8,0.375,0.2,0.614051,0.419019
8,0.375,0.225,0.605498,0.419019
8,0.375,0.25,0.5907,0.419019
8,0.375,0.275,0.572755,0.419019
8,0.375,0.3,0.553792,0.419019
8,0.375,0.325,0.535009,0.419019
8,0.375,0.35,0.516976,0.419019
8,0.375,0.375,0.499907,0.419019
8,0.375,0.4,0.483841,0.419019
8,0.375,0.425,0.468741,0.419019
8,0.375,0.45,0.454543,0.419019
8,0.375,0.475,0.441176,0.419019
8,0.375,0.5,0.428571,0.419019
8,0.375,0.525,0.416667,0.419019
8,0.375,0.55,0.405405,0.419019
8,0.375,0.575,0.394737,0.419019
8,0.375,0.6,0.384615,0.419019
8,0.4,0.025,0.48171,0.478037
8,0.4,0.05,0.519697,0.478037
8,0.4,0.075,0.562701,0.478037
8,0.4,0.1,0.592857,0.478037
8,0.4,0.125,0.618714,0.478037
8,0.4,0.15,0.636024,0.478037
8,0.4,0.175,0.654988,0.478037
8,0.4,0.2,0.645865,0.478037
8,0.4,0.225,0.63008,0.478037
8,0.4,0.25,0.610938,0.478037
8,0.4,0.275,0.590711,0.478037
8,0.4,0.3,0.570677,0.478037
8,0.4,0.325,0.551441,0.478037
8,0.4,0.35,0.533234,0.478037
8,0.4,0.375,0.516097,0.478037
8,0.4,0.4,0.499991,0.478037
8,0.4,0.425,0.484846,0.478037
8,0.4,0.45,0.470588,0.478037
8,0.4,0.475,0.457143,0.478037
8,0.4,0.5,0.444444,0.478037
8,0.4,0.525,0.432432,0.478037
8,0.4,0.55,0.421053,0.478037
8,0.4,0.575,0.410256,0.478037
8,0.425,0.025,0.557196,0.543473
8,0.425,0.05,0.592601,0.543473
8,0.425,0.075,0.636588,0.543473
8,0.425,0.1,0.662779,0.543473
8,0.425,0.125,0.679691,0.543473
8,0.425,0.15,0.695924,0.543473
8,0.425,0.175,0.686232,0.543473
8,0.425,0.2,0.66946,0.543473
8,0.425,0.225,0.649122,0.543473
8,0.425,0.25,0.627631,0.543473
8,0.425,0.275,0.606344,0.543473
8,0.425,0.3,0.585906,0.543473
8,0.425,0.325,0.566561,0.543473
8,0.425,0.35,0.548353,0.543473
8,0.425,0.375,0.53124,0.543473
8,0.425,0.4,0.515149,0.543473
8,0.425,0.425,0.499999,0.543473
8,0.425,0.45,0.485714,0.543473
8,0.425,0.475,0.472222,0.543473
8,0.425,0.5,0.459459,0.543473
8,0.425,0.525,0.447368,0.543473
8,0.425,0.55,0.435897,0.543473
8,0.45,0.025,0.641911,0.615338
8,0.45,0.05,0.680579,0.615338
8,0.45,0.075,0.707004,0.615338
8,0.45,0.1,0.723439,0.615338
8,0.45,0.125,0.736861,0.615338
8,0.45,0.15,0.726598,0.615338
8,0.45,0.175,0.70884,0.615338
8,0.45,0.2,0.687306,0.615338
8,0.45,0.225,0.66455,0.615338
8,0.45,0.25,0.642011,0.615338
8,0.45,0.275,0.620372,0.615338
8,0.45,0.3,0.599888,0.615338
8,0.45,0.325,0.580609,0.615338
8,0.45,0.35,0.562489,0.615338
8,0.45,0.375,0.545452,0.615338
8,0.45,0.4,0.529411,0.615338
8,0.45,0.425,0.514286,0.615338
8,0.45,0.45,0.5,0.615338
8,0.45,0.475,0.486486,0.615338
8,0.45,0.5,0.473684,0.615338
8,0.45,0.525,0.461538,0.615338
8,0.475,0.025,0.718672,0.691997
8,0.475,0.05,0.751369,0.691997
8,0.475,0.075,0.767258,0.691997
8,0.475,0.1,0.777798,0.691997
8,0.475,0.125,0.766965,0.691997
8,0.475,0.15,0.74822,0.691997
8,0.475,0.175,0.725489,0.691997
8,0.475,0.2,0.70147,0.691997
8,0.475,0.225,0.677679,0.691997
8,0.475,0.25,0.654837,0.691997
8,0.475,0.275,0.633215,0.691997
8,0.475,0.3,0.612865,0.691997
8,0.475,0.325,0.593739,0.691997
8,0.475,0.35,0.575755,0.691997
8,0.475,0.375,0.558823,0.691997
8,0.475,0.4,0.542857,0.691997
8,0.475,0.425,0.527778,0.691997
8,0.475,0.45,0.513514,0.691997
8,0.475,0.475,0.5,0.691997
8,0.475,0.5,0.487179,0.691997
8,0.5,0.025,0.79586,0.769231
8,0.5,0.05,0.81114,0.769231
8,0.5,0.075,0.818734,0.769231
8,0.5,0.1,0.807331,0.769231
8,0.5,0.125,0.7876,0.769231
8,0.5,0.15,0.763673,0.769231
8,0.5,0.175,0.738389,0.769231
8,0.5,0.2,0.713346,0.769231
8,0.5,0.225,0.689302,0.769231
8,0.5,0.25,0.666543,0.769231
8,0.5,0.275,0.645121,0.769231
8,0.5,0.3,0.624988,0.769231
8,0.5,0.325,0.606058,0.769231
8,0.5,0.35,0.588235,0.769231
8,0.5,0.375,0.571428,0.769231
8,0.5,0.4,0.555556,0.769231
8,0.5,0.425,0.540541,0.769231
8,0.5,0.45,0.526316,0.769231
8,0.5,0.475,0.512821,0.769231
8,0.525,0.025,0.855076,0.840461
8,0.525,0.05,0.859671,0.840461
8,0.525,0.075,0.847698,0.840461
8,0.525,0.1,0.82698,0.840461
8,0.525,0.125,0.801857,0.840461
8,0.525,0.15,0.775308,0.840461
8,0.525,0.175,0.749013,0.840461
8,0.525,0.2,0.723767,0.840461
8,0.525,0.225,0.69987,0.840461
8,0.525,0.25,0.677377,0.840461
8,0.525,0.275,0.656238,0.840461
8,0.525,0.3,0.63636,0.840461
8,0.525,0.325,0.617646,0.840461
8,0.525,0.35,0.6,0.840461
8,0.525,0.375,0.583333,0.840461
8,0.525,0.4,0.567568,0.840461
8,0.525,0.425,0.552632,0.840461
8,0.525,0.45,0.538462,0.840461
8,0.55,0.025,0.900608,0.89906
8,0.55,0.05,0.888064,0.89906
8,0.55,0.075,0.86636,0.89906
8,0.55,0.1,0.84004,0.89906
8,0.55,0.125,0.812228,0.89906
8,0.55,0.15,0.78468,0.89906
8,0.55,0.175,0.758232,0.89906
8,0.55,0.2,0.733197,0.89906
8,0.55,0.225,0.709633,0.89906
8,0.55,0.25,0.687487,0.89906
8,0.55,0.275,0.666663,0.89906
8,0.55,0.3,0.647058,0.89906
8,0.55,0.325,0.628571,0.89906
8,0.55,0.35,0.611111,0.89906
8,0.55,0.375,0.594595,0.89906
8,0.55,0.4,0.578947,0.89906
8,0.55,0.425,0.564103,0.89906
8,0.575,0.025,0.928431,0.941545
8,0.575,0.05,0.90574,0.941545
8,0.575,0.075,0.878224,0.941545
8,0.575,0.1,0.849147,0.941545
8,0.575,0.125,0.820348,0.941545
8,0.575,0.15,0.792697,0.941545
8,0.575,0.175,0.766524,0.941545
8,0.575,0.2,0.741889,0.941545
8,0.575,0.225,0.718736,0.941545
8,0.575,0.25,0.696966,0.941545
8,0.575,0.275,0.67647,0.941545
8,0.575,0.3,0.657143,0.941545
8,0.575,0.325,0.638889,0.941545
8,0.575,0.35,0.621622,0.941545
8,0.575,0.375,0.605263,0.941545
8,0.575,0.4,0.589744,0.941545
8,0.6,0.025,0.94512,0.968797
8,0.6,0.05,0.916408,0.968797
8,0.6,0.075,0.886067,0.968797
8,0.6,0.1,0.856015,0.968797
8,0.6,0.125,0.827162,0.968797
8,0.6,0.15,0.799851,0.968797
8,0.6,0.175,0.774145,0.968797
8,0.6,0.2,0.749986,0.968797
8,0.6,0.225,0.727269,0.968797
8,0.6,0.25,0.705882,0.968797
8,0.6,0.275,0.685714,0.968797
8,0.6,0.3,0.666667,0.968797
8,0.6,0.325,0.648649,0.968797
8,0.6,0.35,0.631579,0.968797
8,0.6,0.375,0.615385,0.968797
8,0.625,0.025,0.954591,0.9845
8,0.625,0.05,0.922986,0.9845
8,0.625,0.075,0.891682,0.9845
8,0.625,0.1,0.861627,0.9845
8,0.625,0.125,0.833178,0.9845
8,0.625,0.15,0.806401,0.9845
8,0.625,0.175,0.781235,0.9845
8,0.625,0.2,0.757572,0.9845
8,0.625,0.225,0.735293,0.9845
8,0.625,0.25,0.714286,0.9845
8,0.625,0.275,0.694444,0.9845
8,0.625,0.3,0.675676,0.9845
8,0.625,0.325,0.657895,0.9845
8,0.625,0.35,0.641026,0.9845
8,0.65,0.025,0.959906,0.992775
8,0.65,0.05,0.92735,0.992775
8,0.65,0.075,0.896092,0.992775
8,0.65,0.1,0.866505,0.992775
8,0.65,0.125,0.838657,0.992775
8,0.65,0.15,0.812485,0.992775
8,0.65,0.175,0.787875,0.992775
8,0.65,0.2,0.764705,0.992775
8,0.65,0.225,0.742857,0.992775
8,0.65,0.25,0.722222,0.992775
8,0.65,0.275,0.702703,0.992775
8,0.65,0.3,0.684211,0.992775
8,0.65,0.325,0.666667,0.992775
8,0.675,0.025,0.963017,0.996825
8,0.675,0.05,0.930557,0.996825
8,0.675,0.075,0.899832,0.996825
8,0.675,0.1,0.870913,0.996825
8,0.675,0.125,0.843734,0.996825
8,0.675,0.15,0.818178,0.996825
8,0.675,0.175,0.794117,0.996825
8,0.675,0.2,0.771428,0.996825
8,0.675,0.225,0.75,0.996825
8,0.675,0.25,0.72973,0.996825
8,0.675,0.275,0.710526,0.996825
8,0.675,0.3,0.692308,0.996825
8,0.7,0.025,0.965022,0.998684
8,0.7,0.05,0.93316,0.998684
8,0.7,0.075,0.90317,0.998684
8,0.7,0.1,0.874983,0.998684
8,0.7,0.125,0.848481,0.998684
8,0.7,0.15,0.823528,0.998684
8,0.7,0.175,0.8,0.998684
8,0.7,0.2,0.777778,0.998684
8,0.7,0.225,0.756757,0.998684
8,0.7,0.25,0.736842,0.998684
8,0.7,0.275,0.717949,0.998684
8,0.725,0.025,0.966487,0.999487
8,0.725,0.05,0.935426,0.999487
8,0.725,0.075,0.906233,0.999487
8,0.725,0.1,0.878783,0.999487
8,0.725,0.125,0.85294,0.999487
8,0.725,0.15,0.828571,0.999487
8,0.725,0.175,0.805556,0.999487
8,0.725,0.2,0.783784,0.999487
8,0.725,0.225,0.763158,0.999487
8,0.725,0.25,0.74359,0.999487
8,0.75,0.025,0.967682,0.999814
8,0.75,0.05,0.937482,0.999814
8,0.75,0.075,0.909086,0.999814
8,0.75,0.1,0.882352,0.999814
8,0.75,0.125,0.857143,0.999814
8,0.75,0.15,0.833333,0.999814
8,0.75,0.175,0.810811,0.999814
8,0.75,0.2,0.789474,0.999814
8,0.75,0.225,0.769231,0.999814
8,0.775,0.025,0.968732,0.999938
8,0.775,0.05,0.939389,0.999938
8,0.775,0.075,0.911764,0.999938
8,0.775,0.1,0.885714,0.999938
8,0.775,0.125,0.861111,0.999938
8,0.775,0.15,0.837838,0.999938
8,0.775,0.175,0.815789,0.999938
8,0.775,0.2,0.794872,0.999938
8,0.8,0.025,0.969692,0.999981
8,0.8,0.05,0.941175,0.999981
8,0.8,0.075,0.914286,0.999981
8,0.8,0.1,0.888889,0.999981
8,0.8,0.125,0.864865,0.999981
8,0.8,0.15,0.842105,0.999981
8,0.8,0.175,0.820513,0.999981
8,0.825,0.025,0.970587,0.999995
8,0.825,0.05,0.942857,0.999995
8,0.825,0.075,0.916667,0.999995
8,0.825,0.1,0.891892,0.999995
8,0.825,0.125,0.868421,0.999995
8,0.825,0.15,0.846154,0.999995
8,0.85,0.025,0.971428,0.999999
8,0.85,0.05,0.944444,0.999999
8,0.85,0.075,0.918919,0.999999
8,0.85,0.1,0.894737,0.999999
8,0.85,0.125,0.871795,0.999999
8,0.875,0.025,0.972222,1
8,0.875,0.05,0.945946,1
8,0.875,0.075,0.921053,1
8,0.875,0.1,0.897436,1
8,0.9,0.025,0.972973,1
8,0.9,0.05,0.947368,1
8,0.9,0.075,0.923077,1
8,0.925,0.025,0.973684,1
8,0.925,0.05,0.948718,1
8,0.95,0.025,0.974359,1
