scenario,p,n,run_id,seed,epoch_index,t_start,t_end,t_total,difficulty_old,difficulty_new,a_blocks_canonical,h_blocks_canonical
scenario3_daa_by_time,0.65,2,0,8386906463268239412,1,0.0,21872.205274636508,21872.205274636508,1.0,0.9217177576226381,1367,649
scenario3_daa_by_time,0.65,2,1,5691260397679287706,1,0.0,21757.260917522315,21757.260917522315,1.0,0.9265872242109321,1350,666
scenario3_daa_by_time,0.65,2,2,161666997404585201,1,0.0,21579.194384961247,21579.194384961247,1.0,0.9342332081706304,1306,710
scenario3_daa_by_time,0.65,2,3,4812349180959542276,1,0.0,22264.579966372152,22264.579966372152,1.0,0.9054740772316003,1360,656
scenario3_daa_by_time,0.65,2,4,7667637550714393709,1,0.0,20986.680096916556,20986.680096916556,1.0,0.9606092963203829,1392,624
scenario3_daa_by_time,0.65,2,5,8114889077497825101,1,0.0,21239.296557887632,21239.296557887632,1.0,0.9491839781536072,1364,652
scenario3_daa_by_time,0.65,2,6,5768009882078112198,1,0.0,21378.089536177133,21378.089536177133,1.0,0.943021590675078,1382,634
scenario3_daa_by_time,0.65,2,7,7940844469928023046,1,0.0,21909.774419582885,21909.774419582885,1.0,0.9201372690528962,1403,613
scenario3_daa_by_time,0.65,2,8,3035278414463925961,1,0.0,21302.978466109293,21302.978466109293,1.0,0.9463465417322913,1390,626
scenario3_daa_by_time,0.65,2,9,8184814537655921202,1,0.0,21368.821261250978,21368.821261250978,1.0,0.9434306063740171,1382,634
scenario3_daa_by_time,0.65,3,0,2599092115644263193,1,0.0,22502.08378601229,22502.08378601229,1.0,0.8959170266947379,1362,654
scenario3_daa_by_time,0.65,3,0,2599092115644263193,2,22502.08378601229,42124.94049883591,19622.85671282362,0.8959170266947379,0.9204412753196392,1359,657
scenario3_daa_by_time,0.65,3,1,4311755030886935333,1,0.0,21996.51205200792,21996.51205200792,1.0,0.9165089425238999,1363,653
scenario3_daa_by_time,0.65,3,1,4311755030886935333,2,21996.51205200792,42385.57845227043,20389.066400262505,0.9165089425238999,0.9062121785548718,1321,695
scenario3_daa_by_time,0.65,3,2,4514264695727514481,1,0.0,22020.394502537758,22020.394502537758,1.0,0.9155149331078807,1365,651
scenario3_daa_by_time,0.65,3,2,4514264695727514481,2,22020.394502537758,41762.07420396761,19741.679701429854,0.9155149331078807,0.934914421193759,1328,688
scenario3_daa_by_time,0.65,3,3,3382161673273002201,1,0.0,21409.01679683136,21409.01679683136,1.0,0.9416593107154635,1374,642
scenario3_daa_by_time,0.65,3,3,3382161673273002201,2,21409.01679683136,42817.75461313165,21408.737816300287,0.9416593107154635,0.8867338124702396,1352,664
scenario3_daa_by_time,0.65,3,4,6395137428636163751,1,0.0,21662.17413600874,21662.17413600874,1.0,0.9306545074110684,1333,683
scenario3_daa_by_time,0.65,3,4,6395137428636163751,2,21662.17413600874,41731.914517908124,20069.740381899384,0.9306545074110684,0.9348399387531847,1364,652
scenario3_daa_by_time,0.65,3,5,1282338532271611490,1,0.0,21497.751210579452,21497.751210579452,1.0,0.9377725047854717,1347,669
scenario3_daa_by_time,0.65,3,5,1282338532271611490,2,21497.751210579452,40959.66357721822,19461.912366638768,0.9377725047854717,0.9714098666317366,1381,635
scenario3_daa_by_time,0.65,3,6,6444529724777196978,1,0.0,21921.894419835895,21921.894419835895,1.0,0.9196285509777086,1393,623
scenario3_daa_by_time,0.65,3,6,6444529724777196978,2,21921.894419835895,42161.62813684053,20239.733717004638,0.9196285509777086,0.9160057067417967,1330,686
scenario3_daa_by_time,0.65,3,7,8100371010943326380,1,0.0,21828.694480653066,21828.694480653066,1.0,0.923555003157333,1355,661
scenario3_daa_by_time,0.65,3,7,8100371010943326380,2,21828.694480653066,42202.80066120247,20374.106180549403,0.923555003157333,0.9138496039363313,1362,654
scenario3_daa_by_time,0.65,3,8,8135781653321841073,1,0.0,21802.772945839537,21802.772945839537,1.0,0.9246530269374283,1382,634
scenario3_daa_by_time,0.65,3,8,8135781653321841073,2,21802.772945839537,41973.49356102665,20170.72061518711,0.9246530269374283,0.9241615794838391,1359,657
scenario3_daa_by_time,0.65,3,9,3045727802811409716,1,0.0,22132.736963601048,22132.736963601048,1.0,0.9108679162976833,1372,644
scenario3_daa_by_time,0.65,3,9,3045727802811409716,2,22132.736963601048,41894.73126416683,19761.994300565784,0.9108679162976833,0.929212756226509,1361,655
scenario3_daa_by_time,0.65,5,0,9102983258716715944,1,0.0,21742.83120513743,21742.83120513743,1.0,0.9272021573361874,1359,657
scenario3_daa_by_time,0.65,5,0,9102983258716715944,2,21742.83120513743,41527.902725797,19785.07152065957,0.9272021573361874,0.9447727026095881,1392,624
scenario3_daa_by_time,0.65,5,0,9102983258716715944,3,41527.902725797,62271.65665242727,20743.75392663027,0.9447727026095881,0.9181856742022843,1312,704
scenario3_daa_by_time,0.65,5,0,9102983258716715944,4,62271.65665242727,82837.97658425785,20566.319931830578,0.9181856742022843,0.9000454749937582,1344,672
scenario3_daa_by_time,0.65,5,1,6508567748787762077,1,0.0,21895.203301144084,21895.203301144084,1.0,0.9207496145489814,1344,672
scenario3_daa_by_time,0.65,5,1,6508567748787762077,2,21895.203301144084,42333.22893843184,20438.02563728776,0.9207496145489814,0.9082243343232634,1376,640
scenario3_daa_by_time,0.65,5,1,6508567748787762077,3,42333.22893843184,61653.50212057323,19320.273182141384,0.9082243343232634,0.9476989485263377,1354,662
scenario3_daa_by_time,0.65,5,1,6508567748787762077,4,61653.50212057323,81785.4133844772,20131.911263903974,0.9476989485263377,0.9490212107454925,1372,644
scenario3_daa_by_time,0.65,5,2,1512956304567649062,1,0.0,22087.76162703518,22087.76162703518,1.0,0.9127226352952116,1337,679
scenario3_daa_by_time,0.65,5,2,1512956304567649062,2,22087.76162703518,41965.98989987347,19878.228272838292,0.9127226352952116,0.9256603795366402,1364,652
scenario3_daa_by_time,0.65,5,2,1512956304567649062,3,41965.98989987347,62131.75745705421,20165.76755718074,0.9256603795366402,0.9253956338901486,1315,701
scenario3_daa_by_time,0.65,5,2,1512956304567649062,4,62131.75745705421,82429.6220498655,20297.86459281129,0.9253956338901486,0.9191102785182935,1350,666
scenario3_daa_by_time,0.65,5,3,4690408550390346779,1,0.0,21771.287874112888,21771.287874112888,1.0,0.9259902361573755,1346,670
scenario3_daa_by_time,0.65,5,3,4690408550390346779,2,21771.287874112888,42840.23873610003,21068.95086198714,0.9259902361573755,0.8860414210094181,1364,652
scenario3_daa_by_time,0.65,5,3,4690408550390346779,3,42840.23873610003,61446.66215079482,18606.423414694793,0.8860414210094181,0.9600230334134248,1318,698
scenario3_daa_by_time,0.65,5,3,4690408550390346779,4,61446.66215079482,83090.76038266534,21644.098231870514,0.9600230334134248,0.8941959210440173,1347,669
scenario3_daa_by_time,0.65,5,4,6298917697583614853,1,0.0,21847.62649971313,21847.62649971313,1.0,0.9227546983314051,1379,637
scenario3_daa_by_time,0.65,5,4,6298917697583614853,2,21847.62649971313,42697.62677246137,20850.000272748242,0.9227546983314051,0.8922174808158454,1377,639
scenario3_daa_by_time,0.65,5,4,6298917697583614853,3,42697.62677246137,61510.17718713845,18812.550414677076,0.8922174808158454,0.9561225892696802,1336,680
scenario3_daa_by_time,0.65,5,4,6298917697583614853,4,61510.17718713845,82295.37166922173,20785.19448208328,0.9561225892696802,0.9273635335138223,1386,630
scenario3_daa_by_time,0.65,5,5,802126145303400711,1,0.0,21198.782061508282,21198.782061508282,1.0,0.9509980309956367,1336,680
scenario3_daa_by_time,0.65,5,5,802126145303400711,2,21198.782061508282,40934.30562619283,19735.523564684547,0.9509980309956367,0.971452327678771,1368,648
scenario3_daa_by_time,0.65,5,5,802126145303400711,3,40934.30562619283,62414.143286748906,21479.837660556077,0.971452327678771,0.9117610307626978,1360,656
scenario3_daa_by_time,0.65,5,5,802126145303400711,4,62414.143286748906,82425.18511204973,20011.041825300825,0.9117610307626978,0.9185479966833094,1358,658
scenario3_daa_by_time,0.65,5,6,3504806327032691468,1,0.0,21802.394061326228,21802.394061326228,1.0,0.924669095664152,1343,673
scenario3_daa_by_time,0.65,5,6,3504806327032691468,2,21802.394061326228,41909.00797039222,20106.61390906599,0.924669095664152,0.9271242315039433,1292,724
scenario3_daa_by_time,0.65,5,6,3504806327032691468,3,41909.00797039222,62220.99797532025,20311.990004928033,0.9271242315039433,0.9201867715858854,1378,638
scenario3_daa_by_time,0.65,5,6,3504806327032691468,4,62220.99797532025,81954.43658793886,19733.438612618615,0.9201867715858854,0.9400776863748911,1325,691
scenario3_daa_by_time,0.65,5,7,1865650322570634130,1,0.0,21337.106683467533,21337.106683467533,1.0,0.9448328819399127,1317,699
scenario3_daa_by_time,0.65,5,7,1865650322570634130,2,21337.106683467533,41514.30067480353,20177.193991336,0.9448328819399127,0.9440277428113987,1341,675
scenario3_daa_by_time,0.65,5,7,1865650322570634130,3,41514.30067480353,62242.94362917686,20728.642954373325,0.9440277428113987,0.9181304987967153,1393,623
scenario3_daa_by_time,0.65,5,7,1865650322570634130,4,62242.94362917686,81099.12843291758,18856.184803740725,0.9181304987967153,0.98161484141107,1353,663
scenario3_daa_by_time,0.65,5,8,6319389106457616162,1,0.0,20788.178929168622,20788.178929168622,1.0,0.969781916380987,1375,641
scenario3_daa_by_time,0.65,5,8,6319389106457616162,2,20788.178929168622,41929.41475061224,21141.235821443617,0.969781916380987,0.9247710776874387,1340,676
scenario3_daa_by_time,0.65,5,8,6319389106457616162,3,41929.41475061224,62168.18241581686,20238.76766520462,0.9247710776874387,0.9211719426094945,1330,686
scenario3_daa_by_time,0.65,5,8,6319389106457616162,4,62168.18241581686,82114.15883043992,19945.97641462306,0.9211719426094945,0.9310562680397295,1369,647
scenario3_daa_by_time,0.65,5,9,235301120122343596,1,0.0,21296.662308818075,21296.662308818075,1.0,0.9466272088867451,1317,699
scenario3_daa_by_time,0.65,5,9,235301120122343596,2,21296.662308818075,42085.98120017032,20789.318891352243,0.9466272088867451,0.9179716098873819,1330,686
scenario3_daa_by_time,0.65,5,9,235301120122343596,3,42085.98120017032,61561.04653430741,19475.065334137093,0.9179716098873819,0.9502565119969393,1339,677
scenario3_daa_by_time,0.65,5,9,235301120122343596,4,61561.04653430741,82005.33080593972,20444.284271632314,0.9502565119969393,0.9370428931297945,1331,685
scenario3_daa_by_time,0.65,10,0,7662300354309735807,1,0.0,22553.393857943145,22553.393857943145,1.0,0.8938787717264021,1328,688
scenario3_daa_by_time,0.65,10,0,7662300354309735807,2,22553.393857943145,42136.69751167592,19583.303653732775,0.8938787717264021,0.920202043365107,1364,652
scenario3_daa_by_time,0.65,10,0,7662300354309735807,3,42136.69751167592,62124.39467885239,19987.69716717647,0.920202043365107,0.9281345939493827,1359,657
scenario3_daa_by_time,0.65,10,0,7662300354309735807,4,62124.39467885239,81774.42620836361,19650.031529511223,0.9281345939493827,0.9522220555177389,1348,668
scenario3_daa_by_time,0.65,10,0,7662300354309735807,5,81774.42620836361,102356.26262899992,20581.836420636304,0.9522220555177389,0.932705723964943,1373,643
scenario3_daa_by_time,0.65,10,0,7662300354309735807,6,102356.26262899992,122947.62727402158,20591.364645021662,0.932705723964943,0.9131666462756418,1362,654
scenario3_daa_by_time,0.65,10,0,7662300354309735807,7,122947.62727402158,142722.21377064663,19774.586496625052,0.9131666462756418,0.9309645788071925,1337,679
scenario3_daa_by_time,0.65,10,0,7662300354309735807,8,142722.21377064663,162819.01480009424,20096.80102944761,0.9309645788071925,0.9338922090760666,1334,682
scenario3_daa_by_time,0.65,10,0,7662300354309735807,9,162819.01480009424,183202.45913346973,20383.44433337549,0.9338922090760666,0.923654836103733,1369,647
scenario3_daa_by_time,0.65,10,1,4554846213399605471,1,0.0,22678.04925139307,22678.04925139307,1.0,0.8889653504373446,1375,641
scenario3_daa_by_time,0.65,10,1,4554846213399605471,2,22678.04925139307,42251.27979966237,19573.2305482693,0.8889653504373446,0.915614896612022,1355,661
scenario3_daa_by_time,0.65,10,1,4554846213399605471,3,42251.27979966237,62357.00941803358,20105.72961837121,0.915614896612022,0.9180863697098566,1350,666
scenario3_daa_by_time,0.65,10,1,4554846213399605471,4,62357.00941803358,83297.38549070658,20940.376072673003,0.9180863697098566,0.8838724361547778,1350,666
scenario3_daa_by_time,0.65,10,1,4554846213399605471,5,83297.38549070658,102443.69638321288,19146.3108925063,0.8838724361547778,0.9306684934200286,1382,634
scenario3_daa_by_time,0.65,10,1,4554846213399605471,6,102443.69638321288,122879.66914712967,20435.972763916783,0.9306684934200286,0.9181005007246728,1320,696
scenario3_daa_by_time,0.65,10,1,4554846213399605471,7,122879.66914712967,142611.8770377454,19732.20789061574,0.9181005007246728,0.9380048191876128,1331,685
scenario3_daa_by_time,0.65,10,1,4554846213399605471,8,142611.8770377454,163137.38059065325,20525.503552907845,0.9380048191876128,0.921301497236265,1361,655
scenario3_daa_by_time,0.65,10,1,4554846213399605471,9,163137.38059065325,183314.23370728816,20176.853116634913,0.921301497236265,0.9205319618930136,1351,665
scenario3_daa_by_time,0.65,10,2,1350081610215791402,1,0.0,21823.38794939601,21823.38794939601,1.0,0.923779572940138,1336,680
scenario3_daa_by_time,0.65,10,2,1350081610215791402,2,21823.38794939601,41946.52080385183,20123.132854455824,0.923779572940138,0.9254720090142149,1345,671
scenario3_daa_by_time,0.65,10,2,1350081610215791402,3,41946.52080385183,62473.34436870535,20526.82356485352,0.9254720090142149,0.9089334081709741,1375,641
scenario3_daa_by_time,0.65,10,2,1350081610215791402,4,62473.34436870535,81745.3711408074,19272.02677210205,0.9089334081709741,0.9508132032720387,1385,631
scenario3_daa_by_time,0.65,10,2,1350081610215791402,5,81745.3711408074,102469.9861666247,20724.6150258173,0.9508132032720387,0.9249095413393992,1349,667
scenario3_daa_by_time,0.65,10,2,1350081610215791402,6,102469.9861666247,122340.19489863697,19870.208732012266,0.9249095413393992,0.938398614975897,1316,700
scenario3_daa_by_time,0.65,10,2,1350081610215791402,7,122340.19489863697,142352.6830557182,20012.48815708123,0.938398614975897,0.9453155414470583,1341,675
scenario3_daa_by_time,0.65,10,2,1350081610215791402,8,142352.6830557182,162378.7832083624,20026.100152644212,0.9453155414470583,0.9516361733093784,1370,646
scenario3_daa_by_time,0.65,10,2,1350081610215791402,9,162378.7832083624,183210.93760925526,20832.154400892847,0.9516361733093784,0.9209314065517303,1356,660
scenario3_daa_by_time,0.65,10,3,6793621209332817147,1,0.0,22234.83083022216,22234.83083022216,1.0,0.9066855580748563,1344,672
scenario3_daa_by_time,0.65,10,3,6793621209332817147,2,22234.83083022216,41424.412891308304,19189.582061086145,0.9066855580748563,0.9525366833213099,1328,688
scenario3_daa_by_time,0.65,10,3,6793621209332817147,3,41424.412891308304,61503.88068661202,20079.467795303717,0.9525366833213099,0.9563569976814291,1346,670
scenario3_daa_by_time,0.65,10,3,6793621209332817147,4,61503.88068661202,82564.41577714779,21060.53509053577,0.9563569976814291,0.9154637804963356,1338,678
scenario3_daa_by_time,0.65,10,3,6793621209332817147,5,82564.41577714779,102489.91753270305,19925.501755555262,0.9154637804963356,0.9262376446636096,1425,591
scenario3_daa_by_time,0.65,10,3,6793621209332817147,6,102489.91753270305,122241.39505465706,19751.477521954002,0.9262376446636096,0.9453951430045252,1382,634
scenario3_daa_by_time,0.65,10,3,6793621209332817147,7,122241.39505465706,142475.4743005348,20234.079245877758,0.9453951430045252,0.9419339447755749,1346,670
scenario3_daa_by_time,0.65,10,3,6793621209332817147,8,142475.4743005348,162534.88127428456,20059.40697374975,0.9419339447755749,0.9466575134312589,1388,628
scenario3_daa_by_time,0.65,10,3,6793621209332817147,9,162534.88127428456,183344.62294453618,20809.74167025162,0.9466575134312589,0.9171000665547147,1356,660
scenario3_daa_by_time,0.65,10,4,5441792949656366155,1,0.0,22292.813376909624,22292.813376909624,1.0,0.9043273120870988,1376,640
scenario3_daa_by_time,0.65,10,4,5441792949656366155,2,22292.813376909624,42163.5196647168,19870.706287807174,0.9043273120870988,0.9174932359028801,1321,695
scenario3_daa_by_time,0.65,10,4,5441792949656366155,3,42163.5196647168,61761.515836056016,19597.99617133922,0.9174932359028801,0.9438038192318977,1360,656
scenario3_daa_by_time,0.65,10,4,5441792949656366155,4,61761.515836056016,81982.59685522318,20221.081019167163,0.9438038192318977,0.9409529083870274,1336,680
scenario3_daa_by_time,0.65,10,4,5441792949656366155,5,81982.59685522318,102591.33736244163,20608.74050721845,0.9409529083870274,0.9204643353356867,1348,668
scenario3_daa_by_time,0.65,10,4,5441792949656366155,6,102591.33736244163,122594.64538828853,20003.308025846898,0.9204643353356867,0.9276746114387647,1344,672
scenario3_daa_by_time,0.65,10,4,5441792949656366155,7,122594.64538828853,143144.22157737493,20549.57618908641,0.9276746114387647,0.9100878769722669,1365,651
scenario3_daa_by_time,0.65,10,4,5441792949656366155,8,143144.22157737493,162658.99065638497,19514.76907901003,0.9100878769722669,0.9401787705238707,1352,664
scenario3_daa_by_time,0.65,10,4,5441792949656366155,9,162658.99065638497,182162.60328278213,19503.612626397167,0.9401787705238707,0.9718201636197354,1379,637
scenario3_daa_by_time,0.65,10,5,2944812078560945017,1,0.0,21775.345079059636,21775.345079059636,1.0,0.9258177046933213,1380,636
scenario3_daa_by_time,0.65,10,5,2944812078560945017,2,21775.345079059636,41449.65007990834,19674.3050008487,0.9258177046933213,0.9486731513927539,1339,677
scenario3_daa_by_time,0.65,10,5,2944812078560945017,3,41449.65007990834,61932.68440964526,20483.034329736925,0.9486731513927539,0.9337117940730197,1327,689
scenario3_daa_by_time,0.65,10,5,2944812078560945017,4,61932.68440964526,82694.34967705976,20761.665267414493,0.9337117940730197,0.9066531767110141,1387,629
scenario3_daa_by_time,0.65,10,5,2944812078560945017,5,82694.34967705976,102486.67347829236,19792.323801232604,0.9066531767110141,0.9234958070641377,1399,617
scenario3_daa_by_time,0.65,10,5,2944812078560945017,6,102486.67347829236,123277.0670894303,20790.393611137944,0.9234958070641377,0.8954941315030731,1296,720
scenario3_daa_by_time,0.65,10,5,2944812078560945017,7,123277.0670894303,142272.42026723005,18995.35317779974,0.8954941315030731,0.9503988434498315,1337,679
scenario3_daa_by_time,0.65,10,5,2944812078560945017,8,142272.42026723005,163314.60997628246,21042.189709052414,0.9503988434498315,0.9105535568717876,1352,664
scenario3_daa_by_time,0.65,10,5,2944812078560945017,9,163314.60997628246,183134.62629637658,19820.016320094117,0.9105535568717876,0.9261727846270548,1386,630
scenario3_daa_by_time,0.65,10,6,2563978262638550397,1,0.0,21696.10987809149,21696.10987809149,1.0,0.9291988339512126,1367,649
scenario3_daa_by_time,0.65,10,6,2563978262638550397,2,21696.10987809149,41272.23955471348,19576.12967662199,0.9291988339512126,0.9569127709052297,1352,664
scenario3_daa_by_time,0.65,10,6,2563978262638550397,3,41272.23955471348,62030.01951742042,20757.77996270694,0.9569127709052297,0.9293557160788847,1343,673
scenario3_daa_by_time,0.65,10,6,2563978262638550397,4,62030.01951742042,81419.11125976687,19389.09174234645,0.9293557160788847,0.9663068020473932,1349,667
scenario3_daa_by_time,0.65,10,6,2563978262638550397,5,81419.11125976687,102864.15726294949,21445.046003182622,0.9663068020473932,0.9084030468568051,1310,706
scenario3_daa_by_time,0.65,10,6,2563978262638550397,6,102864.15726294949,121934.20971035703,19070.052447407536,0.9084030468568051,0.960322761310643,1383,633
scenario3_daa_by_time,0.65,10,6,2563978262638550397,7,121934.20971035703,143239.34258373812,21305.132873381095,0.960322761310643,0.9087062250717679,1394,622
scenario3_daa_by_time,0.65,10,6,2563978262638550397,8,143239.34258373812,163224.02117647085,19984.67859273273,0.9087062250717679,0.916678114808841,1371,645
scenario3_daa_by_time,0.65,10,6,2563978262638550397,9,163224.02117647085,182668.16876844328,19444.147591972433,0.916678114808841,0.9504263793068433,1323,693
scenario3_daa_by_time,0.65,10,7,4275681269615425380,1,0.0,21650.463629566762,21650.463629566762,1.0,0.9311578885760523,1356,660
scenario3_daa_by_time,0.65,10,7,4275681269615425380,2,21650.463629566762,42539.754079138205,20889.290449571443,0.9311578885760523,0.8986491465093461,1343,673
scenario3_daa_by_time,0.65,10,7,4275681269615425380,3,42539.754079138205,61781.59285072029,19241.838771582086,0.8986491465093461,0.9415299134708859,1379,637
scenario3_daa_by_time,0.65,10,7,4275681269615425380,4,61781.59285072029,81381.09317730651,19599.500326586218,0.9415299134708859,0.9684554575008982,1341,675
scenario3_daa_by_time,0.65,10,7,4275681269615425380,5,81381.09317730651,102716.18349011036,21335.090312803848,0.9684554575008982,0.9151150399162414,1389,627
scenario3_daa_by_time,0.65,10,7,4275681269615425380,6,102716.18349011036,122190.78336875088,19474.599878640525,0.9151150399162414,0.9473221180243979,1356,660
scenario3_daa_by_time,0.65,10,7,4275681269615425380,7,122190.78336875088,142953.0881037899,20762.30473503901,0.9473221180243979,0.9198407471180957,1376,640
scenario3_daa_by_time,0.65,10,7,4275681269615425380,8,142953.0881037899,163083.29046957463,20130.20236578473,0.9198407471180957,0.9212023369134129,1352,664
scenario3_daa_by_time,0.65,10,7,4275681269615425380,9,163083.29046957463,182586.6295537857,19503.339084211068,0.9212023369134129,0.9522184397239403,1344,672
scenario3_daa_by_time,0.65,10,8,3774260004959760603,1,0.0,21434.60961451637,21434.60961451637,1.0,0.9405349741637864,1306,710
scenario3_daa_by_time,0.65,10,8,3774260004959760603,2,21434.60961451637,41719.379168937725,20284.769554421357,0.9405349741637864,0.9347498391969197,1330,686
scenario3_daa_by_time,0.65,10,8,3774260004959760603,3,41719.379168937725,62232.155980675496,20512.77681173777,0.9347498391969197,0.9186740991315575,1327,689
scenario3_daa_by_time,0.65,10,8,3774260004959760603,4,62232.155980675496,81104.85101831169,18872.695037636193,0.9186740991315575,0.9813367831970164,1317,699
scenario3_daa_by_time,0.65,10,8,3774260004959760603,5,81104.85101831169,102562.28375418698,21457.432735875293,0.9813367831970164,0.9219998399983255,1394,622
scenario3_daa_by_time,0.65,10,8,3774260004959760603,6,102562.28375418698,122927.54961206124,20365.265857874256,0.9219998399983255,0.9127068069764165,1386,630
scenario3_daa_by_time,0.65,10,8,3774260004959760603,7,122927.54961206124,142814.6342787059,19887.08466664466,0.9127068069764165,0.9252321060163228,1329,687
scenario3_daa_by_time,0.65,10,8,3774260004959760603,8,142814.6342787059,162770.44676929424,19955.812490588345,0.9252321060163228,0.9346990640489397,1352,664
scenario3_daa_by_time,0.65,10,8,3774260004959760603,9,162770.44676929424,182356.4311039924,19585.98433469815,0.9346990640489397,0.962092729638499,1348,668
scenario3_daa_by_time,0.65,10,9,4565908493041857675,1,0.0,21240.681871207322,21240.681871207322,1.0,0.9491220725511532,1337,679
scenario3_daa_by_time,0.65,10,9,4565908493041857675,2,21240.681871207322,41896.61127799471,20655.929406787385,0.9491220725511532,0.9263345456798404,1379,637
scenario3_daa_by_time,0.65,10,9,4565908493041857675,3,41896.61127799471,62250.75578886735,20354.14451087264,0.9263345456798404,0.9174988627465992,1341,675
scenario3_daa_by_time,0.65,10,9,4565908493041857675,4,62250.75578886735,81999.62062394772,19748.86483508037,0.9174988627465992,0.9365995072342174,1343,673
scenario3_daa_by_time,0.65,10,9,4565908493041857675,5,81999.62062394772,102922.9086268182,20923.288002870482,0.9365995072342174,0.9024320681936514,1376,640
scenario3_daa_by_time,0.65,10,9,4565908493041857675,6,102922.9086268182,122482.20219999134,19559.29357317314,0.9024320681936514,0.9301476265859085,1301,715
scenario3_daa_by_time,0.65,10,9,4565908493041857675,7,122482.20219999134,142855.29759439314,20373.095394401797,0.9301476265859085,0.9204186103759475,1361,655
scenario3_daa_by_time,0.65,10,9,4565908493041857675,8,142855.29759439314,162464.15404544107,19608.856451047934,0.9204186103759475,0.946288695187396,1372,644
scenario3_daa_by_time,0.65,10,9,4565908493041857675,9,162464.15404544107,182947.30613983964,20483.152094398567,0.946288695187396,0.9313595879705864,1393,623
scenario3_daa_by_time,0.7,2,0,2038351706323057782,1,0.0,22021.037716188923,22021.037716188923,1.0,0.9154881917839518,1468,548
scenario3_daa_by_time,0.7,2,1,4274507689734807074,1,0.0,21822.38898630405,21822.38898630405,1.0,0.923821860780349,1499,517
scenario3_daa_by_time,0.7,2,2,2307421692609451008,1,0.0,22854.953138221586,22854.953138221586,1.0,0.8820845038743629,1462,554
scenario3_daa_by_time,0.7,2,3,2959603843360110447,1,0.0,21432.416945586545,21432.416945586545,1.0,0.9406311967139774,1505,511
scenario3_daa_by_time,0.7,2,4,7990205154774997452,1,0.0,22083.744309481885,22083.744309481885,1.0,0.9128886712994633,1527,489
scenario3_daa_by_time,0.7,2,5,5428879515241070051,1,0.0,21889.32438650151,21889.32438650151,1.0,0.9209969044285381,1510,506
scenario3_daa_by_time,0.7,2,6,5869326142330449142,1,0.0,22057.307091462113,22057.307091462113,1.0,0.9139828319207417,1463,553
scenario3_daa_by_time,0.7,2,7,8357415734465877833,1,0.0,22186.541496495727,22186.541496495727,1.0,0.9086589725209848,1487,529
scenario3_daa_by_time,0.7,2,8,4338916185071846368,1,0.0,21891.97305226548,21891.97305226548,1.0,0.9208854748664946,1476,540
scenario3_daa_by_time,0.7,2,9,4073868732513204186,1,0.0,22398.45871017173,22398.45871017173,1.0,0.9000619310847855,1458,558
scenario3_daa_by_time,0.7,3,0,7859719965141630613,1,0.0,22377.509083329576,22377.509083329576,1.0,0.9009045611344857,1485,531
scenario3_daa_by_time,0.7,3,0,7859719965141630613,2,22377.509083329576,41741.50240981058,19363.993326481002,0.9009045611344857,0.9379385566939685,1514,502
scenario3_daa_by_time,0.7,3,1,2580321352427651323,1,0.0,21656.532246516585,21656.532246516585,1.0,0.9308969585027954,1468,548
scenario3_daa_by_time,0.7,3,1,2580321352427651323,2,21656.532246516585,42615.16852015207,20958.636273635482,0.9308969585027954,0.8954247995144512,1474,542
scenario3_daa_by_time,0.7,3,2,4930248372743632501,1,0.0,21698.45203112964,21698.45203112964,1.0,0.929098535281572,1439,577
scenario3_daa_by_time,0.7,3,2,4930248372743632501,2,21698.45203112964,41586.08757812889,19887.635546999252,0.929098535281572,0.9418226931508037,1503,513
scenario3_daa_by_time,0.7,3,3,8005660418206377382,1,0.0,21474.145962400347,21474.145962400347,1.0,0.9388033421817417,1461,555
scenario3_daa_by_time,0.7,3,3,8005660418206377382,2,21474.145962400347,41290.06934373756,19815.923381337212,0.9388033421817417,0.9551043882319822,1495,521
scenario3_daa_by_time,0.7,3,4,7587888188516801379,1,0.0,21030.306159746822,21030.306159746822,1.0,0.9586165720491204,1475,541
scenario3_daa_by_time,0.7,3,4,7587888188516801379,2,21030.306159746822,42161.762223899226,21131.456064152404,0.9586165720491204,0.9145470162510277,1447,569
scenario3_daa_by_time,0.7,3,5,4912485936161788903,1,0.0,21909.20478732075,21909.20478732075,1.0,0.9201611923252895,1448,568
scenario3_daa_by_time,0.7,3,5,4912485936161788903,2,21909.20478732075,41350.730885423895,19441.526098103146,0.9201611923252895,0.9541663315766015,1448,568
scenario3_daa_by_time,0.7,3,6,258911861785456300,1,0.0,21631.53347867893,21631.53347867893,1.0,0.9319727618881322,1504,512
scenario3_daa_by_time,0.7,3,6,258911861785456300,2,21631.53347867893,41905.95160186168,20274.418123182746,0.9319727618881322,0.9267131991413844,1479,537
scenario3_daa_by_time,0.7,3,7,7984090998853838489,1,0.0,21854.384308551922,21854.384308551922,1.0,0.9224693642872892,1478,538
scenario3_daa_by_time,0.7,3,7,7984090998853838489,2,21854.384308551922,41958.74037268314,20104.356064131218,0.9224693642872892,0.9250225336593189,1482,534
scenario3_daa_by_time,0.7,3,8,6983543246842543321,1,0.0,21487.19834771471,21487.19834771471,1.0,0.9382330666735867,1498,518
scenario3_daa_by_time,0.7,3,8,6983543246842543321,2,21487.19834771471,41675.07050332623,20187.872155611516,0.9382330666735867,0.9369377058830772,1472,544
scenario3_daa_by_time,0.7,3,9,6440066542596497164,1,0.0,21905.374186592177,21905.374186592177,1.0,0.9203221012467121,1481,535
scenario3_daa_by_time,0.7,3,9,6440066542596497164,2,21905.374186592177,42396.04215187418,20490.667965282002,0.9203221012467121,0.905470411826976,1477,539
scenario3_daa_by_time,0.7,5,0,7564382135524544582,1,0.0,22541.725363127443,22541.725363127443,1.0,0.8943414789790961,1451,565
scenario3_daa_by_time,0.7,5,0,7564382135524544582,2,22541.725363127443,42177.835960096854,19636.11059696941,0.8943414789790961,0.9182024172852882,1419,597
scenario3_daa_by_time,0.7,5,0,7564382135524544582,3,42177.835960096854,62158.19458302549,19980.358622928637,0.9182024172852882,0.9264578820536781,1457,559
scenario3_daa_by_time,0.7,5,0,7564382135524544582,4,62158.19458302549,82981.51981339078,20823.32523036529,0.9264578820536781,0.8969456460760712,1463,553
scenario3_daa_by_time,0.7,5,1,5659126732253669903,1,0.0,22270.57842725434,22270.57842725434,1.0,0.9052301926441457,1460,556
scenario3_daa_by_time,0.7,5,1,5659126732253669903,2,22270.57842725434,42144.649909797714,19874.071482543375,0.9052301926441457,0.9182537508600385,1461,555
scenario3_daa_by_time,0.7,5,1,5659126732253669903,3,42144.649909797714,62042.978106132054,19898.32819633434,0.9182537508600385,0.9303291932207977,1471,545
scenario3_daa_by_time,0.7,5,1,5659126732253669903,4,62042.978106132054,81693.2689579489,19650.29085181684,0.9303291932207977,0.9544610141786872,1471,545
scenario3_daa_by_time,0.7,5,2,5487099184147330596,1,0.0,21549.007829104066,21549.007829104066,1.0,0.9355419126430464,1507,509
scenario3_daa_by_time,0.7,5,2,5487099184147330596,2,21549.007829104066,42109.39821274911,20560.390383645044,0.9355419126430464,0.9173232904121605,1517,499
scenario3_daa_by_time,0.7,5,2,5487099184147330596,3,42109.39821274911,61933.45181572508,19824.053602975968,0.9173232904121605,0.932868620367984,1449,567
scenario3_daa_by_time,0.7,5,2,5487099184147330596,4,61933.45181572508,82526.36444348838,20592.912627763297,0.932868620367984,0.9132574748684905,1485,531
scenario3_daa_by_time,0.7,5,3,3042367589737843433,1,0.0,21157.498523292466,21157.498523292466,1.0,0.9528536645202025,1441,575
scenario3_daa_by_time,0.7,5,3,3042367589737843433,2,21157.498523292466,42087.94516801814,20930.44664472567,0.9528536645202025,0.9177792620860269,1476,540
scenario3_daa_by_time,0.7,5,3,3042367589737843433,3,42087.94516801814,62384.596799306564,20296.651631288427,0.9177792620860269,0.9116001131502778,1489,527
scenario3_daa_by_time,0.7,5,3,3042367589737843433,4,62384.596799306564,81694.3412128694,19309.74441356284,0.9116001131502778,0.9517401104595304,1470,546
scenario3_daa_by_time,0.7,5,4,7690951824347956683,1,0.0,22162.294394999404,22162.294394999404,1.0,0.9096531090458219,1482,534
scenario3_daa_by_time,0.7,5,4,7690951824347956683,2,22162.294394999404,42636.19874317545,20473.90434817605,0.9096531090458219,0.8957063765904276,1479,537
scenario3_daa_by_time,0.7,5,4,7690951824347956683,3,42636.19874317545,62140.60253924853,19504.40379607308,0.8957063765904276,0.9258135106748876,1447,569
scenario3_daa_by_time,0.7,5,4,7690951824347956683,4,62140.60253924853,82175.07595309753,20034.473413849002,0.9258135106748876,0.9316142226280729,1463,553
scenario3_daa_by_time,0.7,5,5,4621578983977977736,1,0.0,22627.977590525607,22627.977590525607,1.0,0.8909324715100055,1486,530
scenario3_daa_by_time,0.7,5,5,4621578983977977736,2,22627.977590525607,41848.17847964229,19220.20088911668,0.8909324715100055,0.9344958842658158,1487,529
scenario3_daa_by_time,0.7,5,5,4621578983977977736,3,41848.17847964229,61694.35931956363,19846.18083992134,0.9344958842658158,0.9492726675604309,1480,536
scenario3_daa_by_time,0.7,5,5,4621578983977977736,4,61694.35931956363,82825.23989665437,21130.880577090742,0.9492726675604309,0.9056573344494798,1459,557
scenario3_daa_by_time,0.7,5,6,4749955173977585549,1,0.0,21569.432235190558,21569.432235190558,1.0,0.9346560345296866,1495,521
scenario3_daa_by_time,0.7,5,6,4749955173977585549,2,21569.432235190558,41959.8652219795,20390.43298678894,0.9346560345296866,0.9240934544316316,1485,531
scenario3_daa_by_time,0.7,5,6,4749955173977585549,3,41959.8652219795,62375.55063635764,20415.685414378146,0.9240934544316316,0.9125201365133373,1433,583
scenario3_daa_by_time,0.7,5,6,4749955173977585549,4,62375.55063635764,81955.74510048122,19580.194464123575,0.9125201365133373,0.9395415344733307,1472,544
scenario3_daa_by_time,0.7,5,7,4693326620410520532,1,0.0,21705.07475543981,21705.07475543981,1.0,0.9288150456587311,1514,502
scenario3_daa_by_time,0.7,5,7,4693326620410520532,2,21705.07475543981,41803.72576756864,20098.65101212883,0.9288150456587311,0.9316501544894825,1502,514
scenario3_daa_by_time,0.7,5,7,4693326620410520532,3,41803.72576756864,62834.687528158145,21030.961760589504,0.9316501544894825,0.8930674368732009,1433,583
scenario3_daa_by_time,0.7,5,7,4693326620410520532,4,62834.687528158145,82194.94351385573,19360.255985697586,0.8930674368732009,0.9299587536788969,1480,536
scenario3_daa_by_time,0.7,5,8,8553640348612182274,1,0.0,21630.530757437675,21630.530757437675,1.0,0.9320159651222598,1456,560
scenario3_daa_by_time,0.7,5,8,8553640348612182274,2,21630.530757437675,41119.860857083775,19489.3300996461,0.9320159651222598,0.9640886454689351,1478,538
scenario3_daa_by_time,0.7,5,8,8553640348612182274,3,41119.860857083775,63235.10600781557,22115.245150731796,0.9640886454689351,0.8788519846912296,1461,555
scenario3_daa_by_time,0.7,5,8,8553640348612182274,4,63235.10600781557,82270.0487127004,19034.94270488483,0.8788519846912296,0.9307963930371277,1493,523
scenario3_daa_by_time,0.7,5,9,8996402187153113620,1,0.0,21472.765966658873,21472.765966658873,1.0,0.9388636764962079,1448,568
scenario3_daa_by_time,0.7,5,9,8996402187153113620,2,21472.765966658873,42614.666457632426,21141.900490973552,0.9388636764962079,0.8952597107457094,1450,566
scenario3_daa_by_time,0.7,5,9,8996402187153113620,3,42614.666457632426,61983.73084614467,19369.06438851224,0.8952597107457094,0.9318176348950545,1486,530
scenario3_daa_by_time,0.7,5,9,8996402187153113620,4,61983.73084614467,82325.97297933564,20342.24213319097,0.9318176348950545,0.9234696645771138,1522,494
scenario3_daa_by_time,0.7,10,0,1914323182534823320,1,0.0,20727.633569980724,20727.633569980724,1.0,0.9726146466231045,1471,545
scenario3_daa_by_time,0.7,10,0,1914323182534823320,2,20727.633569980724,42118.59725888068,21390.96368889996,0.9726146466231045,0.9166445963393682,1449,567
scenario3_daa_by_time,0.7,10,0,1914323182534823320,3,42118.59725888068,62688.75436122795,20570.157102347264,0.9166445963393682,0.8983672302674324,1461,555
scenario3_daa_by_time,0.7,10,0,1914323182534823320,4,62688.75436122795,82294.23038171373,19605.47602048578,0.8983672302674324,0.9237767725337118,1473,543
scenario3_daa_by_time,0.7,10,0,1914323182534823320,5,82294.23038171373,102442.6685279823,20148.43814626857,0.9237767725337118,0.9243068668192833,1462,554
scenario3_daa_by_time,0.7,10,0,1914323182534823320,6,102442.6685279823,123195.21362678811,20752.545098805815,0.9243068668192833,0.89791523624488,1450,566
scenario3_daa_by_time,0.7,10,0,1914323182534823320,7,123195.21362678811,142624.51604625536,19429.302419467247,0.89791523624488,0.931684049786546,1456,560
scenario3_daa_by_time,0.7,10,0,1914323182534823320,8,142624.51604625536,163350.11601261154,20725.59996635618,0.931684049786546,0.9062584665431525,1477,539
scenario3_daa_by_time,0.7,10,0,1914323182534823320,9,163350.11601261154,183729.89879897505,20379.782786363503,0.9062584665431525,0.8964850546756009,1460,556
scenario3_daa_by_time,0.7,10,1,8443315714940425121,1,0.0,21161.985365755685,21161.985365755685,1.0,0.9526516369594935,1525,491
scenario3_daa_by_time,0.7,10,1,8443315714940425121,2,21161.985365755685,41549.812785361406,20387.82741960572,0.9526516369594935,0.942006061059487,1504,512
scenario3_daa_by_time,0.7,10,1,8443315714940425121,3,41549.812785361406,62221.12523387209,20671.312448510682,0.942006061059487,0.9187051977595889,1457,559
scenario3_daa_by_time,0.7,10,1,8443315714940425121,4,62221.12523387209,82475.66901113205,20254.54377725996,0.9187051977595889,0.9144168829725599,1468,548
scenario3_daa_by_time,0.7,10,1,8443315714940425121,5,82475.66901113205,101921.49149701733,19445.822485885277,0.9144168829725599,0.9480002388228921,1493,523
scenario3_daa_by_time,0.7,10,1,8443315714940425121,6,101921.49149701733,122306.87687900724,20385.38538198991,0.9480002388228921,0.9375189360684987,1498,518
scenario3_daa_by_time,0.7,10,1,8443315714940425121,7,122306.87687900724,142610.01881650792,20303.14193750068,0.9375189360684987,0.9309092065317833,1494,522
scenario3_daa_by_time,0.7,10,1,8443315714940425121,8,142610.01881650792,163226.4656463051,20616.446829797176,0.9309092065317833,0.9102989355351191,1424,592
scenario3_daa_by_time,0.7,10,1,8443315714940425121,9,163226.4656463051,182544.98303538506,19318.517389079963,0.9102989355351191,0.9499500490012496,1517,499
scenario3_daa_by_time,0.7,10,2,2047986249943344292,1,0.0,22468.98816539252,22468.98816539252,1.0,0.8972366646688212,1518,498
scenario3_daa_by_time,0.7,10,2,2047986249943344292,2,22468.98816539252,41303.49128945337,18834.50312406085,0.8972366646688212,0.9603805866593774,1497,519
scenario3_daa_by_time,0.7,10,2,2047986249943344292,3,41303.49128945337,62106.413996306765,20802.922706853395,0.9603805866593774,0.9306996377328555,1493,523
scenario3_daa_by_time,0.7,10,2,2047986249943344292,4,62106.413996306765,82417.29725111728,20310.88325481052,0.9306996377328555,0.9237857586646547,1489,527
scenario3_daa_by_time,0.7,10,2,2047986249943344292,5,82417.29725111728,102822.76648833268,20405.469237215395,0.9237857586646547,0.9126730034080253,1481,535
scenario3_daa_by_time,0.7,10,2,2047986249943344292,6,102822.76648833268,122320.28892873562,19497.522440402943,0.9126730034080253,0.9436833733591814,1489,527
scenario3_daa_by_time,0.7,10,2,2047986249943344292,7,122320.28892873562,143611.05522060063,21290.766291865002,0.9436833733591814,0.8935637424281077,1490,526
scenario3_daa_by_time,0.7,10,2,2047986249943344292,8,143611.05522060063,162808.96438434042,19197.909163739794,0.8935637424281077,0.9383441130857729,1480,536
scenario3_daa_by_time,0.7,10,2,2047986249943344292,9,162808.96438434042,182774.17317840995,19965.208794069535,0.9383441130857729,0.9474990978019872,1495,521
scenario3_daa_by_time,0.7,10,3,1333078115598720067,1,0.0,21660.63536889003,21660.63536889003,1.0,0.9307206209174589,1504,512
scenario3_daa_by_time,0.7,10,3,1333078115598720067,2,21660.63536889003,41525.062800272004,19864.427431381973,0.9307206209174589,0.944569269993331,1435,581
scenario3_daa_by_time,0.7,10,3,1333078115598720067,3,41525.062800272004,62815.225067793755,21290.16226752175,0.944569269993331,0.8944279636663458,1433,583
scenario3_daa_by_time,0.7,10,3,1333078115598720067,4,62815.225067793755,82621.08654366627,19805.861475872516,0.8944279636663458,0.9104207746519734,1470,546
scenario3_daa_by_time,0.7,10,3,1333078115598720067,5,82621.08654366627,102471.84490239044,19850.758358724168,0.9104207746519734,0.9246036088549426,1444,572
scenario3_daa_by_time,0.7,10,3,1333078115598720067,6,102471.84490239044,122623.02178069385,20151.176878303406,0.9246036088549426,0.9250084432827929,1498,518
scenario3_daa_by_time,0.7,10,3,1333078115598720067,7,122623.02178069385,142261.10951346433,19638.08773277048,0.9250084432827929,0.9495919597844814,1497,519
scenario3_daa_by_time,0.7,10,3,1333078115598720067,8,142261.10951346433,162860.72845074337,20599.61893727904,0.9495919597844814,0.9293266039310437,1501,515
scenario3_daa_by_time,0.7,10,3,1333078115598720067,9,162860.72845074337,182827.83805851344,19967.10960777008,0.9293266039310437,0.9383042765468239,1447,569
scenario3_daa_by_time,0.7,10,4,4731845572173163055,1,0.0,21308.86440922749,21308.86440922749,1.0,0.946085141508996,1474,542
scenario3_daa_by_time,0.7,10,4,4731845572173163055,2,21308.86440922749,42544.17880992114,21235.31440069365,0.946085141508996,0.8981772576062419,1464,552
scenario3_daa_by_time,0.7,10,4,4731845572173163055,3,42544.17880992114,62383.25602493214,19839.077215011,0.8981772576062419,0.912706438767283,1472,544
scenario3_daa_by_time,0.7,10,4,4731845572173163055,4,62383.25602493214,81709.3426864646,19326.086661532463,0.912706438767283,0.9520893767993371,1448,568
scenario3_daa_by_time,0.7,10,4,4731845572173163055,5,81709.3426864646,102701.875885408,20992.53319894339,0.9520893767993371,0.9143309030108252,1491,525
scenario3_daa_by_time,0.7,10,4,4731845572173163055,6,102701.875885408,122853.1161130572,20151.240227649207,0.9143309030108252,0.9147283639349761,1463,553
scenario3_daa_by_time,0.7,10,4,4731845572173163055,7,122853.1161130572,142870.0242066088,20016.908093551596,0.9147283639349761,0.9212673471218976,1511,505
scenario3_daa_by_time,0.7,10,4,4731845572173163055,8,142870.0242066088,162859.62021454348,19989.596007934684,0.9212673471218976,0.929120814177794,1517,499
scenario3_daa_by_time,0.7,10,4,4731845572173163055,9,162859.62021454348,183282.57009860285,20422.949884059373,0.929120814177794,0.9171581833261219,1449,567
scenario3_daa_by_time,0.7,10,5,2536326744068187485,1,0.0,21577.299011741627,21577.299011741627,1.0,0.9343152722233501,1476,540
scenario3_daa_by_time,0.7,10,5,2536326744068187485,2,21577.299011741627,41289.26026061544,19711.961248873813,0.9343152722233501,0.9555515887136227,1465,551
scenario3_daa_by_time,0.7,10,5,2536326744068187485,3,41289.26026061544,62677.96319562244,21388.702935007,0.9555515887136227,0.9006586368048188,1474,542
scenario3_daa_by_time,0.7,10,5,2536326744068187485,4,62677.96319562244,82606.88133137324,19928.9181357508,0.9006586368048188,0.9111020475021433,1452,564
scenario3_daa_by_time,0.7,10,5,2536326744068187485,5,82606.88133137324,102875.85581005435,20268.974478681106,0.9111020475021433,0.9062035820787315,1493,523
scenario3_daa_by_time,0.7,10,5,2536326744068187485,6,102875.85581005435,122325.88265727478,19450.026847220433,0.9062035820787315,0.9392822106730422,1497,519
scenario3_daa_by_time,0.7,10,5,2536326744068187485,7,122325.88265727478,142716.8157623938,20390.93310511901,0.9392822106730422,0.9286445730340211,1505,511
scenario3_daa_by_time,0.7,10,5,2536326744068187485,8,142716.8157623938,162191.0802394084,19474.2644770146,0.9286445730340211,0.9613443739794513,1485,531
scenario3_daa_by_time,0.7,10,5,2536326744068187485,9,162191.0802394084,182936.15478285583,20745.074543447437,0.9613443739794513,0.9342315227084759,1500,516
scenario3_daa_by_time,0.7,10,6,7360821513381242868,1,0.0,21057.93220577333,21057.93220577333,1.0,0.957358956378103,1457,559
scenario3_daa_by_time,0.7,10,6,7360821513381242868,2,21057.93220577333,42335.36329657811,21277.431090804777,0.957358956378103,0.9070811451916002,1446,570
scenario3_daa_by_time,0.7,10,6,7360821513381242868,3,42335.36329657811,61425.18384162426,19089.820545046154,0.9070811451916002,0.9579323097308062,1469,547
scenario3_daa_by_time,0.7,10,6,7360821513381242868,4,61425.18384162426,82053.85504960234,20628.671207978077,0.9579323097308062,0.9361686542710628,1475,541
scenario3_daa_by_time,0.7,10,6,7360821513381242868,5,82053.85504960234,102534.65922069186,20480.80417108952,0.9361686542710628,0.9215048350858105,1489,527
scenario3_daa_by_time,0.7,10,6,7360821513381242868,6,102534.65922069186,122286.8777864004,19752.218565708536,0.9215048350858105,0.9405291569414922,1504,512
scenario3_daa_by_time,0.7,10,6,7360821513381242868,7,122286.8777864004,142565.78901459137,20278.911228190977,0.9405291569414922,0.9350140937340621,1467,549
scenario3_daa_by_time,0.7,10,6,7360821513381242868,8,142565.78901459137,162478.0836352494,19912.29462065804,0.9350140937340621,0.946645501625054,1466,550
scenario3_daa_by_time,0.7,10,6,7360821513381242868,9,162478.0836352494,182453.79606704452,19975.71243179511,0.946645501625054,0.9553788570957157,1504,512
scenario3_daa_by_time,0.7,10,7,2403882026508146969,1,0.0,22286.82647864083,22286.82647864083,1.0,0.9045702410489385,1495,521
scenario3_daa_by_time,0.7,10,7,2403882026508146969,2,22286.82647864083,41534.401214403566,19247.574735762737,0.9045702410489385,0.9474511105891775,1455,561
scenario3_daa_by_time,0.7,10,7,2403882026508146969,3,41534.401214403566,63045.965671949925,21511.56445754636,0.9474511105891775,0.8879230716656329,1477,539
scenario3_daa_by_time,0.7,10,7,2403882026508146969,4,63045.965671949925,82312.81693050939,19266.851258559465,0.8879230716656329,0.9290843057101348,1453,563
scenario3_daa_by_time,0.7,10,7,2403882026508146969,5,82312.81693050939,101692.34582880564,19379.528898296252,0.9290843057101348,0.9665012860432841,1477,539
scenario3_daa_by_time,0.7,10,7,2403882026508146969,6,101692.34582880564,122825.92739213764,21133.581563332,0.9665012860432841,0.9219765172430422,1486,530
scenario3_daa_by_time,0.7,10,7,2403882026508146969,7,122825.92739213764,143446.4202373159,20620.49284517826,0.9219765172430422,0.9013871165531324,1481,535
scenario3_daa_by_time,0.7,10,7,2403882026508146969,8,143446.4202373159,163627.54668627062,20181.126448954717,0.9013871165531324,0.900443506742527,1489,527
scenario3_daa_by_time,0.7,10,7,2403882026508146969,9,163627.54668627062,182926.79183871648,19299.24515244586,0.900443506742527,0.9406036843689071,1488,528
scenario3_daa_by_time,0.7,10,8,7512761058182211064,1,0.0,22209.795123727818,22209.795123727818,1.0,0.9077076077330438,1477,539
scenario3_daa_by_time,0.7,10,8,7512761058182211064,2,22209.795123727818,41743.93526709192,19534.1401433641,0.9077076077330438,0.9367899092356315,1470,546
scenario3_daa_by_time,0.7,10,8,7512761058182211064,3,41743.93526709192,61822.86709250278,20078.931825410866,0.9367899092356315,0.940572174576019,1469,547
scenario3_daa_by_time,0.7,10,8,7512761058182211064,4,61822.86709250278,82067.60180694373,20244.734714440943,0.940572174576019,0.9366353922102345,1492,524
scenario3_daa_by_time,0.7,10,8,7512761058182211064,5,82067.60180694373,101916.22198031766,19848.62017337393,0.9366353922102345,0.9513290768840689,1461,555
scenario3_daa_by_time,0.7,10,8,7512761058182211064,6,101916.22198031766,122740.11787579162,20823.895895473965,0.9513290768840689,0.9209993310690391,1536,480
scenario3_daa_by_time,0.7,10,8,7512761058182211064,7,122740.11787579162,142818.88931197696,20078.771436185343,0.9209993310690391,0.9247252289993366,1510,506
scenario3_daa_by_time,0.7,10,8,7512761058182211064,8,142818.88931197696,163482.98160354482,20664.092291567853,0.9247252289993366,0.9021669257755799,1451,565
scenario3_daa_by_time,0.7,10,8,7512761058182211064,9,163482.98160354482,182810.08663879015,19327.10503524533,0.9021669257755799,0.9410455001133501,1472,544
scenario3_daa_by_time,0.7,10,9,7200081057769048769,1,0.0,22118.22403370157,22118.22403370157,1.0,0.9114655846365504,1443,573
scenario3_daa_by_time,0.7,10,9,7200081057769048769,2,22118.22403370157,41477.39329774363,19359.16926404206,0.9114655846365504,0.949170180582235,1495,521
scenario3_daa_by_time,0.7,10,9,7200081057769048769,3,41477.39329774363,62633.10572307794,21155.712425334314,0.949170180582235,0.9044966416551898,1458,558
scenario3_daa_by_time,0.7,10,9,7200081057769048769,4,62633.10572307794,81752.40229717601,19119.296574098073,0.9044966416551898,0.9537302915459809,1540,476
scenario3_daa_by_time,0.7,10,9,7200081057769048769,5,81752.40229717601,102829.03196791031,21076.6296707343,0.9537302915459809,0.9122522423148457,1441,575
scenario3_daa_by_time,0.7,10,9,7200081057769048769,6,102829.03196791031,123299.72381424357,20470.691846333255,0.9122522423148457,0.8984066265626248,1494,522
scenario3_daa_by_time,0.7,10,9,7200081057769048769,7,123299.72381424357,142635.715586196,19335.991771952424,0.8984066265626248,0.9366924544193523,1485,531
scenario3_daa_by_time,0.7,10,9,7200081057769048769,8,142635.715586196,162881.5583933768,20245.8428071808,0.9366924544193523,0.9327208583480882,1475,541
scenario3_daa_by_time,0.7,10,9,7200081057769048769,9,162881.5583933768,183005.3973489109,20123.8389555341,0.9327208583480882,0.9343968884786972,1519,497
scenario3_daa_by_time,0.75,2,0,1153542124051750883,1,0.0,21854.3062320788,21854.3062320788,1.0,0.922472659891998,1581,435
scenario3_daa_by_time,0.75,2,1,2855078745025416903,1,0.0,21664.10126438678,21664.10126438678,1.0,0.9305717211145359,1601,415
scenario3_daa_by_time,0.75,2,2,6272470204074382714,1,0.0,21886.881574281808,21886.881574281808,1.0,0.9210996976238506,1595,421
scenario3_daa_by_time,0.75,2,3,215703504729191029,1,0.0,21523.631332317498,21523.631332317498,1.0,0.9366449224453115,1588,428
scenario3_daa_by_time,0.75,2,4,4357172508163257316,1,0.0,21760.333242812252,21760.333242812252,1.0,0.9264564000488887,1592,424
scenario3_daa_by_time,0.75,2,5,1115536808781898589,1,0.0,21911.559962654428,21911.559962654428,1.0,0.9200622883245306,1593,423
scenario3_daa_by_time,0.75,2,6,8695687911370845287,1,0.0,21395.281274928067,21395.281274928067,1.0,0.942263845048131,1600,416
scenario3_daa_by_time,0.75,2,7,5489252048809073266,1,0.0,22261.221765606537,22261.221765606537,1.0,0.905610671879074,1566,450
scenario3_daa_by_time,0.75,2,8,1471208603890359091,1,0.0,22182.75825972871,22182.75825972871,1.0,0.9088139429711547,1564,452
scenario3_daa_by_time,0.75,2,9,7580203333842259050,1,0.0,21653.959666157625,21653.959666157625,1.0,0.9310075529284146,1588,428
scenario3_daa_by_time,0.75,3,0,5872183347274545925,1,0.0,21620.81219203161,21620.81219203161,1.0,0.9324349067436978,1595,421
scenario3_daa_by_time,0.75,3,0,5872183347274545925,2,21620.81219203161,41401.693079672026,19780.880887640415,0.9324349067436978,0.950305895209062,1594,422
scenario3_daa_by_time,0.75,3,1,7795943350385617405,1,0.0,21514.8991370764,21514.8991370764,1.0,0.9370250760440927,1601,415
scenario3_daa_by_time,0.75,3,1,7795943350385617405,2,21514.8991370764,41625.256471919245,20110.357334842844,0.9370250760440927,0.9393381340032032,1585,431
scenario3_daa_by_time,0.75,3,2,5126512367314693596,1,0.0,21227.070409942193,21227.070409942193,1.0,0.9497306793007854,1592,424
scenario3_daa_by_time,0.75,3,2,5126512367314693596,2,21227.070409942193,41344.317836192895,20117.247426250702,0.9497306793007854,0.9517490185918652,1633,383
scenario3_daa_by_time,0.75,3,3,94006307661927286,1,0.0,21597.271584344384,21597.271584344384,1.0,0.9334512427307602,1590,426
scenario3_daa_by_time,0.75,3,3,94006307661927286,2,21597.271584344384,42136.73023311104,20539.458648766657,0.9334512427307602,0.9162060877676599,1601,415
scenario3_daa_by_time,0.75,3,4,3215812750396814440,1,0.0,22006.94944515394,22006.94944515394,1.0,0.9160742632795638,1628,388
scenario3_daa_by_time,0.75,3,4,3215812750396814440,2,22006.94944515394,41599.83180214737,19592.88235699343,0.9160742632795638,0.9425901105930985,1590,426
scenario3_daa_by_time,0.75,3,5,2166684368728305583,1,0.0,21346.838260571025,21346.838260571025,1.0,0.9444021523897902,1615,401
scenario3_daa_by_time,0.75,3,5,2166684368728305583,2,21346.838260571025,42033.163834683946,20686.32557411292,0.9444021523897902,0.9203735735457994,1626,390
scenario3_daa_by_time,0.75,3,6,4458569153343759025,1,0.0,21271.094129013043,21271.094129013043,1.0,0.9477650692402536,1597,419
scenario3_daa_by_time,0.75,3,6,4458569153343759025,2,21271.094129013043,41581.879695276446,20310.785566263403,0.9477650692402536,0.9407289409632932,1574,442
scenario3_daa_by_time,0.75,3,7,7169834738136732493,1,0.0,21210.517330683313,21210.517330683313,1.0,0.9504718666543966,1593,423
scenario3_daa_by_time,0.75,3,7,7169834738136732493,2,21210.517330683313,42203.222043529146,20992.704712845833,0.9504718666543966,0.9127700834103261,1616,400
scenario3_daa_by_time,0.75,3,8,5318273328668626651,1,0.0,22038.88648076404,22038.88648076404,1.0,0.9147467598962422,1588,428
scenario3_daa_by_time,0.75,3,8,5318273328668626651,2,22038.88648076404,41361.25038266128,19322.363901897243,0.9147467598962422,0.9544015821841297,1631,385
scenario3_daa_by_time,0.75,3,9,3924617099349565646,1,0.0,21250.32806408757,21250.32806408757,1.0,0.9486912361635398,1582,434
scenario3_daa_by_time,0.75,3,9,3924617099349565646,2,21250.32806408757,41913.15569006553,20662.827625977956,0.9486912361635398,0.9256049398104467,1588,428
scenario3_daa_by_time,0.75,5,0,8307570198170452297,1,0.0,21696.900977338682,21696.900977338682,1.0,0.9291649540667629,1593,423
scenario3_daa_by_time,0.75,5,0,8307570198170452297,2,21696.900977338682,42738.16102786529,21041.260050526605,0.9291649540667629,0.8902492259971441,1562,454
scenario3_daa_by_time,0.75,5,0,8307570198170452297,3,42738.16102786529,62608.66574870747,19870.504720842182,0.8902492259971441,0.9032193519109438,1585,431
scenario3_daa_by_time,0.75,5,0,8307570198170452297,4,62608.66574870747,82122.98188792853,19514.31613922106,0.9032193519109438,0.9331048039099494,1640,376
scenario3_daa_by_time,0.75,5,1,657741755014569045,1,0.0,21962.323382727798,21962.323382727798,1.0,0.9179356686758728,1577,439
scenario3_daa_by_time,0.75,5,1,657741755014569045,2,21962.323382727798,41677.77424327037,19715.45086054257,0.9179356686758728,0.9386335220738808,1576,440
scenario3_daa_by_time,0.75,5,1,657741755014569045,3,41677.77424327037,62094.05805522401,20416.283811953646,0.9386335220738808,0.9268509381678065,1597,419
scenario3_daa_by_time,0.75,5,1,657741755014569045,4,62094.05805522401,82349.34731123252,20255.289256008502,0.9268509381678065,0.9224906481115885,1616,400
scenario3_daa_by_time,0.75,5,2,3400896500880644753,1,0.0,21808.3186399765,21808.3186399765,1.0,0.9244178945113636,1596,420
scenario3_daa_by_time,0.75,5,2,3400896500880644753,2,21808.3186399765,42013.38243187784,20205.063791901342,0.9244178945113636,0.9223561452361727,1569,447
scenario3_daa_by_time,0.75,5,2,3400896500880644753,3,42013.38243187784,61374.57453145017,19361.192099572327,0.9223561452361727,0.9604108978585044,1584,432
scenario3_daa_by_time,0.75,5,2,3400896500880644753,4,61374.57453145017,82043.6890877207,20669.114556270535,0.9604108978585044,0.9367543852986918,1578,438
scenario3_daa_by_time,0.75,5,3,2598447450560804427,1,0.0,21668.233644654272,21668.233644654272,1.0,0.9303942504318359,1566,450
scenario3_daa_by_time,0.75,5,3,2598447450560804427,2,21668.233644654272,42017.50336693565,20349.269722281377,0.9303942504318359,0.9217406002618443,1579,437
scenario3_daa_by_time,0.75,5,3,2598447450560804427,3,42017.50336693565,62204.3764646291,20186.873097693453,0.9217406002618443,0.9205135640052143,1608,408
scenario3_daa_by_time,0.75,5,3,2598447450560804427,4,62204.3764646291,82518.08230226584,20313.705837636742,0.9205135640052143,0.9135483992271924,1587,429
scenario3_daa_by_time,0.75,5,4,3417915136439121731,1,0.0,21872.23256321206,21872.23256321206,1.0,0.9217166076547694,1610,406
scenario3_daa_by_time,0.75,5,4,3417915136439121731,2,21872.23256321206,41373.52805503561,19501.295491823552,0.9217166076547694,0.952849866723525,1569,447
scenario3_daa_by_time,0.75,5,4,3417915136439121731,3,41373.52805503561,61867.97384420441,20494.4457891688,0.952849866723525,0.9373004525596077,1567,449
scenario3_daa_by_time,0.75,5,4,3417915136439121731,4,61867.97384420441,82540.69352085411,20672.7196766497,0.9373004525596077,0.914053758729439,1605,411
scenario3_daa_by_time,0.75,5,5,2178746596020599177,1,0.0,22109.73450755269,22109.73450755269,1.0,0.9118155621956174,1581,435
scenario3_daa_by_time,0.75,5,5,2178746596020599177,2,22109.73450755269,41304.31258846657,19194.57808091388,0.9118155621956174,0.9576767802019039,1567,449
scenario3_daa_by_time,0.75,5,5,2178746596020599177,3,41304.31258846657,62627.07080962706,21322.75822116049,0.9576767802019039,0.9054533981307609,1588,428
scenario3_daa_by_time,0.75,5,5,2178746596020599177,4,62627.07080962706,82611.25383000194,19984.183020374876,0.9054533981307609,0.9134194021194327,1579,437
scenario3_daa_by_time,0.75,5,6,8100864938914171598,1,0.0,21834.37503770243,21834.37503770243,1.0,0.9233147257564639,1571,445
scenario3_daa_by_time,0.75,5,6,8100864938914171598,2,21834.37503770243,41810.43799896498,19976.062961262553,0.9233147257564639,0.9318164899333019,1590,426
scenario3_daa_by_time,0.75,5,6,8100864938914171598,3,41810.43799896498,62222.919373039455,20412.481374074472,0.9318164899333019,0.9202908795260136,1576,440
scenario3_daa_by_time,0.75,5,6,8100864938914171598,4,62222.919373039455,82211.27744013995,19988.358067100497,0.9202908795260136,0.9281935048873043,1608,408
scenario3_daa_by_time,0.75,5,7,8024040193688610603,1,0.0,21749.346311972215,21749.346311972215,1.0,0.9269244100868752,1612,404
scenario3_daa_by_time,0.75,5,7,8024040193688610603,2,21749.346311972215,42003.89987758479,20254.553565612572,0.9269244100868752,0.9225972839548117,1576,440
scenario3_daa_by_time,0.75,5,7,8024040193688610603,3,42003.89987758479,61323.441256686405,19319.541379101618,0.9225972839548117,0.9627330628380529,1597,419
scenario3_daa_by_time,0.75,5,7,8024040193688610603,4,61323.441256686405,82086.92471367551,20763.48345698911,0.9627330628380529,0.9347515597283877,1639,377
scenario3_daa_by_time,0.75,5,8,7908894135955136183,1,0.0,21071.542900544333,21071.542900544333,1.0,0.9567405716398306,1624,392
scenario3_daa_by_time,0.75,5,8,7908894135955136183,2,21071.542900544333,41588.35323872736,20516.810338183026,0.9567405716398306,0.9401017802637214,1594,422
scenario3_daa_by_time,0.75,5,8,7908894135955136183,3,41588.35323872736,62324.20964803442,20735.85640930706,0.9401017802637214,0.9139941710635122,1596,420
scenario3_daa_by_time,0.75,5,8,7908894135955136183,4,62324.20964803442,82164.27431400442,19840.06466597,0.9139941710635122,0.9287329854446084,1598,418
scenario3_daa_by_time,0.75,5,9,1400672499467301503,1,0.0,21909.621108395924,21909.621108395924,1.0,0.9201437076551974,1586,430
scenario3_daa_by_time,0.75,5,9,1400672499467301503,2,21909.621108395924,42334.46874888972,20424.847640493794,0.9201437076551974,0.908212265414985,1607,409
scenario3_daa_by_time,0.75,5,9,1400672499467301503,3,42334.46874888972,62078.163538241126,19743.694789351408,0.908212265414985,0.9273623537090535,1594,422
scenario3_daa_by_time,0.75,5,9,1400672499467301503,4,62078.163538241126,82044.71456323941,19966.551024998284,0.9273623537090535,0.9363472453188056,1596,420
scenario3_daa_by_time,0.75,10,0,7506866391016372288,1,0.0,20926.649245627184,20926.649245627184,1.0,0.9633649306858152,1593,423
scenario3_daa_by_time,0.75,10,0,7506866391016372288,2,20926.649245627184,41979.75649169511,21053.107246067924,0.9633649306858152,0.922497414544514,1560,456
scenario3_daa_by_time,0.75,10,0,7506866391016372288,3,41979.75649169511,61787.09710831825,19807.340616623143,0.922497414544514,0.9389220005440593,1603,413
scenario3_daa_by_time,0.75,10,0,7506866391016372288,4,61787.09710831825,82744.15720426726,20957.06009594901,0.9389220005440593,0.9032119698233407,1567,449
scenario3_daa_by_time,0.75,10,0,7506866391016372288,5,82744.15720426726,101903.4957434761,19159.33853920884,0.9032119698233407,0.9503852794487162,1600,416
scenario3_daa_by_time,0.75,10,0,7506866391016372288,6,101903.4957434761,122565.26818591326,20661.772442437155,0.9503852794487162,0.9273051132019017,1598,418
scenario3_daa_by_time,0.75,10,0,7506866391016372288,7,122565.26818591326,143481.65525617028,20916.387070257028,0.9273051132019017,0.8937715208346743,1615,401
scenario3_daa_by_time,0.75,10,0,7506866391016372288,8,143481.65525617028,162958.3547537911,19476.699497620808,0.8937715208346743,0.9251276820401778,1596,420
scenario3_daa_by_time,0.75,10,0,7506866391016372288,9,162958.3547537911,182728.72000579583,19770.365252004733,0.9251276820401778,0.9433601166290442,1559,457
scenario3_daa_by_time,0.75,10,1,2182111404665792386,1,0.0,21988.55170378819,21988.55170378819,1.0,0.9168407392892016,1612,404
scenario3_daa_by_time,0.75,10,1,2182111404665792386,2,21988.55170378819,41555.697474036904,19567.145770248713,0.9168407392892016,0.9446195945539462,1649,367
scenario3_daa_by_time,0.75,10,1,2182111404665792386,3,41555.697474036904,61900.72911191921,20345.031637882304,0.9446195945539462,0.9360285776478536,1587,429
scenario3_daa_by_time,0.75,10,1,2182111404665792386,4,61900.72911191921,82453.47827544414,20552.74916352493,0.9360285776478536,0.9181417033430258,1598,418
scenario3_daa_by_time,0.75,10,1,2182111404665792386,5,82453.47827544414,102735.32841713258,20281.85014168844,0.9181417033430258,0.9126256534826407,1581,435
scenario3_daa_by_time,0.75,10,1,2182111404665792386,6,102735.32841713258,122659.2009767318,19923.872559599215,0.9126256534826407,0.9234416210590406,1569,447
scenario3_daa_by_time,0.75,10,1,2182111404665792386,7,122659.2009767318,142392.94851539322,19733.747538661424,0.9234416210590406,0.9433881245352679,1606,410
scenario3_daa_by_time,0.75,10,1,2182111404665792386,8,142392.94851539322,163135.7662567351,20742.81774134189,0.9433881245352679,0.9168814395319779,1533,483
scenario3_daa_by_time,0.75,10,1,2182111404665792386,9,163135.7662567351,182573.34673519377,19437.580478458665,0.9168814395319779,0.9509583685813976,1590,426
scenario3_daa_by_time,0.75,10,2,8036462336226842660,1,0.0,23033.36023024378,23033.36023024378,1.0,0.875252234084763,1573,443
scenario3_daa_by_time,0.75,10,2,8036462336226842660,2,23033.36023024378,41628.51017508218,18595.1499448384,0.875252234084763,0.9489079190806261,1566,450
scenario3_daa_by_time,0.75,10,2,8036462336226842660,3,41628.51017508218,61882.35916630639,20253.848991224215,0.9489079190806261,0.9445110239023827,1589,427
scenario3_daa_by_time,0.75,10,2,8036462336226842660,4,61882.35916630639,82789.7793743816,20907.420208075207,0.9445110239023827,0.9107456612230703,1572,444
scenario3_daa_by_time,0.75,10,2,8036462336226842660,5,82789.7793743816,102581.44620960203,19791.66683522043,0.9107456612230703,0.9276951094176302,1585,431
scenario3_daa_by_time,0.75,10,2,8036462336226842660,6,102581.44620960203,122626.4848630212,20045.03865341918,0.9276951094176302,0.9330155820213037,1585,431
scenario3_daa_by_time,0.75,10,2,8036462336226842660,7,122626.4848630212,142407.32327483137,19780.838411810168,0.9330155820213037,0.9508997415559088,1569,447
scenario3_daa_by_time,0.75,10,2,8036462336226842660,8,142407.32327483137,163339.58231830248,20932.259043471102,0.9508997415559088,0.9158179606871627,1581,435
scenario3_daa_by_time,0.75,10,2,8036462336226842660,9,163339.58231830248,182511.11411174675,19171.531793444272,0.9158179606871627,0.9630367717287258,1628,388
scenario3_daa_by_time,0.75,10,3,8487839274533349939,1,0.0,22303.67554691916,22303.67554691916,1.0,0.9038868933324639,1597,419
scenario3_daa_by_time,0.75,10,3,8487839274533349939,2,22303.67554691916,41780.78608365004,19477.11053673088,0.9038868933324639,0.9355781872890161,1627,389
scenario3_daa_by_time,0.75,10,3,8487839274533349939,3,41780.78608365004,62055.34073449051,20274.554650840473,0.9355781872890161,0.9302920128489569,1565,451
scenario3_daa_by_time,0.75,10,3,8487839274533349939,4,62055.34073449051,82132.04860023671,20076.707865746197,0.9302920128489569,0.9341515105189737,1557,459
scenario3_daa_by_time,0.75,10,3,8487839274533349939,5,82132.04860023671,102637.06266585639,20505.014065619675,0.9341515105189737,0.9184336275895835,1588,428
scenario3_daa_by_time,0.75,10,3,8487839274533349939,6,102637.06266585639,123153.88222134815,20516.819555491762,0.9184336275895835,0.9024606314895383,1582,434
scenario3_daa_by_time,0.75,10,3,8487839274533349939,7,123153.88222134815,142571.46026619076,19417.57804484261,0.9024606314895383,0.9369657888750647,1623,393
scenario3_daa_by_time,0.75,10,3,8487839274533349939,8,142571.46026619076,162441.69408738127,19870.233821190515,0.9369657888750647,0.950629493024736,1570,446
scenario3_daa_by_time,0.75,10,3,8487839274533349939,9,162441.69408738127,182204.8304946784,19763.136407297134,0.950629493024736,0.9697190863036552,1602,414
scenario3_daa_by_time,0.75,10,4,4944935201855165184,1,0.0,21472.652273029868,21472.652273029868,1.0,0.9388686476016478,1614,402
scenario3_daa_by_time,0.75,10,4,4944935201855165184,2,21472.652273029868,42129.56433318988,20656.912060160015,0.9388686476016478,0.9162837059346324,1597,419
scenario3_daa_by_time,0.75,10,4,4944935201855165184,3,42129.56433318988,62071.35606322377,19941.79173003389,0.9162837059346324,0.9263099204782838,1598,418
scenario3_daa_by_time,0.75,10,4,4944935201855165184,4,62071.35606322377,82461.95181811509,20390.59575489132,0.9263099204782838,0.9158343493893533,1576,440
scenario3_daa_by_time,0.75,10,4,4944935201855165184,5,82461.95181811509,102484.08030740495,20022.128489289855,0.9158343493893533,0.922140745104379,1565,451
scenario3_daa_by_time,0.75,10,4,4944935201855165184,6,102484.08030740495,122235.76282873428,19751.682521329334,0.922140745104379,0.9412037380222689,1572,444
scenario3_daa_by_time,0.75,10,4,4944935201855165184,7,122235.76282873428,141791.43499916082,19555.672170426536,0.9412037380222689,0.9702897038345615,1606,410
scenario3_daa_by_time,0.75,10,4,4944935201855165184,8,141791.43499916082,162444.2458138111,20652.810814650293,0.9702897038345615,0.9471369589764955,1620,396
scenario3_daa_by_time,0.75,10,4,4944935201855165184,9,162444.2458138111,183003.36093390468,20559.11512009357,0.9471369589764955,0.9287501422813788,1599,417
scenario3_daa_by_time,0.75,10,5,3211804202299365945,1,0.0,22138.215334933615,22138.215334933615,1.0,0.9106425109248967,1560,456
scenario3_daa_by_time,0.75,10,5,3211804202299365945,2,22138.215334933615,41868.842354253655,19730.62701932004,0.9106425109248967,0.9304596859628129,1614,402
scenario3_daa_by_time,0.75,10,5,3211804202299365945,3,41868.842354253655,62113.33704235073,20244.494688097075,0.9304596859628129,0.926576215312466,1559,457
scenario3_daa_by_time,0.75,10,5,3211804202299365945,4,62113.33704235073,81933.93343238704,19820.596390036313,0.926576215312466,0.942442706218947,1600,416
scenario3_daa_by_time,0.75,10,5,3211804202299365945,5,81933.93343238704,102395.33212322873,20461.398690841685,0.942442706218947,0.9285604197663193,1600,416
scenario3_daa_by_time,0.75,10,5,3211804202299365945,6,102395.33212322873,121813.32486380453,19417.992740575806,0.9285604197663193,0.9640429014772561,1597,419
scenario3_daa_by_time,0.75,10,5,3211804202299365945,7,121813.32486380453,141965.07430366418,20151.749439859646,0.9640429014772561,0.9644376013994767,1593,423
scenario3_daa_by_time,0.75,10,5,3211804202299365945,8,141965.07430366418,163121.81906523823,21156.744761574053,0.9644376013994767,0.9190006432145894,1600,416
scenario3_daa_by_time,0.75,10,5,3211804202299365945,9,163121.81906523823,183188.00685714072,20066.187791902485,0.9190006432145894,0.9232970985491592,1553,463
scenario3_daa_by_time,0.75,10,6,998220421951173794,1,0.0,21837.20231303548,21837.20231303548,1.0,0.9231951836598459,1583,433
scenario3_daa_by_time,0.75,10,6,998220421951173794,2,21837.20231303548,41813.25869302525,19976.05637998977,0.9231951836598459,0.9316961540630184,1613,403
scenario3_daa_by_time,0.75,10,6,998220421951173794,3,41813.25869302525,61486.01983351342,19672.761140488168,0.9316961540630184,0.9547716424642343,1602,414
scenario3_daa_by_time,0.75,10,6,998220421951173794,4,61486.01983351342,81863.67605287884,20377.656219365424,0.9547716424642343,0.9445736106680852,1596,420
scenario3_daa_by_time,0.75,10,6,998220421951173794,5,81863.67605287884,102434.19794159387,20570.521888715026,0.9445736106680852,0.9257229395582499,1616,400
scenario3_daa_by_time,0.75,10,6,998220421951173794,6,102434.19794159387,122026.90015163682,19592.702210042946,0.9257229395582499,0.9525268266430418,1592,424
scenario3_daa_by_time,0.75,10,6,998220421951173794,7,122026.90015163682,142318.06116476524,20291.161013128425,0.9525268266430418,0.9463697426036577,1603,413
scenario3_daa_by_time,0.75,10,6,998220421951173794,8,142318.06116476524,162520.6301639464,20202.568999181152,0.9463697426036577,0.9443756391408953,1595,421
scenario3_daa_by_time,0.75,10,6,998220421951173794,9,162520.6301639464,182955.83794803388,20435.207784087484,0.9443756391408953,0.9316574162708275,1609,407
scenario3_daa_by_time,0.75,10,7,8938826795333445364,1,0.0,21952.985594259906,21952.985594259906,1.0,0.91832611621042,1604,412
scenario3_daa_by_time,0.75,10,7,8938826795333445364,2,21952.985594259906,41787.00151518641,19834.015920926508,0.91832611621042,0.9334193628063423,1581,435
scenario3_daa_by_time,0.75,10,7,8938826795333445364,3,41787.00151518641,61649.44145038404,19862.439935197624,0.9334193628063423,0.9474029583258563,1600,416
scenario3_daa_by_time,0.75,10,7,8938826795333445364,4,61649.44145038404,82028.85855047837,20379.41710009433,0.9474029583258563,0.9372026464761278,1545,471
scenario3_daa_by_time,0.75,10,7,8938826795333445364,5,82028.85855047837,102237.86849863533,20209.009948156963,0.9372026464761278,0.9349297863392783,1567,449
scenario3_daa_by_time,0.75,10,7,8938826795333445364,6,102237.86849863533,123188.28936251522,20950.42086387989,0.9349297863392783,0.8996566042783201,1597,419
scenario3_daa_by_time,0.75,10,7,8938826795333445364,7,123188.28936251522,142580.01807787333,19391.728715358113,0.8996566042783201,0.9352996531911306,1584,432
scenario3_daa_by_time,0.75,10,7,8938826795333445364,8,142580.01807787333,162460.06487115417,19880.04679328084,0.9352996531911306,0.9484706552454455,1561,455
scenario3_daa_by_time,0.75,10,7,8938826795333445364,9,162460.06487115417,183341.56538253478,20881.50051138061,0.9484706552454455,0.9156989651834152,1608,408
scenario3_daa_by_time,0.75,10,8,7058489460765277863,1,0.0,22678.242735935073,22678.242735935073,1.0,0.8889577660289895,1608,408
scenario3_daa_by_time,0.75,10,8,7058489460765277863,2,22678.242735935073,42680.62187780014,20002.37914186507,0.8889577660289895,0.8959628470212767,1611,405
scenario3_daa_by_time,0.75,10,8,7058489460765277863,3,42680.62187780014,61706.946121249064,19026.324243448922,0.8959628470212767,0.9493484272017593,1592,424
scenario3_daa_by_time,0.75,10,8,7058489460765277863,4,61706.946121249064,82439.12754367823,20732.181422429167,0.9493484272017593,0.9231476371165668,1574,442
scenario3_daa_by_time,0.75,10,8,7058489460765277863,5,82439.12754367823,102503.55725946244,20064.42971578421,0.9231476371165668,0.9275447459954184,1602,414
scenario3_daa_by_time,0.75,10,8,7058489460765277863,6,102503.55725946244,122775.51696351983,20271.959704057386,0.9275447459954184,0.9224220229445804,1579,437
scenario3_daa_by_time,0.75,10,8,7058489460765277863,7,122775.51696351983,142572.4680183055,19796.951054785663,0.9224220229445804,0.9393379784139733,1584,432
scenario3_daa_by_time,0.75,10,8,7058489460765277863,8,142572.4680183055,164113.1439051667,21540.675886861223,0.9393379784139733,0.8791299652940042,1587,429
scenario3_daa_by_time,0.75,10,8,7058489460765277863,9,164113.1439051667,183723.4189574604,19610.2750522937,0.8791299652940042,0.9037741721146405,1588,428
scenario3_daa_by_time,0.75,10,9,4193971932269553109,1,0.0,21860.95624595969,21860.95624595969,1.0,0.9221920474648012,1584,432
scenario3_daa_by_time,0.75,10,9,4193971932269553109,2,21860.95624595969,42003.34080064489,20142.3845546852,0.9221920474648012,0.922998546990106,1604,412
scenario3_daa_by_time,0.75,10,9,4193971932269553109,3,42003.34080064489,61370.33724951229,19366.9964488674,0.922998546990106,0.9607917653337892,1608,408
scenario3_daa_by_time,0.75,10,9,4193971932269553109,4,61370.33724951229,82261.82871578616,20891.491466273874,0.9607917653337892,0.9271507503616194,1576,440
scenario3_daa_by_time,0.75,10,9,4193971932269553109,5,82261.82871578616,102160.92709741037,19899.098381624208,0.9271507503616194,0.939306835356458,1583,433
scenario3_daa_by_time,0.75,10,9,4193971932269553109,6,102160.92709741037,122322.38522970765,20161.45813229728,0.939306835356458,0.9392389020936601,1606,410
scenario3_daa_by_time,0.75,10,9,4193971932269553109,7,122322.38522970765,142720.63714805467,20398.251918347014,0.9392389020936601,0.9282685762487927,1606,410
scenario3_daa_by_time,0.75,10,9,4193971932269553109,8,142720.63714805467,162682.62184718222,19961.984699127555,0.9282685762487927,0.9374766476999432,1585,431
scenario3_daa_by_time,0.75,10,9,4193971932269553109,9,162682.62184718222,183012.1305607264,20329.50871354417,0.9374766476999432,0.9296599088515789,1559,457
scenario3_daa_by_time,0.8,2,0,2404404309845491296,1,0.0,22451.451721131274,22451.451721131274,1.0,0.8979374808545426,1687,329
scenario3_daa_by_time,0.8,2,1,5169921408825472044,1,0.0,21471.25746734475,21471.25746734475,1.0,0.9389296379432357,1699,317
scenario3_daa_by_time,0.8,2,2,5768759099683303643,1,0.0,21025.76221142904,21025.76221142904,1.0,0.9588237419065629,1729,287
scenario3_daa_by_time,0.8,2,3,5525903890679934410,1,0.0,21697.08894776331,21697.08894776331,1.0,0.9291569043449138,1687,329
scenario3_daa_by_time,0.8,2,4,1436295230496609163,1,0.0,21552.855020148872,21552.855020148872,1.0,0.9353749181328065,1699,317
scenario3_daa_by_time,0.8,2,5,3875396392212883357,1,0.0,21926.381983076666,21926.381983076666,1.0,0.919440335188906,1697,319
scenario3_daa_by_time,0.8,2,6,1326982224859211941,1,0.0,21200.54465398196,21200.54465398196,1.0,0.9509189659527676,1711,305
scenario3_daa_by_time,0.8,2,7,6839177940681229760,1,0.0,21877.381039813146,21877.381039813146,1.0,0.921499697030106,1676,340
scenario3_daa_by_time,0.8,2,8,5170967216725404609,1,0.0,21818.455759784752,21818.455759784752,1.0,0.9239883987187775,1682,334
scenario3_daa_by_time,0.8,2,9,1409452955730493052,1,0.0,21190.408512348837,21190.408512348837,1.0,0.9513738250138802,1682,334
scenario3_daa_by_time,0.8,3,0,6314292925064303279,1,0.0,21986.96247206059,21986.96247206059,1.0,0.9169070091249686,1702,314
scenario3_daa_by_time,0.8,3,0,6314292925064303279,2,21986.96247206059,41847.88821635006,19860.92574428947,0.9169070091249686,0.9307141843211532,1673,343
scenario3_daa_by_time,0.8,3,1,6446032306268228099,1,0.0,21985.372117361218,21985.372117361218,1.0,0.9169733353787642,1714,302
scenario3_daa_by_time,0.8,3,1,6446032306268228099,2,21985.372117361218,40690.1659270639,18704.79380970268,0.9169733353787642,0.9883125486070103,1685,331
scenario3_daa_by_time,0.8,3,2,5759473325767979489,1,0.0,22032.355003857137,22032.355003857137,1.0,0.9150179359614825,1688,328
scenario3_daa_by_time,0.8,3,2,5759473325767979489,2,22032.355003857137,41378.588049464604,19346.233045607467,0.9150179359614825,0.9535066359170008,1702,314
scenario3_daa_by_time,0.8,3,3,4203094943686877173,1,0.0,20747.413371193896,20747.413371193896,1.0,0.9716873925108432,1646,370
scenario3_daa_by_time,0.8,3,3,4203094943686877173,2,20747.413371193896,41019.19098968109,20271.777618487195,0.9716873925108432,0.9663295544024653,1742,274
scenario3_daa_by_time,0.8,3,4,938087032887600263,1,0.0,22395.09678888361,22395.09678888361,1.0,0.9001970471503808,1673,343
scenario3_daa_by_time,0.8,3,4,938087032887600263,2,22395.09678888361,41877.802854364134,19482.706065480525,0.9001970471503808,0.9314913651911154,1697,319
scenario3_daa_by_time,0.8,3,5,6993564308178933366,1,0.0,21837.82787543528,21837.82787543528,1.0,0.9231687379804555,1708,308
scenario3_daa_by_time,0.8,3,5,6993564308178933366,2,21837.82787543528,41741.82387302398,19903.995997588703,0.9231687379804555,0.9350424789042687,1705,311
scenario3_daa_by_time,0.8,3,6,436545309942063352,1,0.0,21079.262788493692,21079.262788493692,1.0,0.9563901831996003,1698,318
scenario3_daa_by_time,0.8,3,6,436545309942063352,2,21079.262788493692,41434.32800386942,20355.06521537573,0.9563901831996003,0.9472249727178308,1724,292
scenario3_daa_by_time,0.8,3,7,4802540633574210753,1,0.0,21414.6132125482,21414.6132125482,1.0,0.9414132209582454,1697,319
scenario3_daa_by_time,0.8,3,7,4802540633574210753,2,21414.6132125482,41900.79058913854,20486.177376590338,0.9414132209582454,0.926424202311433,1687,329
scenario3_daa_by_time,0.8,3,8,5479762498402338765,1,0.0,20962.223618027638,20962.223618027638,1.0,0.961730032431401,1686,330
scenario3_daa_by_time,0.8,3,8,5479762498402338765,2,20962.223618027638,41982.18735350484,21019.963735477206,0.961730032431401,0.9223839630652376,1713,303
scenario3_daa_by_time,0.8,3,9,7899981441758952589,1,0.0,20870.728275575486,20870.728275575486,1.0,0.9659461679443533,1684,332
scenario3_daa_by_time,0.8,3,9,7899981441758952589,2,20870.728275575486,42062.461618801426,21191.73334322594,0.9659461679443533,0.9189184494897852,1713,303
scenario3_daa_by_time,0.8,5,0,6417667684122727568,1,0.0,21368.63906056699,21368.63906056699,1.0,0.9434386505784838,1725,291
scenario3_daa_by_time,0.8,5,0,6417667684122727568,2,21368.63906056699,42154.429047186175,20785.789986619184,0.9434386505784838,0.9150348968168227,1676,340
scenario3_daa_by_time,0.8,5,0,6417667684122727568,3,42154.429047186175,61222.46891969514,19068.03987250896,0.9150348968168227,0.9674357533950283,1696,320
scenario3_daa_by_time,0.8,5,0,6417667684122727568,4,61222.46891969514,81961.4393738293,20738.970454134163,0.9674357533950283,0.9404278207337862,1667,349
scenario3_daa_by_time,0.8,5,1,9180321936075648080,1,0.0,21961.90039163453,21961.90039163453,1.0,0.9179533483213098,1647,369
scenario3_daa_by_time,0.8,5,1,9180321936075648080,2,21961.90039163453,41924.0958477888,19962.19545615427,0.9179533483213098,0.9270493089201917,1703,313
scenario3_daa_by_time,0.8,5,1,9180321936075648080,3,41924.0958477888,62625.08934724516,20700.99349945636,0.9270493089201917,0.9028220828300765,1706,310
scenario3_daa_by_time,0.8,5,1,9180321936075648080,4,62625.08934724516,81460.35855326218,18835.269206017023,0.9028220828300765,0.966319779705616,1711,305
scenario3_daa_by_time,0.8,5,2,7698745518727819459,1,0.0,21232.723617852826,21232.723617852826,1.0,0.9494778137200043,1725,291
scenario3_daa_by_time,0.8,5,2,7698745518727819459,2,21232.723617852826,41034.14427143252,19801.42065357969,0.9494778137200043,0.9666716878283629,1695,321
scenario3_daa_by_time,0.8,5,2,7698745518727819459,3,41034.14427143252,61654.69736959376,20620.553098161246,0.9666716878283629,0.9450814017378402,1673,343
scenario3_daa_by_time,0.8,5,2,7698745518727819459,4,61654.69736959376,82775.57854322047,21120.88117362671,0.9450814017378402,0.9020855191792766,1677,339
scenario3_daa_by_time,0.8,5,3,1651384906032177085,1,0.0,22254.41598042763,22254.41598042763,1.0,0.905887623280268,1707,309
scenario3_daa_by_time,0.8,5,3,1651384906032177085,2,22254.41598042763,42719.647768508796,20465.231788081164,0.905887623280268,0.8923766256078415,1733,283
scenario3_daa_by_time,0.8,5,3,1651384906032177085,3,42719.647768508796,61477.354419583906,18757.70665107511,0.8923766256078415,0.9590891417007504,1707,309
scenario3_daa_by_time,0.8,5,3,1651384906032177085,4,61477.354419583906,82514.30787542432,21036.953455840412,0.9590891417007504,0.9191082319630819,1688,328
scenario3_daa_by_time,0.8,5,4,6181668097567700383,1,0.0,21475.96217325963,21475.96217325963,1.0,0.9387239480753894,1679,337
scenario3_daa_by_time,0.8,5,4,6181668097567700383,2,21475.96217325963,42246.831215624996,20770.869042365364,0.9387239480753894,0.911116176920671,1685,331
scenario3_daa_by_time,0.8,5,4,6181668097567700383,3,42246.831215624996,61416.73997219113,19169.908756566132,0.911116176920671,0.9581736856430907,1691,325
scenario3_daa_by_time,0.8,5,4,6181668097567700383,4,61416.73997219113,82526.6582853877,21109.918313196576,0.9581736856430907,0.9150571411964719,1694,322
scenario3_daa_by_time,0.8,5,5,4533408053655994740,1,0.0,21323.721038324406,21323.721038324406,1.0,0.9454259865699383,1720,296
scenario3_daa_by_time,0.8,5,5,4533408053655994740,2,21323.721038324406,41248.337830957236,19924.61679263283,0.9454259865699383,0.9565949542526384,1716,300
scenario3_daa_by_time,0.8,5,5,4533408053655994740,3,41248.337830957236,61306.53548843682,20058.197657479584,0.9565949542526384,0.9614500069771695,1704,312
scenario3_daa_by_time,0.8,5,5,4533408053655994740,4,61306.53548843682,82756.05643386864,21449.520945431817,0.9614500069771695,0.9036487197066175,1700,316
scenario3_daa_by_time,0.8,5,6,6485319716003618440,1,0.0,21951.410008735093,21951.410008735093,1.0,0.918392030032593,1703,313
scenario3_daa_by_time,0.8,5,6,6485319716003618440,2,21951.410008735093,42340.17165322625,20388.76164449116,0.918392030032593,0.908087683219328,1690,326
scenario3_daa_by_time,0.8,5,6,6485319716003618440,3,42340.17165322625,61242.65799869083,18902.486345464582,0.908087683219328,0.9684994534115458,1684,332
scenario3_daa_by_time,0.8,5,6,6485319716003618440,4,61242.65799869083,81858.16943125907,20615.511432568237,0.9684994534115458,0.9470999079814916,1726,290
scenario3_daa_by_time,0.8,5,7,648494489803209695,1,0.0,21644.54029523143,21644.54029523143,1.0,0.9314127130915092,1711,305
scenario3_daa_by_time,0.8,5,7,648494489803209695,2,21644.54029523143,41075.00836949381,19430.46807426238,0.9314127130915092,0.9663833225303118,1688,328
scenario3_daa_by_time,0.8,5,7,648494489803209695,3,41075.00836949381,61265.29541499485,20190.28704550104,0.9663833225303118,0.9649336702497393,1720,296
scenario3_daa_by_time,0.8,5,7,648494489803209695,4,61265.29541499485,82470.51474581321,21205.219330818363,0.9649336702497393,0.9173714493941998,1719,297
scenario3_daa_by_time,0.8,5,8,391008450279987422,1,0.0,21805.99572857806,21805.99572857806,1.0,0.9245163693020043,1696,320
scenario3_daa_by_time,0.8,5,8,391008450279987422,2,21805.99572857806,41948.435745480376,20142.440016902317,0.9245163693020043,0.9253223536715669,1697,319
scenario3_daa_by_time,0.8,5,8,391008450279987422,3,41948.435745480376,61677.09264932217,19728.656903841795,0.9253223536715669,0.9455534018834382,1669,347
scenario3_daa_by_time,0.8,5,8,391008450279987422,4,61677.09264932217,82056.36650956076,20379.273860238587,0.9455534018834382,0.9353795779329571,1666,350
scenario3_daa_by_time,0.8,5,9,7894485022339806959,1,0.0,21797.906215360694,21797.906215360694,1.0,0.9248594704840741,1721,295
scenario3_daa_by_time,0.8,5,9,7894485022339806959,2,21797.906215360694,42104.40495070511,20306.498735344416,0.9248594704840741,0.9181871856868238,1701,315
scenario3_daa_by_time,0.8,5,9,7894485022339806959,3,42104.40495070511,61819.95538291178,19715.55043220667,0.9181871856868238,0.9388859685706759,1675,341
scenario3_daa_by_time,0.8,5,9,7894485022339806959,4,61819.95538291178,82096.46341132717,20276.508028415396,0.9388859685706759,0.9334911662234595,1680,336
scenario3_daa_by_time,0.8,10,0,3503851644959525134,1,0.0,21486.087208158235,21486.087208158235,1.0,0.9382815868095927,1689,327
scenario3_daa_by_time,0.8,10,0,3503851644959525134,2,21486.087208158235,41211.46443446683,19725.377226308592,0.9382815868095927,0.9589553889419474,1665,351
scenario3_daa_by_time,0.8,10,0,3503851644959525134,3,41211.46443446683,62074.64900637722,20863.184571910395,0.9589553889419474,0.9266342141792893,1680,336
scenario3_daa_by_time,0.8,10,0,3503851644959525134,4,62074.64900637722,81602.49508160506,19527.846075227833,0.9266342141792893,0.9566311453853734,1719,297
scenario3_daa_by_time,0.8,10,0,3503851644959525134,5,81602.49508160506,102629.46211452753,21026.967032922475,0.9566311453853734,0.9171880975878749,1721,295
scenario3_daa_by_time,0.8,10,0,3503851644959525134,6,102629.46211452753,123199.76933479255,20570.307220265022,0.9171880975878749,0.8988933344250427,1711,305
scenario3_daa_by_time,0.8,10,0,3503851644959525134,7,123199.76933479255,143221.1231995841,20021.353864791556,0.8988933344250427,0.9051180926319203,1670,346
scenario3_daa_by_time,0.8,10,0,3503851644959525134,8,143221.1231995841,162682.94326339915,19461.820063815045,0.9051180926319203,0.9375886061852003,1684,332
scenario3_daa_by_time,0.8,10,0,3503851644959525134,9,162682.94326339915,183228.85465566107,20545.911392261914,0.9375886061852003,0.9199779917191947,1656,360
scenario3_daa_by_time,0.8,10,1,7935785611213081670,1,0.0,20801.168564408137,20801.168564408137,1.0,0.9691763199541967,1708,308
scenario3_daa_by_time,0.8,10,1,7935785611213081670,2,20801.168564408137,42015.062200192646,21213.89363578451,0.9691763199541967,0.9210282160233926,1725,291
scenario3_daa_by_time,0.8,10,1,7935785611213081670,3,42015.062200192646,62480.337141986245,20465.2749417936,0.9210282160233926,0.9072894885527631,1691,325
scenario3_daa_by_time,0.8,10,1,7935785611213081670,4,62480.337141986245,82278.59918421498,19798.262042228736,0.9072894885527631,0.9238667540721494,1680,336
scenario3_daa_by_time,0.8,10,1,7935785611213081670,5,82278.59918421498,102690.22136399588,20411.622179780898,0.9238667540721494,0.9124778813779933,1671,345
scenario3_daa_by_time,0.8,10,1,7935785611213081670,6,102690.22136399588,121883.7455423194,19193.524178323525,0.9124778813779933,0.9584250353228836,1702,314
scenario3_daa_by_time,0.8,10,1,7935785611213081670,7,121883.7455423194,142934.16034918182,21050.41480686242,0.9584250353228836,0.9178844640064018,1666,350
scenario3_daa_by_time,0.8,10,1,7935785611213081670,8,142934.16034918182,162814.26745299695,19880.107103815128,0.9178844640064018,0.9308073994640558,1690,326
scenario3_daa_by_time,0.8,10,1,7935785611213081670,9,162814.26745299695,183046.0395720531,20231.772119056142,0.9308073994640558,0.9275053644717899,1702,314
scenario3_daa_by_time,0.8,10,2,123106426734997399,1,0.0,21812.976620716356,21812.976620716356,1.0,0.9242204927159514,1722,294
scenario3_daa_by_time,0.8,10,2,123106426734997399,2,21812.976620716356,42067.6015705418,20254.624949825447,0.9242204927159514,0.9199027471162409,1686,330
scenario3_daa_by_time,0.8,10,2,123106426734997399,3,42067.6015705418,61633.20361304451,19565.60204250271,0.9199027471162409,0.9478491559614296,1751,265
scenario3_daa_by_time,0.8,10,2,123106426734997399,4,61633.20361304451,81710.59058556409,20077.386972519576,0.9478491559614296,0.9517492993653454,1691,325
scenario3_daa_by_time,0.8,10,2,123106426734997399,5,81710.59058556409,101975.71604663557,20265.125461071482,0.9517492993653454,0.9468120941103154,1690,326
scenario3_daa_by_time,0.8,10,2,123106426734997399,6,101975.71604663557,123223.12275980739,21247.40671317182,0.9468120941103154,0.8983558358409441,1684,332
scenario3_daa_by_time,0.8,10,2,123106426734997399,7,123223.12275980739,142559.1240787139,19336.00131890652,0.8983558358409441,0.9366390367818628,1694,322
scenario3_daa_by_time,0.8,10,2,123106426734997399,8,142559.1240787139,163409.7883472963,20850.66426858239,0.9366390367818628,0.9056134969270291,1703,313
scenario3_daa_by_time,0.8,10,2,123106426734997399,9,163409.7883472963,183428.94958123416,20019.161233937863,0.9056134969270291,0.9119846673245279,1740,276
scenario3_daa_by_time,0.8,10,3,3687000971266229211,1,0.0,21599.01914245272,21599.01914245272,1.0,0.9333757179915482,1724,292
scenario3_daa_by_time,0.8,10,3,3687000971266229211,2,21599.01914245272,41760.742544347195,20161.723401894476,0.9333757179915482,0.9332959340639254,1721,295
scenario3_daa_by_time,0.8,10,3,3687000971266229211,3,41760.742544347195,61295.04212154241,19534.299577195212,0.9332959340639254,0.9631902058415284,1700,316
scenario3_daa_by_time,0.8,10,3,3687000971266229211,4,61295.04212154241,81173.03692852646,19877.994806984054,0.9631902058415284,0.9768547953812126,1713,303
scenario3_daa_by_time,0.8,10,3,3687000971266229211,5,81173.03692852646,102493.09045903833,21320.05353051187,0.9768547953812126,0.9237027780770507,1691,325
scenario3_daa_by_time,0.8,10,3,3687000971266229211,6,102493.09045903833,122309.02295807099,19815.932499032657,0.9237027780770507,0.9397411909301969,1689,327
scenario3_daa_by_time,0.8,10,3,3687000971266229211,7,122309.02295807099,142824.72794638114,20515.704988310157,0.9397411909301969,0.9234477888986866,1723,293
scenario3_daa_by_time,0.8,10,3,3687000971266229211,8,142824.72794638114,162416.26525969393,19591.537313312787,0.9234477888986866,0.9502422972977801,1737,279
scenario3_daa_by_time,0.8,10,3,3687000971266229211,9,162416.26525969393,182902.8449124001,20486.57965270616,0.9502422972977801,0.9350943416751722,1700,316
scenario3_daa_by_time,0.8,10,4,904315550867501858,1,0.0,20965.46557042525,20965.46557042525,1.0,0.9615813172514769,1719,297
scenario3_daa_by_time,0.8,10,4,904315550867501858,2,20965.46557042525,41869.77661313314,20904.311042707886,0.9615813172514769,0.9273436142518588,1691,325
scenario3_daa_by_time,0.8,10,4,904315550867501858,3,41869.77661313314,62067.909742916134,20198.133129782997,0.9273436142518588,0.9255928329213032,1722,294
scenario3_daa_by_time,0.8,10,4,904315550867501858,4,62067.909742916134,82478.70326030641,20410.79351739028,0.9255928329213032,0.9142197972751493,1709,307
scenario3_daa_by_time,0.8,10,4,904315550867501858,5,82478.70326030641,102446.50151206656,19967.79825176015,0.9142197972751493,0.9230196980502025,1693,323
scenario3_daa_by_time,0.8,10,4,904315550867501858,6,102446.50151206656,122336.40666693595,19889.905154869382,0.9230196980502025,0.9355538383820051,1699,317
scenario3_daa_by_time,0.8,10,4,904315550867501858,7,122336.40666693595,142145.654601854,19809.247934918065,0.9355538383820051,0.9521192043103799,1689,327
scenario3_daa_by_time,0.8,10,4,904315550867501858,8,142145.654601854,162631.65695944,20486.002357585996,0.9521192043103799,0.9369677316174585,1718,298
scenario3_daa_by_time,0.8,10,4,904315550867501858,9,162631.65695944,182675.07476173431,20043.41780229431,0.9369677316174585,0.9424175884437117,1726,290
scenario3_daa_by_time,0.8,10,5,6974728945989275895,1,0.0,20788.714839604087,20788.714839604087,1.0,0.9697569164590042,1678,338
scenario3_daa_by_time,0.8,10,5,6974728945989275895,2,20788.714839604087,41908.78962855876,21120.074788954676,0.9697569164590042,0.9256737786761007,1692,324
scenario3_daa_by_time,0.8,10,5,6974728945989275895,3,41908.78962855876,62044.39167851282,20135.602049954054,0.9256737786761007,0.9267954010917082,1707,309
scenario3_daa_by_time,0.8,10,5,6974728945989275895,4,62044.39167851282,82411.5525313251,20367.16085281228,0.9267954010917082,0.9173686711188781,1694,322
scenario3_daa_by_time,0.8,10,5,6974728945989275895,5,82411.5525313251,102052.36195014534,19640.809418820238,0.9173686711188781,0.9416186479583216,1681,335
scenario3_daa_by_time,0.8,10,5,6974728945989275895,6,102052.36195014534,122414.105816006,20361.74386586067,0.9416186479583216,0.9322891039144977,1716,300
scenario3_daa_by_time,0.8,10,5,6974728945989275895,7,122414.105816006,143056.2460221658,20642.140206159806,0.9322891039144977,0.9105135488474052,1682,334
scenario3_daa_by_time,0.8,10,5,6974728945989275895,8,143056.2460221658,162967.8377666287,19911.5917444629,0.9105135488474052,0.9218727151669422,1684,332
scenario3_daa_by_time,0.8,10,5,6974728945989275895,9,162967.8377666287,183468.68640134277,20500.848634714057,0.9218727151669422,0.906545590814991,1685,331
scenario3_daa_by_time,0.8,10,6,5017436094922024215,1,0.0,21794.955059829284,21794.955059829284,1.0,0.9249847014898094,1717,299
scenario3_daa_by_time,0.8,10,6,5017436094922024215,2,21794.955059829284,41690.300898200316,19895.34583837103,0.9249847014898094,0.9372891395569413,1696,320
scenario3_daa_by_time,0.8,10,6,5017436094922024215,3,41690.300898200316,62234.57837602297,20544.277477822652,0.9372891395569413,0.9197572936729321,1696,320
scenario3_daa_by_time,0.8,10,6,5017436094922024215,4,62234.57837602297,81908.17764789872,19673.599271875748,0.9197572936729321,0.9424969363360639,1683,333
scenario3_daa_by_time,0.8,10,6,5017436094922024215,5,81908.17764789872,102461.59909454091,20553.421446642198,0.9424969363360639,0.9244562169788617,1702,314
scenario3_daa_by_time,0.8,10,6,5017436094922024215,6,102461.59909454091,123338.57866720321,20876.979572662298,0.9244562169788617,0.892707552327082,1715,301
scenario3_daa_by_time,0.8,10,6,5017436094922024215,7,123338.57866720321,142160.91487523945,18822.336208036242,0.892707552327082,0.9561503979102295,1692,324
scenario3_daa_by_time,0.8,10,6,5017436094922024215,8,142160.91487523945,163425.88694591346,21264.972070674004,0.9561503979102295,0.9064668393547185,1680,336
scenario3_daa_by_time,0.8,10,6,5017436094922024215,9,163425.88694591346,183594.4806236741,20168.593677760655,0.9064668393547185,0.9060806010258298,1680,336
scenario3_daa_by_time,0.8,10,7,4753630626138216563,1,0.0,21469.04424506885,21469.04424506885,1.0,0.9390264312595322,1668,348
scenario3_daa_by_time,0.8,10,7,4753630626138216563,2,21469.04424506885,41937.907474548396,20468.863229479546,0.9390264312595322,0.9248570690983855,1710,306
scenario3_daa_by_time,0.8,10,7,4753630626138216563,3,41937.907474548396,61968.37581875117,20030.468344202774,0.9248570690983855,0.9308378712183097,1688,328
scenario3_daa_by_time,0.8,10,7,4753630626138216563,4,61968.37581875117,82090.12084284161,20121.745024090444,0.9308378712183097,0.9326075577090454,1697,319
scenario3_daa_by_time,0.8,10,7,4753630626138216563,5,82090.12084284161,101664.74122708935,19574.62038424774,0.9326075577090454,0.9604972149827413,1678,338
scenario3_daa_by_time,0.8,10,7,4753630626138216563,6,101664.74122708935,122391.2742033688,20726.532976279443,0.9604972149827413,0.9342432656833073,1680,336
scenario3_daa_by_time,0.8,10,7,4753630626138216563,7,122391.2742033688,142851.2193248423,20459.9451214735,0.9342432656833073,0.920547153198769,1669,347
scenario3_daa_by_time,0.8,10,7,4753630626138216563,8,142851.2193248423,163529.38621209655,20678.16688725425,0.920547153198769,0.8974794869232935,1692,324
scenario3_daa_by_time,0.8,10,7,4753630626138216563,9,163529.38621209655,183057.46568182265,19528.0794697261,0.8974794869232935,0.9265215498750411,1696,320
scenario3_daa_by_time,0.8,10,8,632313381988977881,1,0.0,21667.738152838214,21667.738152838214,1.0,0.9304155264290602,1709,307
scenario3_daa_by_time,0.8,10,8,632313381988977881,2,21667.738152838214,42220.45457448429,20552.716421646077,0.9304155264290602,0.9126373676354934,1726,290
scenario3_daa_by_time,0.8,10,8,632313381988977881,3,42220.45457448429,61215.7489279004,18995.29435341611,0.9126373676354934,0.968596168567544,1676,340
scenario3_daa_by_time,0.8,10,8,632313381988977881,4,61215.7489279004,82327.87811569365,21112.129187793245,0.968596168567544,0.9249137585616842,1679,337
scenario3_daa_by_time,0.8,10,8,632313381988977881,5,82327.87811569365,103189.70152406611,20861.823408372467,0.9249137585616842,0.8937982556750171,1688,328
scenario3_daa_by_time,0.8,10,8,632313381988977881,6,103189.70152406611,121735.13709947786,18545.435575411742,0.8937982556750171,0.9716122741435417,1735,281
scenario3_daa_by_time,0.8,10,8,632313381988977881,7,121735.13709947786,142830.73556204906,21095.5984625712,0.9716122741435417,0.928520870431205,1691,325
scenario3_daa_by_time,0.8,10,8,632313381988977881,8,142830.73556204906,162823.4276046848,19992.692042635754,0.928520870431205,0.9362911561871514,1743,273
scenario3_daa_by_time,0.8,10,8,632313381988977881,9,162823.4276046848,182592.84205375647,19769.414449071657,0.9362911561871514,0.9547895187972725,1686,330
scenario3_daa_by_time,0.8,10,9,4616421834135361793,1,0.0,22003.295314445564,22003.295314445564,1.0,0.9162263975416716,1704,312
scenario3_daa_by_time,0.8,10,9,4616421834135361793,2,22003.295314445564,41800.38369365318,19797.088379207617,0.9162263975416716,0.933022261689747,1703,313
scenario3_daa_by_time,0.8,10,9,4616421834135361793,3,41800.38369365318,62287.21110300125,20486.827409348072,0.933022261689747,0.9181377096525195,1671,345
scenario3_daa_by_time,0.8,10,9,4616421834135361793,4,62287.21110300125,81841.27885247977,19554.067749478512,0.9181377096525195,0.9465885289820799,1704,312
scenario3_daa_by_time,0.8,10,9,4616421834135361793,5,81841.27885247977,101857.01236312314,20015.733510643375,0.9465885289820799,0.9534112119414069,1677,339
scenario3_daa_by_time,0.8,10,9,4616421834135361793,6,101857.01236312314,122525.6909686201,20668.678605496956,0.9534112119414069,0.9299467275874561,1687,329
scenario3_daa_by_time,0.8,10,9,4616421834135361793,7,122525.6909686201,142952.5835672835,20426.8925986634,0.9299467275874561,0.917796279468853,1690,326
scenario3_daa_by_time,0.8,10,9,4616421834135361793,8,142952.5835672835,163480.10062747254,20527.517060189042,0.917796279468853,0.9013643949163368,1680,336
scenario3_daa_by_time,0.8,10,9,4616421834135361793,9,163480.10062747254,182979.48331322463,19499.38268575209,0.9013643949163368,0.9319016142388444,1702,314
