alpha,attacker,honest,orphans,attacker_ci,honest_ci,orphans_ci
0.55,0.562694,0.437306,0.32785,0.0091529,0.0091529,0.00236591
0.6,0.685028,0.314972,0.315443,0.00800822,0.00800822,0.0019329
0.65,0.788908,0.211092,0.29305,0.00615511,0.00615511,0.00193325
0.7,0.865624,0.134376,0.265632,0.00591666,0.00591666,0.00176075
0.75,0.923836,0.0761643,0.231276,0.00505974,0.00505974,0.00241041
0.8,0.962245,0.0377553,0.192436,0.00254381,0.00254381,0.00236253
0.85,0.985019,0.0149814,0.146211,0.00204027,0.00204027,0.00290233
0.9,0.996944,0.00305583,0.0971405,0.000736432,0.000736432,0.00233159
0.95,0.999538,0.00046248,0.049165,0.00040845,0.00040845,0.00168064
