strategy,alpha,difficulty,difficulty_ci
OCW,0.55,0.801513,0.00622345
OCW,0.6,0.80633,0.0058109
OCW,0.65,0.814484,0.00609048
OCW,0.7,0.82608,0.00655979
OCW,0.75,0.839718,0.00647886
OCW,0.8,0.858013,0.00665203
OCW,0.85,0.894248,0.00774545
OCW,0.9,0.912143,0.00662021
OCW,0.95,0.953545,0.00708927
SM,0.55,0.45324,0.00431307
SM,0.6,0.401833,0.00312541
SM,0.65,0.34768,0.00254358
SM,0.7,0.301132,0.00278107
SM,0.75,0.250102,0.00181374
SM,0.8,0.200322,0.00109682
SM,0.85,0.150558,0.00128359
SM,0.9,0.100845,0.000956737
SM,0.95,0.0501508,0.000498347
