strategy,daa,alpha,n,attacker,honest,attacker_ci,honest_ci
OCW,canonical,0.65,1,0.905703,0.659061,0.0107708,0.0143478
OCW,canonical,0.65,2,0.974232,0.719884,0.00512671,0.00873229
OCW,canonical,0.65,3,1.02027,0.742237,0.00600328,0.00873822
OCW,canonical,0.65,4,1.04391,0.755374,0.00316499,0.00673573
OCW,canonical,0.65,5,1.05511,0.770323,0.00382317,0.00569644
OCW,canonical,0.65,6,1.06264,0.776132,0.00283019,0.00626989
OCW,canonical,0.65,7,1.06896,0.777116,0.00339912,0.00658768
OCW,canonical,0.65,8,1.07068,0.786222,0.0031156,0.00567778
OCW,canonical,0.65,9,1.07526,0.787446,0.00312199,0.00524066
OCW,canonical,0.65,10,1.07735,0.789201,0.00254844,0.00464801
OCW,canonical,0.75,1,0.944422,0.51918,0.0084419,0.0154528
OCW,canonical,0.75,2,1.02005,0.571296,0.00621352,0.00990894
OCW,canonical,0.75,3,1.05685,0.591446,0.00448083,0.0104174
OCW,canonical,0.75,4,1.07032,0.606134,0.00278021,0.00706444
OCW,canonical,0.75,5,1.08502,0.595185,0.00300731,0.00572407
OCW,canonical,0.75,6,1.08918,0.607848,0.00275977,0.00593783
OCW,canonical,0.75,7,1.09398,0.608834,0.00221323,0.00470971
OCW,canonical,0.75,8,1.09816,0.611566,0.00269721,0.00636241
OCW,canonical,0.75,9,1.10178,0.610927,0.00191163,0.0057991
OCW,canonical,0.75,10,1.10352,0.614643,0.00205465,0.00620892
SM,canonical,0.65,1,0.998932,0,0.0101638,0
SM,canonical,0.65,2,1.1163,0,0.00837747,0
SM,canonical,0.65,3,1.25854,0,0.0046081,0
SM,canonical,0.65,4,1.33162,0,0.00289208,0
SM,canonical,0.65,5,1.3714,0,0.00258927,0
SM,canonical,0.65,6,1.39933,0,0.00243494,0
SM,canonical,0.65,7,1.41901,0,0.00207168,0
SM,canonical,0.65,8,1.43482,0,0.00132407,0
SM,canonical,0.65,9,1.44577,0,0.00147773,0
SM,canonical,0.65,10,1.456,0,0.00121493,0
SM,canonical,0.75,1,1.006,0,0.00937041,0
SM,canonical,0.75,2,1.10874,0,0.00488117,0
SM,canonical,0.75,3,1.18695,0,0.00346002,0
SM,canonical,0.75,4,1.22399,0,0.00273247,0
SM,canonical,0.75,5,1.24434,0,0.00208639,0
SM,canonical,0.75,6,1.25811,0,0.00184943,0
SM,canonical,0.75,7,1.26944,0,0.00114455,0
SM,canonical,0.75,8,1.2768,0,0.00122923,0
SM,canonical,0.75,9,1.28252,0,0.00126239,0
SM,canonical,0.75,10,1.28854,0,0.000950609,0
OCW,public,0.65,1,0.891178,0.660336,0.00753734,0.0134522
OCW,public,0.65,2,0.930912,0.675572,0.00518903,0.00945455
OCW,public,0.65,3,0.93917,0.687169,0.00473219,0.00850013
OCW,public,0.65,4,0.944107,0.691232,0.00393845,0.00771757
OCW,public,0.65,5,0.950595,0.689059,0.00390099,0.00656894
OCW,public,0.65,6,0.950193,0.693279,0.00379015,0.0076801
OCW,public,0.65,7,0.951999,0.692332,0.00299287,0.00591029
OCW,public,0.65,8,0.953373,0.695283,0.00337488,0.00573079
OCW,public,0.65,9,0.95586,0.694502,0.00227475,0.00493631
OCW,public,0.65,10,0.956349,0.693835,0.00217063,0.00459121
OCW,public,0.75,1,0.947531,0.535185,0.0115001,0.016748
OCW,public,0.75,2,0.965906,0.52791,0.0046254,0.0114089
OCW,public,0.75,3,0.971627,0.544048,0.00380945,0.00925899
OCW,public,0.75,4,0.976912,0.545222,0.00380921,0.00745556
OCW,public,0.75,5,0.976495,0.551111,0.00288611,0.00756352
OCW,public,0.75,6,0.980225,0.543607,0.00259521,0.00608356
OCW,public,0.75,7,0.980373,0.543622,0.00253257,0.00572843
OCW,public,0.75,8,0.981313,0.544403,0.00254906,0.00607732
OCW,public,0.75,9,0.982278,0.541755,0.00209095,0.00555858
OCW,public,0.75,10,0.981801,0.545205,0.00150068,0.00454074
