alpha,w,share,orphans,share_ci,orphans_ci
0.3,0,0.298776,0,0.00322831,0
0.3,0.25,0.279696,0.0137079,0.00436804,0.000941346
0.3,0.5,0.264881,0.024339,0.00335721,0.00160198
0.3,1,0.248661,0.0383564,0.00353845,0.00114948
0.3,2,0.23168,0.0525875,0.0038774,0.0013443
0.3,5,0.219511,0.059663,0.00502221,0.00172389
0.3,10,0.217014,0.0601376,0.00386275,0.00144682
0.35,0,0.352414,0,0.00473148,0
0.35,0.25,0.332407,0.0176479,0.0048364,0.00100091
0.35,0.5,0.323099,0.0309361,0.00415013,0.00157965
0.35,1,0.308185,0.0477702,0.00401971,0.00132244
0.35,2,0.286524,0.0644215,0.00588811,0.00164279
0.35,5,0.280489,0.073332,0.0037101,0.00125649
0.35,10,0.27877,0.0723272,0.00515064,0.0016713
0.4,0,0.399157,0,0.00382243,0
0.4,0.25,0.387517,0.019477,0.0054036,0.00113973
0.4,0.5,0.383118,0.0360355,0.00451475,0.00146876
0.4,1,0.370503,0.0562835,0.00391865,0.0013271
0.4,2,0.356035,0.0762333,0.00582712,0.00182265
0.4,5,0.354514,0.0883705,0.00595374,0.00193319
0.4,10,0.347801,0.085897,0.00517507,0.00172391
0.45,0,0.453439,0,0.00478559,0
0.45,0.25,0.443849,0.0251175,0.00366492,0.00123488
0.45,0.5,0.442609,0.0420937,0.00460356,0.001582
0.45,1,0.439418,0.0662873,0.00530213,0.00203713
0.45,2,0.42748,0.0869585,0.00580297,0.00176121
0.45,5,0.420007,0.0995924,0.00526226,0.00150798
0.45,10,0.425777,0.0999385,0.0057609,0.00159639
0.5,0,0.498876,0,0.00363382,0
0.5,0.25,0.496396,0.0264852,0.00432082,0.00109546
0.5,0.5,0.496825,0.0459038,0.0055032,0.00149125
0.5,1,0.501571,0.0742829,0.00549638,0.00179747
0.5,2,0.497057,0.0969162,0.00604066,0.00199672
0.5,5,0.5021,0.111236,0.00563644,0.00193176
0.5,10,0.501108,0.110334,0.00591815,0.00148029
0.55,0,0.550794,0,0.00403467,0
0.55,0.25,0.555506,0.0289348,0.00389736,0.00132849
0.55,0.5,0.56379,0.0502766,0.00503838,0.00156433
0.55,1,0.564319,0.0779359,0.00552344,0.00186146
0.55,2,0.570569,0.106053,0.00539339,0.00176007
0.55,5,0.573793,0.11955,0.00632321,0.00240023
0.55,10,0.576091,0.121274,0.00594634,0.00177344
0.6,0,0.60119,0,0.00360442,0
0.6,0.25,0.611938,0.0303862,0.00367851,0.00114107
0.6,0.5,0.617229,0.0541106,0.00505232,0.00147876
0.6,1,0.628704,0.0833109,0.00475941,0.00155557
0.6,2,0.639087,0.109901,0.00540539,0.00150403
0.6,5,0.647718,0.124928,0.00497846,0.0019894
0.6,10,0.645685,0.125352,0.00634747,0.00179253
0.65,0,0.650976,0,0.0036268,0
0.65,0.25,0.667642,0.0325759,0.00301213,0.000963206
0.65,0.5,0.676273,0.0550883,0.00324213,0.00137319
0.65,1,0.693651,0.0858853,0.00520406,0.00164831
0.65,2,0.713905,0.114064,0.00483077,0.00184231
0.65,5,0.71961,0.127928,0.00500122,0.00165911
0.65,10,0.721114,0.128441,0.00450033,0.00128988
0.7,0,0.701042,0,0.00413824,0
0.7,0.25,0.721925,0.0313007,0.00334606,0.00123611
0.7,0.5,0.732804,0.0550372,0.00408332,0.00165385
0.7,1,0.755572,0.0848312,0.00435831,0.00175179
0.7,2,0.775132,0.1113,0.00329031,0.00152906
0.7,5,0.787037,0.128076,0.00450749,0.00177022
0.7,10,0.783019,0.127607,0.00486819,0.00143339
0.75,0,0.751174,0,0.0040454,0
0.75,0.25,0.771974,0.0303082,0.0045425,0.00115588
0.75,0.5,0.785764,0.0521869,0.00349588,0.00132912
0.75,1,0.804563,0.0808916,0.00493299,0.00188577
0.75,2,0.833135,0.108937,0.00414937,0.00177443
0.75,5,0.840939,0.122339,0.00402408,0.00152699
0.75,10,0.843998,0.124536,0.00329837,0.00153723
0.8,0,0.798793,0,0.00307496,0
0.8,0.25,0.821677,0.0279995,0.003322,0.0012754
0.8,0.5,0.837946,0.0480636,0.0028527,0.00159563
0.8,1,0.862682,0.0755761,0.00366749,0.0015964
0.8,2,0.885334,0.10022,0.00286218,0.00159248
0.8,5,0.895933,0.111993,0.00322834,0.00193644
0.8,10,0.895866,0.111707,0.00326998,0.00188712
