alpha,k,revenue,revenue_ci
0.05,1,0.00493957,0.000113954
0.05,2,0.005105,0.000112585
0.05,3,0.00352234,0.000114393
0.05,4,0.00263529,8.68684e-05
0.1,1,0.0192394,0.00026205
0.1,2,0.0206501,0.000265245
0.1,3,0.014913,0.000286936
0.1,4,0.0112219,0.00023894
0.15,1,0.0423716,0.00035513
0.15,2,0.0468839,0.000371307
0.15,3,0.0359968,0.000432967
0.15,4,0.02801,0.000290437
0.2,1,0.0734882,0.000523713
0.2,2,0.084781,0.000615375
0.2,3,0.0690727,0.000565869
0.2,4,0.0546237,0.000574351
0.25,1,0.113545,0.000582254
0.25,2,0.133262,0.000847513
0.25,3,0.115294,0.000863503
0.25,4,0.0961172,0.000802939
0.3,1,0.162273,0.000986141
0.3,2,0.196153,0.00101085
0.3,3,0.178791,0.00102444
0.3,4,0.154259,0.00101269
0.35,1,0.221559,0.00119329
0.35,2,0.269736,0.00121165
0.35,3,0.262006,0.00131166
0.35,4,0.237514,0.00141175
0.4,1,0.290743,0.00205868
0.4,2,0.363519,0.00221923
0.4,3,0.366413,0.00207171
0.4,4,0.352973,0.00175116
0.45,1,0.375442,0.00447014
0.45,2,0.48411,0.00402815
0.45,3,0.510388,0.00238663
0.45,4,0.51328,0.00399073
