base_height,block_id,bn1_id,bn_id,canonical_height,canonical_tip,deadline,event,height,miner,new_tip,old_tip,parent_id,private_bn_id,race_tip_id,state,t,t_publish
0,,,,0,0,10.076884129407365,mine_A_start_withhold,,,,,,1,,WITHHOLD,6.357824940837203,
,,,,1,1,,reorg_or_tip_change,,,1,0,,,,WITHHOLD,10.076884129407365,
,1,,,1,1,,publish,1,A,,,0,,,WITHHOLD,10.076884129407365,10.076884129407365
,,,1,1,1,,release_bn,,,,,,,,WITHHOLD,10.076884129407365,
,,,,1,1,,release_no_race,,,,,,,,WITHHOLD,10.076884129407365,
1,,,,1,1,15.774182699987549,mine_A_start_withhold,,,,,,2,,WITHHOLD,12.055123511417387,
,,,,2,2,,reorg_or_tip_change,,,2,1,,,,WITHHOLD,15.774182699987549,
,2,,,2,2,,publish,2,A,,,1,,,WITHHOLD,15.774182699987549,15.774182699987549
,,,2,2,2,,release_bn,,,,,,,,WITHHOLD,15.774182699987549,
,,,,2,2,,release_no_race,,,,,,,,WITHHOLD,15.774182699987549,
2,,,,2,2,21.205254811278873,mine_A_start_withhold,,,,,,3,,WITHHOLD,17.48619562270871,
,,,,3,3,,reorg_or_tip_change,,,3,2,,,,WITHHOLD,21.205254811278873,
,3,,,3,3,,publish,3,A,,,2,,,WITHHOLD,21.205254811278873,21.205254811278873
,,,3,3,3,,release_bn,,,,,,,,WITHHOLD,21.205254811278873,
,,,,3,3,,release_no_race,,,,,,,,WITHHOLD,21.205254811278873,
,,,,4,4,,reorg_or_tip_change,,,4,3,,,,IDLE,21.725591292638597,
,4,,,4,4,,publish,4,H,,,3,,,IDLE,21.725591292638597,21.725591292638597
,4,,,4,4,,mine_H_publish,,,,,,,,IDLE,21.725591292638597,
4,,,,4,4,36.5173609313338,mine_A_start_withhold,,,,,,5,,WITHHOLD,32.798301742763634,
,,,,5,5,,reorg_or_tip_change,,,5,4,,,,WITHHOLD,36.5173609313338,
,5,,,5,5,,publish,5,A,,,4,,,WITHHOLD,36.5173609313338,36.5173609313338
,,,5,5,5,,release_bn,,,,,,,,WITHHOLD,36.5173609313338,
,,,,5,5,,release_no_race,,,,,,,,WITHHOLD,36.5173609313338,
,,,,6,6,,reorg_or_tip_change,,,6,5,,,,IDLE,36.59002211476652,
,6,,,6,6,,publish,6,H,,,5,,,IDLE,36.59002211476652,36.59002211476652
,6,,,6,6,,mine_H_publish,,,,,,,,IDLE,36.59002211476652,
6,,,,6,6,47.55309368933153,mine_A_start_withhold,,,,,,7,,WITHHOLD,43.83403450076137,
,,,,7,7,,reorg_or_tip_change,,,7,6,,,,WITHHOLD,45.28436392541967,
,7,,,7,7,,publish,7,A,,,6,,,WITHHOLD,45.28436392541967,45.28436392541967
,,,,8,8,,reorg_or_tip_change,,,8,7,,,,WITHHOLD,45.28436392541967,
,8,,,8,8,,publish,8,A,,,7,,,WITHHOLD,45.28436392541967,45.28436392541967
,,8,7,8,8,,mine_A_withhold_success,,,,,,,,WITHHOLD,45.28436392541967,
8,,,,8,8,57.70623757047202,mine_A_start_withhold,,,,,,9,,WITHHOLD,53.987178381901856,
,,,,9,9,,reorg_or_tip_change,,,9,8,,,,WITHHOLD,57.70623757047202,
,9,,,9,9,,publish,9,A,,,8,,,WITHHOLD,57.70623757047202,57.70623757047202
,,,9,9,9,,release_bn,,,,,,,,WITHHOLD,57.70623757047202,
,,,,9,9,,release_no_race,,,,,,,,WITHHOLD,57.70623757047202,
,,,,10,10,,reorg_or_tip_change,,,10,9,,,,IDLE,68.34668534839656,
,10,,,10,10,,publish,10,H,,,9,,,IDLE,68.34668534839656,68.34668534839656
,10,,,10,10,,mine_H_publish,,,,,,,,IDLE,68.34668534839656,
10,,,,10,10,74.46263128133856,mine_A_start_withhold,,,,,,11,,WITHHOLD,70.7435720927684,
,,,,11,11,,reorg_or_tip_change,,,11,10,,,,WITHHOLD,74.46263128133856,
,11,,,11,11,,publish,11,A,,,10,,,WITHHOLD,74.46263128133856,74.46263128133856
,,,11,11,11,,release_bn,,,,,,,,WITHHOLD,74.46263128133856,
,,,,11,11,,release_no_race,,,,,,,,WITHHOLD,74.46263128133856,
11,,,,11,11,78.40901479170009,mine_A_start_withhold,,,,,,12,,WITHHOLD,74.68995560312993,
,,,,12,13,,reorg_or_tip_change,,,13,11,,,,WITHHOLD,76.79374537859276,
,13,,,12,13,,publish,12,H,,,11,,,WITHHOLD,76.79374537859276,76.79374537859276
,13,,,12,13,,mine_H_publish,,,,,,,,WITHHOLD,76.79374537859276,
,12,,,12,13,,publish,12,A,,,11,,,WITHHOLD,78.40901479170009,78.40901479170009
,,,12,12,13,,release_bn,,,,,,,,WITHHOLD,78.40901479170009,
,,,,12,13,,release_enter_race,,,,,,,12,RACE,78.40901479170009,
,,,,13,14,,reorg_or_tip_change,,,14,13,,,,RACE,94.34979083481919,
,14,,,13,14,,publish,13,A,,,12,,,RACE,94.34979083481919,94.34979083481919
,14,,,13,14,,mine_A_race_success,,,,,,,,RACE,94.34979083481919,
13,,,,13,14,114.28063480128174,mine_A_start_withhold,,,,,,15,,WITHHOLD,110.56157561271158,
,,,,14,15,,reorg_or_tip_change,,,15,14,,,,WITHHOLD,114.28063480128174,
,15,,,14,15,,publish,14,A,,,14,,,WITHHOLD,114.28063480128174,114.28063480128174
,,,15,14,15,,release_bn,,,,,,,,WITHHOLD,114.28063480128174,
,,,,14,15,,release_no_race,,,,,,,,WITHHOLD,114.28063480128174,
14,,,,14,15,129.38842715565144,mine_A_start_withhold,,,,,,16,,WITHHOLD,125.66936796708127,
,,,,15,16,,reorg_or_tip_change,,,16,15,,,,WITHHOLD,128.12959663878948,
,16,,,15,16,,publish,15,A,,,15,,,WITHHOLD,128.12959663878948,128.12959663878948
,,,,16,17,,reorg_or_tip_change,,,17,16,,,,WITHHOLD,128.12959663878948,
,17,,,16,17,,publish,16,A,,,16,,,WITHHOLD,128.12959663878948,128.12959663878948
,,17,16,16,17,,mine_A_withhold_success,,,,,,,,WITHHOLD,128.12959663878948,
16,,,,16,17,138.14643950384206,mine_A_start_withhold,,,,,,18,,WITHHOLD,134.4273803152719,
,,,,17,18,,reorg_or_tip_change,,,18,17,,,,WITHHOLD,138.14643950384206,
,18,,,17,18,,publish,17,A,,,17,,,WITHHOLD,138.14643950384206,138.14643950384206
,,,18,17,18,,release_bn,,,,,,,,WITHHOLD,138.14643950384206,
,,,,17,18,,release_no_race,,,,,,,,WITHHOLD,138.14643950384206,
17,,,,17,18,142.49991420580028,mine_A_start_withhold,,,,,,19,,WITHHOLD,138.78085501723012,
,,,,18,19,,reorg_or_tip_change,,,19,18,,,,WITHHOLD,142.49991420580028,
,19,,,18,19,,publish,18,A,,,18,,,WITHHOLD,142.49991420580028,142.49991420580028
,,,19,18,19,,release_bn,,,,,,,,WITHHOLD,142.49991420580028,
,,,,18,19,,release_no_race,,,,,,,,WITHHOLD,142.49991420580028,
,,,,19,20,,reorg_or_tip_change,,,20,19,,,,IDLE,147.67112367199283,
,20,,,19,20,,publish,19,H,,,19,,,IDLE,147.67112367199283,147.67112367199283
,20,,,19,20,,mine_H_publish,,,,,,,,IDLE,147.67112367199283,
19,,,,19,20,154.78720943012684,mine_A_start_withhold,,,,,,21,,WITHHOLD,151.06815024155668,
,,,,20,22,,reorg_or_tip_change,,,22,20,,,,WITHHOLD,153.742995734325,
,22,,,20,22,,publish,20,H,,,20,,,WITHHOLD,153.742995734325,153.742995734325
,22,,,20,22,,mine_H_publish,,,,,,,,WITHHOLD,153.742995734325,
,21,,,20,22,,publish,20,A,,,20,,,WITHHOLD,154.78720943012684,154.78720943012684
,,,21,20,22,,release_bn,,,,,,,,WITHHOLD,154.78720943012684,
,,,,20,22,,release_enter_race,,,,,,,21,RACE,154.78720943012684,
,,,,21,23,,reorg_or_tip_change,,,23,22,,,,RACE,158.9570878011171,
,23,,,21,23,,publish,21,A,,,21,,,RACE,158.9570878011171,158.9570878011171
,23,,,21,23,,mine_A_race_success,,,,,,,,RACE,158.9570878011171,
,,,,22,24,,reorg_or_tip_change,,,24,23,,,,IDLE,163.99040173544194,
,24,,,22,24,,publish,22,H,,,23,,,IDLE,163.99040173544194,163.99040173544194
,24,,,22,24,,mine_H_publish,,,,,,,,IDLE,163.99040173544194,
,,,,23,25,,reorg_or_tip_change,,,25,24,,,,IDLE,165.99490275570594,
,25,,,23,25,,publish,23,H,,,24,,,IDLE,165.99490275570594,165.99490275570594
,25,,,23,25,,mine_H_publish,,,,,,,,IDLE,165.99490275570594,
23,,,,23,25,179.3995473675089,mine_A_start_withhold,,,,,,26,,WITHHOLD,175.68048817893873,
,,,,24,26,,reorg_or_tip_change,,,26,25,,,,WITHHOLD,176.34778909320133,
,26,,,24,26,,publish,24,A,,,25,,,WITHHOLD,176.34778909320133,176.34778909320133
,,,,25,27,,reorg_or_tip_change,,,27,26,,,,WITHHOLD,176.34778909320133,
,27,,,25,27,,publish,25,A,,,26,,,WITHHOLD,176.34778909320133,176.34778909320133
,,27,26,25,27,,mine_A_withhold_success,,,,,,,,WITHHOLD,176.34778909320133,
25,,,,25,27,190.2053616247009,mine_A_start_withhold,,,,,,28,,WITHHOLD,186.48630243613076,
,,,,26,28,,reorg_or_tip_change,,,28,27,,,,WITHHOLD,190.2053616247009,
,28,,,26,28,,publish,26,A,,,27,,,WITHHOLD,190.2053616247009,190.2053616247009
,,,28,26,28,,release_bn,,,,,,,,WITHHOLD,190.2053616247009,
,,,,26,28,,release_no_race,,,,,,,,WITHHOLD,190.2053616247009,
26,,,,26,28,199.13103646900495,mine_A_start_withhold,,,,,,29,,WITHHOLD,195.4119772804348,
,,,,27,29,,reorg_or_tip_change,,,29,28,,,,WITHHOLD,199.13103646900495,
,29,,,27,29,,publish,27,A,,,28,,,WITHHOLD,199.13103646900495,199.13103646900495
,,,29,27,29,,release_bn,,,,,,,,WITHHOLD,199.13103646900495,
,,,,27,29,,release_no_race,,,,,,,,WITHHOLD,199.13103646900495,
27,,,,27,29,207.12689098440154,mine_A_start_withhold,,,,,,30,,WITHHOLD,203.40783179583138,
,,,,28,30,,reorg_or_tip_change,,,30,29,,,,WITHHOLD,207.12689098440154,
,30,,,28,30,,publish,28,A,,,29,,,WITHHOLD,207.12689098440154,207.12689098440154
,,,30,28,30,,release_bn,,,,,,,,WITHHOLD,207.12689098440154,
,,,,28,30,,release_no_race,,,,,,,,WITHHOLD,207.12689098440154,
28,,,,28,30,215.52856926041267,mine_A_start_withhold,,,,,,31,,WITHHOLD,211.8095100718425,
,,,,29,32,,reorg_or_tip_change,,,32,30,,,,WITHHOLD,214.85527061348117,
,32,,,29,32,,publish,29,H,,,30,,,WITHHOLD,214.85527061348117,214.85527061348117
,32,,,29,32,,mine_H_publish,,,,,,,,WITHHOLD,214.85527061348117,
,,,,30,33,,reorg_or_tip_change,,,33,32,,,,WITHHOLD,215.1147126401133,
,33,,,30,33,,publish,30,H,,,32,,,WITHHOLD,215.1147126401133,215.1147126401133
,33,,,30,33,,mine_H_publish,,,,,,,,WITHHOLD,215.1147126401133,
,,,,30,33,,withhold_abort_honest_advanced,,,,,,,,WITHHOLD,215.1147126401133,
